-- phpMyAdmin SQL Dump
-- version 4.6.5.2
-- https://www.phpmyadmin.net/
--
-- Servidor: 127.0.0.1
-- Tiempo de generación: 08-10-2017 a las 00:13:09
-- Versión del servidor: 10.1.21-MariaDB
-- Versión de PHP: 5.6.30

SET SQL_MODE = "NO_AUTO_VALUE_ON_ZERO";
SET time_zone = "+00:00";


/*!40101 SET @OLD_CHARACTER_SET_CLIENT=@@CHARACTER_SET_CLIENT */;
/*!40101 SET @OLD_CHARACTER_SET_RESULTS=@@CHARACTER_SET_RESULTS */;
/*!40101 SET @OLD_COLLATION_CONNECTION=@@COLLATION_CONNECTION */;
/*!40101 SET NAMES utf8mb4 */;

--
-- Base de datos: `relevamiento`
--

-- --------------------------------------------------------

--
-- Estructura de tabla para la tabla `acceso`
--

CREATE TABLE `acceso` (
  `idacceso` int(11) NOT NULL,
  `bus_idbus` int(11) NOT NULL,
  `instalacion_idinstalacion` int(11) NOT NULL,
  `usuario_idusuario` int(11) NOT NULL,
  `molinete` varchar(45) NOT NULL,
  `estado_molinete` varchar(45) NOT NULL,
  `placa_molinete` varchar(45) NOT NULL,
  `val_conectordb9` varchar(45) NOT NULL,
  `val_estadodb9` varchar(45) NOT NULL,
  `sol_giro_ingreso` varchar(45) NOT NULL,
  `sol_bastago_giro_ingreso` varchar(45) NOT NULL,
  `sol_giro_inverso` varchar(45) NOT NULL,
  `sol_bastago_giro_inverso` varchar(45) NOT NULL,
  `sol_agarre_bastago` varchar(45) NOT NULL,
  `sol_bastago_agarre` varchar(45) NOT NULL,
  `sensor_agarre` varchar(45) NOT NULL,
  `ferritas` varchar(45) NOT NULL,
  `rueda_dentada` varchar(45) NOT NULL,
  `contador_molinete` varchar(45) NOT NULL,
  `bociona_activacion` varchar(45) NOT NULL,
  `brz1_pasador` varchar(45) NOT NULL,
  `brz1_tornillo_pasador` varchar(45) NOT NULL,
  `brz1_brazo` varchar(45) NOT NULL,
  `brz1_tornillo_alem_largo` varchar(45) NOT NULL,
  `brz2_pasador` varchar(45) NOT NULL,
  `brz2_tornillo_pasador` varchar(45) NOT NULL,
  `brz2_brazo` varchar(45) NOT NULL,
  `brz2_tornillo_alem_largo` varchar(45) NOT NULL,
  `brz3_pasador` varchar(45) NOT NULL,
  `brz3_tornillo_pasador` varchar(45) NOT NULL,
  `brz3_brazo` varchar(45) NOT NULL,
  `brz3_tornillo_alem_largo` varchar(45) NOT NULL,
  `estructura_chasis` varchar(45) NOT NULL,
  `estructura_visagras` varchar(45) NOT NULL,
  `chapas_central` varchar(45) NOT NULL,
  `chapas_derecha` varchar(45) NOT NULL,
  `chapas_izquierda` varchar(45) NOT NULL,
  `observaciones` varchar(800) NOT NULL,
  `fecha` datetime NOT NULL
) ENGINE=InnoDB DEFAULT CHARSET=utf8;

--
-- Volcado de datos para la tabla `acceso`
--

INSERT INTO `acceso` (`idacceso`, `bus_idbus`, `instalacion_idinstalacion`, `usuario_idusuario`, `molinete`, `estado_molinete`, `placa_molinete`, `val_conectordb9`, `val_estadodb9`, `sol_giro_ingreso`, `sol_bastago_giro_ingreso`, `sol_giro_inverso`, `sol_bastago_giro_inverso`, `sol_agarre_bastago`, `sol_bastago_agarre`, `sensor_agarre`, `ferritas`, `rueda_dentada`, `contador_molinete`, `bociona_activacion`, `brz1_pasador`, `brz1_tornillo_pasador`, `brz1_brazo`, `brz1_tornillo_alem_largo`, `brz2_pasador`, `brz2_tornillo_pasador`, `brz2_brazo`, `brz2_tornillo_alem_largo`, `brz3_pasador`, `brz3_tornillo_pasador`, `brz3_brazo`, `brz3_tornillo_alem_largo`, `estructura_chasis`, `estructura_visagras`, `chapas_central`, `chapas_derecha`, `chapas_izquierda`, `observaciones`, `fecha`) VALUES
(1, 127, 3, 4, 'Tiene', 'Funciona', 'Funciona', 'Tiene', 'Bien', 'Bien', 'Bien', 'Bien', 'Bien', 'Bien', 'Bien', 'Tiene', 'Completo', 'Falta 2', 'Funciona', 'Funciona', 'Tiene', 'Tiene', 'Tiene', 'Tiene', 'Tiene', 'Tiene', 'Tiene', 'Tiene', 'Tiene', 'Tiene', 'Tiene', 'Tiene', 'Bien', 'Bien', 'Bien', 'Bien', 'Bien', '', '2017-09-19 14:04:00'),
(2, 79, 3, 4, 'Tiene', 'Funciona', 'Funciona', 'Tiene', 'Bien', 'Bien', 'Bien', 'Bien', 'Bien', 'Bien', 'Bien', 'Tiene', 'Completo', 'Completo', 'Funciona', 'Funciona', 'Tiene', 'Tiene', 'Tiene', 'Tiene', 'Tiene', 'Tiene', 'Tiene', 'Tiene', 'Tiene', 'Tiene', 'Tiene', 'Tiene', 'Bien', 'Bien', 'Bien', 'Averiado', 'Averiado', 'CHAPAS LATERALES EN MAL ESTADO', '2017-09-19 14:25:00'),
(3, 120, 3, 4, 'Tiene', 'Funciona', 'Funciona', 'Tiene', 'Bien', 'Bien', 'Bien', 'Bien', 'Bien', 'Bien', 'Bien', 'Tiene', 'Completo', 'Completo', 'Funciona', 'Funciona', 'Tiene', 'Tiene', 'Tiene', 'Tiene', 'Tiene', 'Tiene', 'Tiene', 'Tiene', 'Tiene', 'Tiene', 'Tiene', 'Tiene', 'Bien', 'Bien', 'Bien', 'Bien', 'Bien', '', '2017-09-19 14:36:00'),
(4, 114, 3, 4, 'Tiene', 'Funciona', 'Funciona', 'Tiene', 'Bien', 'Bien', 'Bien', 'Bien', 'Bien', 'Bien', 'Bien', 'Tiene', 'Completo', 'Falta 3', 'Funciona', 'Funciona', 'Tiene', 'Tiene', 'Tiene', 'Tiene', 'Tiene', 'Tiene', 'Tiene', 'Tiene', 'Tiene', 'Tiene', 'Tiene', 'Tiene', 'Bien', 'Bien', 'Bien', 'Averiado', 'Averiado', 'CHAPAS LATERALES NO CIERRAN CON LLAVE', '2017-09-19 14:51:00'),
(5, 101, 3, 4, 'Tiene', 'Funciona', 'Funciona', 'Tiene', 'Bien', 'Bien', 'Bien', 'Bien', 'Bien', 'Bien', 'Bien', 'Tiene', 'Completo', 'Falta 3', 'Funciona', 'No funcion', 'Tiene', 'Tiene', 'Tiene', 'Tiene', 'Tiene', 'Tiene', 'Tiene', 'Tiene', 'Tiene', 'Tiene', 'Tiene', 'Tiene', 'Bien', 'Bien', 'Bien', 'Averiado', 'Averiado', '', '2017-09-19 15:07:00'),
(6, 125, 3, 4, 'Tiene', 'Funciona', 'Funciona', 'Tiene', 'Bien', 'Bien', 'Bien', 'Bien', 'Bien', 'Bien', 'Bien', 'Tiene', 'Completo', 'Completo', 'Funciona', 'Funciona', 'Tiene', 'Tiene', 'Tiene', 'Tiene', 'Tiene', 'Tiene', 'Tiene', 'Tiene', 'Tiene', 'Tiene', 'Tiene', 'Tiene', 'Bien', 'Bien', 'Bien', 'Bien', 'Averiado', '', '2017-09-19 15:13:00'),
(7, 130, 3, 4, 'Tiene', 'Funciona', 'Funciona', 'Tiene', 'Bien', 'Bien', 'Bien', 'Bien', 'Bien', 'Bien', 'Bien', 'Tiene', 'Completo', 'Falta 2', 'Funciona', 'Funciona', 'Tiene', 'Tiene', 'Tiene', 'Tiene', 'Tiene', 'Tiene', 'Tiene', 'Tiene', 'Tiene', 'Tiene', 'Tiene', 'Tiene', 'Bien', 'Bien', 'Bien', 'Bien', 'Averiado', '', '2017-09-19 15:35:00'),
(8, 84, 3, 4, 'Tiene', 'Funciona', 'Funciona', 'Tiene', 'Bien', 'Bien', 'Bien', 'Bien', 'Bien', 'Bien', 'Bien', 'Tiene', 'Completo', 'Falta 3', 'No funciona', 'Funciona', 'Tiene', 'Tiene', 'Tiene', 'Tiene', 'Tiene', 'Tiene', 'Tiene', 'Tiene', 'Tiene', 'Tiene', 'Tiene', 'Tiene', 'Bien', 'Bien', 'Bien', 'Bien', 'Bien', '', '2017-09-19 15:48:00'),
(9, 103, 6, 11, 'Tiene', 'Funciona', 'Funciona', 'Tiene', 'Bien', 'Bien', 'Bien', 'Bien', 'Bien', 'Bien', 'Bien', 'Tiene', 'Completo', 'Completo', 'No funciona', 'Funciona', 'Tiene', 'Tiene', 'Tiene', 'Tiene', 'Tiene', 'Tiene', 'Tiene', 'Tiene', 'Tiene', 'Tiene', 'Tiene', 'Tiene', 'Bien', 'Bien', 'Bien', 'Bien', 'Bien', '', '2017-09-20 11:09:00'),
(10, 31, 5, 14, 'Tiene', 'Funciona', 'Funciona', 'Tiene', 'Bien', 'Bien', 'Bien', 'Bien', 'Bien', 'Bien', 'Bien', 'Tiene', 'Falta 4', 'Falta 2', 'No tiene', 'No tiene', 'Tiene', 'Tiene', 'Tiene', 'Tiene', 'Tiene', 'Tiene', 'Tiene', 'Tiene', 'Tiene', 'Tiene', 'Tiene', 'Tiene', 'Reparado', 'No tiene', 'Averiado', 'No tiene', 'No tiene', 'PARADO POR MT DESDE MARZO 2017', '2017-09-20 12:38:00'),
(11, 111, 2, 6, 'Tiene', 'Funciona', 'Funciona', 'Tiene', 'Bien', 'Bien', 'Bien', 'Bien', 'Bien', 'Bien', 'Bien', 'Tiene', 'Completo', 'Completo', 'Funciona', 'Funciona', 'Tiene', 'Tiene', 'Tiene', 'Tiene', 'Tiene', 'Tiene', 'Tiene', 'Tiene', 'Tiene', 'Tiene', 'Tiene', 'Tiene', 'Bien', 'Bien', 'Bien', 'Bien', 'Bien', '', '2017-09-20 14:13:00'),
(12, 112, 6, 15, 'Tiene', 'Funciona', 'Funciona', 'Tiene', 'Bien', 'Bien', 'Bien', 'Bien', 'Bien', 'Bien', 'Bien', 'Tiene', 'Completo', 'Completo', 'Funciona', 'Funciona', 'Tiene', 'Tiene', 'Tiene', 'Tiene', 'Tiene', 'Tiene', 'Tiene', 'Tiene', 'Tiene', 'Tiene', 'Tiene', 'Tiene', 'Bien', 'Bien', 'Bien', 'Bien', 'Bien', '', '2017-09-20 14:42:00'),
(13, 95, 6, 15, 'Tiene', 'Funciona', 'Funciona', 'Tiene', 'Bien', 'Bien', 'Bien', 'Bien', 'Bien', 'Bien', 'Bien', 'Tiene', 'Completo', 'Completo', 'Funciona', 'Funciona', 'Tiene', 'Tiene', 'Tiene', 'Tiene', 'Tiene', 'Tiene', 'Tiene', 'Tiene', 'Tiene', 'Tiene', 'Tiene', 'Tiene', 'Bien', 'Bien', 'Bien', 'Bien', 'Bien', '', '2017-09-20 14:50:00'),
(14, 100, 6, 15, 'Tiene', 'Funciona', 'Funciona', 'Tiene', 'Bien', 'Bien', 'Bien', 'Bien', 'Bien', 'Bien', 'Bien', 'Tiene', 'Completo', 'Falta 3', 'Funciona', 'Funciona', 'Tiene', 'Tiene', 'Tiene', 'Tiene', 'Tiene', 'Tiene', 'Tiene', 'Tiene', 'Tiene', 'Tiene', 'Tiene', 'Tiene', 'Bien', 'Bien', 'Bien', 'Bien', 'Bien', '', '2017-09-20 15:00:00'),
(15, 94, 3, 16, 'Tiene', 'Funciona', 'Funciona', 'Tiene', 'Bien', 'Bien', 'Bien', 'Bien', 'Bien', 'Bien', 'Bien', 'Tiene', 'Completo', 'Completo', 'Funciona', 'Funciona', 'Tiene', 'Tiene', 'Tiene', 'Tiene', 'Tiene', 'Tiene', 'Tiene', 'Tiene', 'Tiene', 'Tiene', 'Tiene', 'Tiene', 'Bien', 'Bien', 'Bien', 'Bien', 'Bien', 'EL ESTADO DE LOS COMPONENTES SE ENCUENTRA SIN NOVEDAD PERO EL BUS NO TIENE BATERIA BUS SIN ENERGIA ', '2017-09-20 15:40:00'),
(16, 69, 6, 11, 'Tiene', 'Funciona', 'Funciona', 'Tiene', 'Bien', 'Bien', 'Bien', 'Bien', 'Bien', 'Bien', 'Bien', 'Tiene', 'Completo', 'Falta 1', 'Funciona', 'Funciona', 'Tiene', 'Tiene', 'Tiene', 'Tiene', 'Tiene', 'Tiene', 'Tiene', 'Tiene', 'Tiene', 'Tiene', 'Tiene', 'Tiene', 'Bien', 'Bien', 'Bien', 'Bien', 'Bien', '', '2017-09-20 16:05:00'),
(20, 28, 2, 6, 'Tiene', 'Funciona', 'Funciona', 'Tiene', 'Bien', 'Bien', 'Bien', 'Bien', 'Bien', 'Bien', 'Bien', 'Tiene', 'Completo', 'Falta 2', 'No tiene', 'No tiene', 'Tiene', 'Adaptado', 'Tiene', 'Tiene', 'Tiene', 'Adaptado', 'Tiene', 'Tiene', 'Tiene', 'Adaptado', 'Tiene', 'Tiene', 'Bien', 'Bien', 'No tiene', 'No tiene', 'No tiene', '', '2017-09-20 19:43:00'),
(23, 6, 2, 20, 'Tiene', 'Funciona', 'Funciona', 'Tiene', 'Bien', 'Bien', 'Bien', 'Bien', 'Bien', 'Bien', 'Bien', 'Tiene', 'Completo', 'Completo', 'No tiene', 'Funciona', 'Tiene', 'Tiene', 'Tiene', 'Tiene', 'Tiene', 'Tiene', 'Tiene', 'Tiene', 'Tiene', 'Tiene', 'Tiene', 'Tiene', 'Reparado', 'Reparado', 'No tiene', 'No tiene', 'No tiene', '', '2017-09-20 20:32:00'),
(24, 5, 2, 20, 'Tiene', 'Funciona', 'Funciona', 'Tiene', 'Bien', 'Bien', 'Bien', 'Bien', 'Bien', 'Bien', 'Bien', 'Tiene', 'Completo', 'Falta 3', 'No tiene', 'No tiene', 'Tiene', 'Tiene', 'Tiene', 'Tiene', 'Tiene', 'Tiene', 'Tiene', 'Tiene', 'Tiene', 'Tiene', 'Tiene', 'Tiene', 'Reparado', 'Bien', 'No tiene', 'No tiene', 'No tiene', '', '2017-09-20 21:04:00'),
(27, 82, 3, 16, 'Tiene', 'Funciona', 'Funciona', 'Tiene', 'Bien', 'Bien', 'Bien', 'Bien', 'Bien', 'Bien', 'Bien', 'Tiene', 'Completo', 'Completo', 'Funciona', 'Funciona', 'Tiene', 'Tiene', 'Tiene', 'Tiene', 'Tiene', 'Tiene', 'Tiene', 'Tiene', 'Tiene', 'Tiene', 'Tiene', 'Tiene', 'Bien', 'Bien', 'Bien', 'Bien', 'Bien', 'BUS PARADO POR MT', '2017-09-20 21:45:00'),
(28, 33, 2, 19, 'Tiene', 'Funciona', 'Funciona', 'Tiene', 'Bien', 'Bien', 'Bien', 'Bien', 'Bien', 'Bien', 'Bien', 'Tiene', 'Completo', 'Completo', 'No tiene', 'No tiene', 'Tiene', 'Tiene', 'Tiene', 'Tiene', 'Tiene', 'Tiene', 'Tiene', 'Tiene', 'Tiene', 'Tiene', 'Tiene', 'Tiene', 'Bien', 'Bien', 'No tiene', 'No tiene', 'No tiene', '', '2017-09-20 21:45:00'),
(29, 91, 2, 19, 'Tiene', 'Funciona', 'Funciona', 'Tiene', 'Bien', 'Bien', 'Bien', 'Bien', 'Bien', 'Bien', 'Bien', 'Tiene', 'Completo', 'Completo', 'Funciona', 'Funciona', 'Tiene', 'Tiene', 'Tiene', 'Tiene', 'Tiene', 'Tiene', 'Tiene', 'Tiene', 'Tiene', 'Tiene', 'Tiene', 'Tiene', 'Bien', 'Bien', 'Bien', 'Bien', 'Bien', '', '2017-09-20 22:12:00'),
(30, 119, 2, 6, 'Tiene', 'Funciona', 'Funciona', 'Tiene', 'Bien', 'Bien', 'Bien', 'Bien', 'Bien', 'Bien', 'Bien', 'Tiene', 'Completo', 'Completo', 'Funciona', 'Funciona', 'Tiene', 'Tiene', 'Tiene', 'Tiene', 'Tiene', 'Tiene', 'Tiene', 'Tiene', 'Tiene', 'Tiene', 'Tiene', 'Tiene', 'Bien', 'Bien', 'Bien', 'Bien', 'Bien', '', '2017-09-21 09:55:00'),
(31, 29, 2, 20, 'Tiene', 'No funciona', 'No tiene', 'No tiene', 'No tiene', 'Bien', 'Bien', 'Bien', 'Bien', 'Bien', 'No tiene', 'No tiene', 'Completo', 'Falta 3', 'No tiene', 'No tiene', 'No tiene', 'No tiene', 'No tiene', 'No tiene', 'No tiene', 'No tiene', 'No tiene', 'No tiene', 'No tiene', 'No tiene', 'No tiene', 'No tiene', 'Reparado', 'Reparado', 'No tiene', 'No tiene', 'No tiene', 'sin barra de bastago, no tiene el tambor de los brazos de molinete. bus parado por mantenimiento en patio.', '2017-09-21 11:01:00'),
(32, 138, 3, 4, 'Tiene', 'Funciona', 'Funciona', 'Tiene', 'Bien', 'Bien', 'Bien', 'Bien', 'Bien', 'Bien', 'Bien', 'Tiene', 'Completo', 'Falta 3', 'Funciona', 'Funciona', 'Tiene', 'Tiene', 'Tiene', 'Tiene', 'Tiene', 'Tiene', 'Tiene', 'Tiene', 'Tiene', 'Tiene', 'Tiene', 'Tiene', 'Bien', 'Bien', 'Bien', 'Averiado', 'Bien', 'bus parado en patio por mantenimiento', '2017-09-21 11:07:00'),
(33, 98, 3, 18, 'Tiene', 'Funciona', 'Funciona', 'Tiene', 'Bien', 'Bien', 'Bien', 'Bien', 'Bien', 'Bien', 'Bien', 'Tiene', 'Completo', 'Falta 3', 'Funciona', 'Funciona', 'Tiene', 'Tiene', 'Tiene', 'Tiene', 'Tiene', 'Tiene', 'Tiene', 'Tiene', 'Tiene', 'Tiene', 'Tiene', 'Tiene', 'Bien', 'Bien', 'Bien', 'Bien', 'Averiado', 'BUS PARADO EN PATIO POR MANTENIMIENTO', '2017-09-21 12:33:00'),
(34, 81, 3, 4, 'Tiene', 'Funciona', 'Funciona', 'Tiene', 'Bien', 'Bien', 'Bien', 'Bien', 'Bien', 'Bien', 'Bien', 'Tiene', 'Completo', 'Falta 2', 'Funciona', 'Funciona', 'Tiene', 'Tiene', 'Tiene', 'Tiene', 'Tiene', 'Tiene', 'Tiene', 'Tiene', 'Tiene', 'Tiene', 'Tiene', 'Tiene', 'Bien', 'Bien', 'Bien', 'Bien', 'Averiado', 'PARADO EN PATIO POR MANTENIMIENTO', '2017-09-21 13:42:00'),
(42, 70, 6, 15, 'Tiene', 'Funciona', 'Funciona', 'Tiene', 'Bien', 'Bien', 'Bien', 'Bien', 'Bien', 'Bien', 'Bien', 'Tiene', 'Completo', 'Falta 3', 'Funciona', 'No funcion', 'Tiene', 'Tiene', 'Tiene', 'Tiene', 'Tiene', 'Tiene', 'Tiene', 'Tiene', 'Tiene', 'Tiene', 'Tiene', 'Tiene', 'Bien', 'Bien', 'Bien', 'Bien', 'Bien', '', '2017-09-21 15:15:00'),
(43, 139, 3, 4, 'Tiene', 'Funciona', 'Funciona', 'Tiene', 'Bien', 'Bien', 'Bien', 'Bien', 'Bien', 'Bien', 'Bien', 'Tiene', 'Completo', 'Completo', 'Funciona', 'Funciona', 'Tiene', 'Tiene', 'Tiene', 'Tiene', 'Tiene', 'Tiene', 'Tiene', 'Tiene', 'Tiene', 'Tiene', 'Tiene', 'Tiene', 'Bien', 'Bien', 'Bien', 'Bien', 'Bien', 'BUS PARADO POR MANTENIMIENTO ', '2017-09-21 15:57:00'),
(45, 104, 6, 15, 'Tiene', 'Funciona', 'Funciona', 'Tiene', 'Bien', 'Bien', 'Bien', 'Bien', 'Bien', 'Bien', 'Bien', 'Tiene', 'Completo', 'Falta 3', 'Funciona', 'Funciona', 'Tiene', 'Adaptado', 'Tiene', 'Tiene', 'Tiene', 'Tiene', 'Tiene', 'Tiene', 'Tiene', 'Tiene', 'Tiene', 'Tiene', 'Bien', 'Bien', 'Bien', 'Bien', 'Bien', '', '2017-09-21 16:26:00'),
(46, 85, 3, 4, 'Tiene', 'Funciona', 'Funciona', 'Tiene', 'Bien', 'Bien', 'Bien', 'Bien', 'Bien', 'Bien', 'Bien', 'Tiene', 'Completo', 'Completo', 'Funciona', 'Funciona', 'Tiene', 'Tiene', 'Tiene', 'Tiene', 'Tiene', 'Tiene', 'Tiene', 'Tiene', 'Tiene', 'Tiene', 'Tiene', 'Tiene', 'Bien', 'Bien', 'Bien', 'Averiado', 'Bien', 'BUS PARADO POR MANTENIMIENTO CHAPA IZQUIERDA EN MAL ESTADO', '2017-09-21 16:50:00'),
(50, 131, 3, 16, 'Tiene', 'Funciona', 'Funciona', 'Tiene', 'Bien', 'Bien', 'Bien', 'Bien', 'Bien', 'Bien', 'Bien', 'Tiene', 'Completo', 'Completo', 'Funciona', 'Funciona', 'Tiene', 'Tiene', 'Tiene', 'Tiene', 'Tiene', 'Tiene', 'Tiene', 'Tiene', 'Tiene', 'Tiene', 'Tiene', 'Tiene', 'Bien', 'Bien', 'Bien', 'Averiado', 'Bien', 'BUS PARADO POR INCIDENTE (APERDRIADO ) ', '2017-09-21 17:37:00'),
(51, 21, 6, 15, 'Tiene', 'Funciona', 'Funciona', 'Tiene', 'Bien', 'Bien', 'Bien', 'Bien', 'Bien', 'Bien', 'Bien', 'Tiene', 'Completo', 'Falta 3', 'No funciona', 'No tiene', 'Tiene', 'Tiene', 'Tiene', 'Tiene', 'Tiene', 'Tiene', 'Tiene', 'Tiene', 'Tiene', 'Tiene', 'Tiene', 'Tiene', 'Reparado', 'No tiene', 'No tiene', 'No tiene', 'No tiene', '', '2017-09-21 17:47:00'),
(52, 116, 6, 15, 'Tiene', 'Funciona', 'Funciona', 'Tiene', 'Bien', 'Bien', 'Bien', 'Bien', 'Bien', 'Bien', 'Bien', 'Tiene', 'Completo', 'Falta 3', 'Funciona', 'Funciona', 'Tiene', 'Tiene', 'Tiene', 'Tiene', 'Tiene', 'Tiene', 'Tiene', 'Tiene', 'Tiene', 'Tiene', 'Tiene', 'Tiene', 'Bien', 'Bien', 'Bien', 'Bien', 'Bien', '', '2017-09-21 17:54:00'),
(53, 106, 6, 15, 'Tiene', 'Funciona', 'Funciona', 'Tiene', 'Bien', 'Bien', 'Bien', 'Bien', 'Bien', 'Bien', 'Bien', 'Tiene', 'Completo', 'Completo', 'Funciona', 'Funciona', 'Tiene', 'Tiene', 'Tiene', 'Tiene', 'Tiene', 'Tiene', 'Tiene', 'Tiene', 'Tiene', 'Tiene', 'Tiene', 'Tiene', 'Bien', 'Bien', 'Bien', 'Bien', 'Bien', '', '2017-09-21 18:24:00'),
(54, 10, 3, 16, 'Tiene', 'Funciona', 'Funciona', 'Tiene', 'Bien', 'Bien', 'Bien', 'Bien', 'Bien', 'Bien', 'Bien', 'Tiene', 'Completo', 'Completo', 'Funciona', 'No funcion', 'Tiene', 'Tiene', 'Tiene', 'Tiene', 'Tiene', 'Tiene', 'Tiene', 'Tiene', 'Tiene', 'Tiene', 'Tiene', 'Tiene', 'Reparado', 'Reparado', 'Averiado', 'No tiene', 'No tiene', 'BUS PARADO POR INCIDENTE (APEDRIADO) ', '2017-09-21 19:14:00'),
(55, 134, 3, 16, 'Tiene', 'Funciona', 'Funciona', 'Tiene', 'Bien', 'Bien', 'Bien', 'Bien', 'Bien', 'Bien', 'Bien', 'Tiene', 'Completo', 'Completo', 'Funciona', 'Funciona', 'Tiene', 'Tiene', 'Tiene', 'Tiene', 'Tiene', 'Tiene', 'Tiene', 'Tiene', 'Tiene', 'Tiene', 'Tiene', 'Tiene', 'Bien', 'Bien', 'Bien', 'Bien', 'Bien', 'BUS PARADO POR MANTENIMIENTO ', '2017-09-21 21:49:00'),
(56, 117, 5, 14, 'Tiene', 'Funciona', 'Funciona', 'Tiene', 'Bien', 'Bien', 'Bien', 'Bien', 'Bien', 'Bien', 'Bien', 'Tiene', 'Completo', 'Completo', 'Funciona', 'Funciona', 'Tiene', 'Tiene', 'Tiene', 'Tiene', 'Tiene', 'Tiene', 'Tiene', 'Tiene', 'Tiene', 'Tiene', 'Tiene', 'Tiene', 'Bien', 'Bien', 'Bien', 'Bien', 'Bien', '', '2017-09-22 03:04:00'),
(57, 46, 5, 14, 'Tiene', 'Funciona', 'Funciona', 'Tiene', 'Bien', 'Bien', 'Bien', 'Bien', 'Bien', 'Bien', 'Bien', 'Tiene', 'Completo', 'Completo', 'No tiene', 'Funciona', 'Tiene', 'Tiene', 'Tiene', 'Tiene', 'Tiene', 'Tiene', 'Tiene', 'Tiene', 'Tiene', 'Tiene', 'Tiene', 'Tiene', 'Reparado', 'Reparado', 'Averiado', 'No tiene', 'No tiene', '', '2017-09-22 03:45:00'),
(58, 72, 5, 14, 'Tiene', 'Funciona', 'Funciona', 'Tiene', 'Bien', 'Bien', 'Bien', 'Bien', 'Bien', 'Bien', 'Bien', 'Tiene', 'Completo', 'Completo', 'Funciona', 'Funciona', 'Tiene', 'Tiene', 'Tiene', 'Tiene', 'Tiene', 'Tiene', 'Tiene', 'Tiene', 'Tiene', 'Tiene', 'Tiene', 'Tiene', 'Bien', 'Bien', 'Bien', 'Bien', 'Averiado', 'chapa izquierda no cierra ', '2017-09-22 03:48:00'),
(59, 109, 5, 14, 'Tiene', 'Funciona', 'Funciona', 'Tiene', 'Bien', 'Bien', 'Bien', 'Bien', 'Bien', 'Bien', 'Bien', 'Tiene', 'Completo', 'Falta 1', 'Funciona', 'Funciona', 'Tiene', 'Tiene', 'Tiene', 'Tiene', 'Tiene', 'Tiene', 'Tiene', 'Tiene', 'Tiene', 'Tiene', 'Tiene', 'Tiene', 'Bien', 'Bien', 'Bien', 'Averiado', 'Bien', 'chapa derecha no cierra ', '2017-09-22 03:51:00'),
(60, 88, 5, 14, 'Tiene', 'Funciona', 'Funciona', 'Tiene', 'Bien', 'Bien', 'Bien', 'Bien', 'Bien', 'Bien', 'Bien', 'Tiene', 'Completo', 'Completo', 'Funciona', 'Funciona', 'Tiene', 'Tiene', 'Tiene', 'Tiene', 'Tiene', 'Tiene', 'Tiene', 'Tiene', 'Tiene', 'Tiene', 'Tiene', 'Tiene', 'Bien', 'Bien', 'Bien', 'Bien', 'Bien', '', '2017-09-22 04:50:00'),
(61, 19, 5, 14, 'Tiene', 'Funciona', 'Funciona', 'Tiene', 'Bien', 'Bien', 'Bien', 'Bien', 'Bien', 'Bien', 'Bien', 'Tiene', 'Completo', 'Completo', 'No tiene', 'No tiene', 'Tiene', 'Tiene', 'Tiene', 'Tiene', 'Tiene', 'Tiene', 'Tiene', 'Tiene', 'Tiene', 'Tiene', 'Tiene', 'Tiene', 'Reparado', 'Reparado', 'Averiado', 'No tiene', 'No tiene', '', '2017-09-22 05:22:00'),
(62, 65, 5, 14, 'Tiene', 'Funciona', 'Funciona', 'Tiene', 'Bien', 'Bien', 'Bien', 'Bien', 'Bien', 'Bien', 'Bien', 'Tiene', 'Completo', 'Completo', 'Funciona', 'Funciona', 'Tiene', 'Tiene', 'Tiene', 'Tiene', 'Tiene', 'Tiene', 'Tiene', 'Tiene', 'Tiene', 'Tiene', 'Tiene', 'Tiene', 'Bien', 'Bien', 'Bien', 'Bien', 'Bien', '', '2017-09-22 06:40:00'),
(63, 68, 5, 14, 'Tiene', 'Funciona', 'Funciona', 'Tiene', 'Bien', 'Bien', 'Bien', 'Bien', 'Bien', 'Bien', 'Bien', 'Tiene', 'Completo', 'Falta 3', 'Funciona', 'Funciona', 'Tiene', 'Tiene', 'Tiene', 'Tiene', 'Tiene', 'Tiene', 'Tiene', 'Tiene', 'Tiene', 'Tiene', 'Tiene', 'Tiene', 'Bien', 'Bien', 'Bien', 'Bien', 'Bien', '', '2017-09-22 10:19:00'),
(64, 60, 2, 19, 'Tiene', 'No funciona', 'No tiene', 'Tiene', 'Bien', 'Bien', 'Bien', 'Bien', 'Bien', 'Bien', 'Bien', 'Tiene', 'Completo', 'Falta 3', 'No tiene', 'No tiene', 'Tiene', 'Tiene', 'Tiene', 'Tiene', 'Tiene', 'Tiene', 'Tiene', 'Tiene', 'Tiene', 'Tiene', 'Tiene', 'Tiene', 'Reparado', 'Reparado', 'No tiene', 'No tiene', 'No tiene', '', '2017-09-22 10:37:00'),
(65, 14, 5, 1, 'Tiene', 'Funciona', 'Funciona', 'Tiene', 'Bien', 'Bien', 'Bien', 'Bien', 'Bien', 'Bien', 'Bien', 'No tiene', 'Completo', 'Falta 3', 'No tiene', 'No tiene', 'Tiene', 'Tiene', 'Tiene', 'Tiene', 'Tiene', 'Tiene', 'Tiene', 'Tiene', 'Tiene', 'Tiene', 'Tiene', 'Tiene', 'Bien', 'Bien', 'Averiado', 'No tiene', 'No tiene', '', '2017-09-22 11:06:00'),
(66, 38, 2, 19, 'Tiene', 'Funciona', 'No funciona', 'Tiene', 'Bien', 'Bien', 'Bien', 'Bien', 'Bien', 'Bien', 'Bien', 'Tiene', 'Completo', 'Falta 2', 'No tiene', 'No tiene', 'Tiene', 'Tiene', 'Tiene', 'Tiene', 'Tiene', 'Tiene', 'Tiene', 'Tiene', 'Tiene', 'Tiene', 'Tiene', 'Tiene', 'Reparado', 'Reparado', 'No tiene', 'No tiene', 'No tiene', 'BUS PARADO POR MT', '2017-09-22 11:14:00'),
(67, 108, 3, 18, 'Tiene', 'Funciona', 'Funciona', 'Tiene', 'Bien', 'Bien', 'Bien', 'Bien', 'Bien', 'Bien', 'Bien', 'Tiene', 'Completo', 'Falta 2', 'Funciona', 'Funciona', 'Tiene', 'Tiene', 'Tiene', 'Tiene', 'Tiene', 'Tiene', 'Tiene', 'Tiene', 'Tiene', 'Tiene', 'Tiene', 'Tiene', 'Bien', 'Bien', 'Bien', 'Bien', 'Bien', '', '2017-09-22 11:46:00'),
(68, 23, 2, 20, 'Tiene', 'No funciona', 'No tiene', 'Tiene', 'Bien', 'Bien', 'Bien', 'Bien', 'Bien', 'Bien', 'Bien', 'No tiene', 'Completo', 'Completo', 'No tiene', 'No tiene', 'Adaptado', 'Adaptado', 'Tiene', 'Tiene', 'Adaptado', 'Adaptado', 'Tiene', 'Tiene', 'Adaptado', 'Adaptado', 'Tiene', 'Tiene', 'Bien', 'Reparado', 'No tiene', 'No tiene', 'No tiene', 'BUS PARADO POR MANTENIMIENTO', '2017-09-22 12:03:00'),
(69, 30, 2, 6, 'Tiene', 'Funciona', 'Funciona', 'Tiene', 'Bien', 'Bien', 'Bien', 'Bien', 'Bien', 'Bien', 'Bien', 'Tiene', 'Completo', 'Falta 3', 'No funciona', 'No funcion', 'Tiene', 'Tiene', 'Tiene', 'Tiene', 'Tiene', 'Tiene', 'Tiene', 'Tiene', 'Tiene', 'Tiene', 'Tiene', 'Tiene', 'Reparado', 'Reparado', 'Averiado', 'No tiene', 'No tiene', 'BUS PARADO EN PATIO', '2017-09-22 14:52:00'),
(70, 128, 3, 16, 'Tiene', 'Funciona', 'Funciona', 'Tiene', 'Bien', 'Bien', 'Bien', 'Bien', 'Bien', 'Bien', 'Bien', 'Tiene', 'Completo', 'Completo', 'Funciona', 'Funciona', 'Tiene', 'Tiene', 'Tiene', 'Tiene', 'Tiene', 'Tiene', 'Tiene', 'Tiene', 'Tiene', 'Tiene', 'Tiene', 'Tiene', 'Bien', 'Bien', 'Bien', 'Bien', 'Bien', '', '2017-09-22 15:43:00'),
(71, 102, 3, 16, 'Tiene', 'Funciona', 'Funciona', 'Tiene', 'Bien', 'Bien', 'Bien', 'Bien', 'Bien', 'Bien', 'Bien', 'Tiene', 'Completo', 'Completo', 'Funciona', 'Funciona', 'Tiene', 'Tiene', 'Tiene', 'Tiene', 'Tiene', 'Tiene', 'Tiene', 'Tiene', 'Tiene', 'Tiene', 'Tiene', 'Tiene', 'Bien', 'Bien', 'Bien', 'Bien', 'Bien', '', '2017-09-22 16:04:00'),
(72, 2, 2, 6, 'Tiene', 'Funciona', 'Funciona', 'Tiene', 'Bien', 'Bien', 'Bien', 'Bien', 'Bien', 'Bien', 'Bien', 'Tiene', 'Completo', 'Falta 2', 'Funciona', 'No funcion', 'Tiene', 'Tiene', 'Tiene', 'Tiene', 'Tiene', 'Tiene', 'Tiene', 'Tiene', 'Tiene', 'Tiene', 'Tiene', 'Tiene', 'Bien', 'Reparado', 'No tiene', 'No tiene', 'No tiene', 'BUS PARAD EN PATIO POR MT', '2017-09-22 16:07:00'),
(73, 135, 5, 2, 'Tiene', 'Funciona', 'Funciona', 'Tiene', 'Bien', 'Bien', 'Bien', 'Bien', 'Bien', 'Bien', 'Bien', 'Tiene', 'Completo', 'Completo', 'Funciona', 'Funciona', 'Tiene', 'Tiene', 'Tiene', 'Tiene', 'Tiene', 'Tiene', 'Tiene', 'Tiene', 'Tiene', 'Tiene', 'Tiene', 'Tiene', 'Bien', 'Bien', 'Bien', 'Bien', 'Bien', '', '2017-09-22 17:56:00'),
(74, 32, 2, 6, 'Tiene', 'Funciona', 'Funciona', 'Tiene', 'Bien', 'Bien', 'Bien', 'Bien', 'Bien', 'Bien', 'Bien', 'Tiene', 'Completo', 'Falta 2', 'No tiene', 'No funcion', 'Tiene', 'Adaptado', 'Tiene', 'Tiene', 'Tiene', 'Adaptado', 'Tiene', 'Tiene', 'Tiene', 'Adaptado', 'Tiene', 'Tiene', 'Reparado', 'Reparado', 'No tiene', 'No tiene', 'No tiene', '', '2017-09-23 09:49:00'),
(75, 51, 2, 6, 'Tiene', 'Funciona', 'Funciona', 'Tiene', 'Bien', 'Bien', 'Bien', 'Bien', 'Bien', 'Bien', 'Bien', 'Tiene', 'Completo', 'Falta 3', 'No tiene', 'No funcion', 'Tiene', 'Tiene', 'Tiene', 'Tiene', 'Tiene', 'Tiene', 'Tiene', 'Tiene', 'Tiene', 'Tiene', 'Tiene', 'Tiene', 'Reparado', 'Reparado', 'No tiene', 'No tiene', 'No tiene', '', '2017-09-23 10:53:00'),
(76, 90, 2, 19, 'Tiene', 'Funciona', 'Funciona', 'Tiene', 'Bien', 'Bien', 'Bien', 'Bien', 'Bien', 'Bien', 'Bien', 'Tiene', 'Completo', 'Completo', 'Funciona', 'Funciona', 'Tiene', 'Tiene', 'Tiene', 'Tiene', 'Tiene', 'Tiene', 'Tiene', 'Tiene', 'Tiene', 'Tiene', 'Tiene', 'Tiene', 'Bien', 'Bien', 'Bien', 'Bien', 'Bien', '', '2017-09-23 11:24:00'),
(77, 44, 2, 19, 'Tiene', 'Funciona', 'Funciona', 'Tiene', 'Bien', 'Bien', 'Bien', 'Bien', 'Bien', 'Bien', 'Bien', 'Tiene', 'Completo', 'Falta 3', 'No tiene', 'No funcion', 'Tiene', 'Tiene', 'Tiene', 'Tiene', 'Tiene', 'Tiene', 'Tiene', 'Tiene', 'Tiene', 'Tiene', 'Tiene', 'Tiene', 'Reparado', 'Reparado', 'No tiene', 'No tiene', 'No tiene', '', '2017-09-23 12:14:00'),
(78, 13, 2, 20, 'Tiene', 'Funciona', 'Funciona', 'Tiene', 'Bien', 'Bien', 'Bien', 'Bien', 'Bien', 'Bien', 'Bien', 'Tiene', 'Completo', 'Falta 2', 'No tiene', 'No funcion', 'Tiene', 'Adaptado', 'Tiene', 'Tiene', 'Tiene', 'Tiene', 'Tiene', 'Tiene', 'Tiene', 'Adaptado', 'Tiene', 'Tiene', 'Reparado', 'Reparado', 'No tiene', 'No tiene', 'No tiene', '', '2017-09-23 13:32:00'),
(79, 66, 3, 16, 'Tiene', 'Funciona', 'Funciona', 'Tiene', 'Bien', 'Bien', 'Bien', 'Bien', 'Mal', 'Bien', 'Bien', 'Tiene', 'Completo', 'Completo', 'Funciona', 'Funciona', 'Tiene', 'Tiene', 'Tiene', 'Tiene', 'Tiene', 'Tiene', 'Tiene', 'Tiene', 'Tiene', 'Tiene', 'Tiene', 'Tiene', 'Bien', 'Bien', 'Bien', 'Bien', 'Bien', '', '2017-09-23 15:04:00'),
(80, 87, 3, 16, 'Tiene', 'Funciona', 'Funciona', 'Tiene', 'Bien', 'Bien', 'Bien', 'Bien', 'Bien', 'Bien', 'Bien', 'Tiene', 'Completo', 'Completo', 'Funciona', 'Funciona', 'Tiene', 'Tiene', 'Tiene', 'Tiene', 'Tiene', 'Tiene', 'Tiene', 'Tiene', 'Tiene', 'Tiene', 'Tiene', 'Tiene', 'Bien', 'Bien', 'Bien', 'Bien', 'Bien', '', '2017-09-23 16:17:00'),
(81, 22, 3, 16, 'Tiene', 'Funciona', 'Funciona', 'Tiene', 'Bien', 'Bien', 'Bien', 'Bien', 'Bien', 'Bien', 'Bien', 'Tiene', 'Completo', 'Completo', 'No tiene', 'No funcion', 'Tiene', 'Tiene', 'Tiene', 'Tiene', 'Tiene', 'Adaptado', 'Tiene', 'Tiene', 'Tiene', 'Tiene', 'Tiene', 'Tiene', 'Reparado', 'Reparado', 'Averiado', 'No tiene', 'No tiene', 'NO FUNCIONA LA BOCINA DE TORNIQUETE / CHASIS GASTADO ', '2017-09-23 17:05:00'),
(82, 62, 3, 16, 'Tiene', 'Funciona', 'Funciona', 'Tiene', 'Bien', 'Bien', 'Bien', 'Bien', 'Bien', 'Bien', 'Bien', 'Tiene', 'Completo', 'Completo', 'Funciona', 'Funciona', 'Tiene', 'Tiene', 'Tiene', 'Tiene', 'Tiene', 'Tiene', 'Tiene', 'Tiene', 'Tiene', 'Tiene', 'Tiene', 'Tiene', 'Bien', 'Bien', 'Bien', 'Bien', 'Bien', 'S/N', '2017-09-23 17:39:00'),
(83, 50, 8, 11, 'Tiene', 'Funciona', 'No funciona', 'Tiene', 'Bien', 'Bien', 'Bien', 'Bien', 'Bien', 'Bien', 'Bien', 'Tiene', 'Completo', 'Completo', 'No tiene', 'No funcion', 'Tiene', 'Tiene', 'Tiene', 'Tiene', 'Tiene', 'Adaptado', 'Tiene', 'Tiene', 'Tiene', 'Adaptado', 'Tiene', 'Tiene', 'Bien', 'Bien', 'Averiado', 'No tiene', 'No tiene', 'SE REALIZO PRUEBAS DE PULSOS EN PLACA Y NO RESPONDE.', '2017-09-23 17:40:00'),
(84, 47, 8, 11, 'Tiene', 'Funciona', 'Funciona', 'Tiene', 'Bien', 'Bien', 'Bien', 'Bien', 'Bien', 'Bien', 'Bien', 'No tiene', 'Completo', 'Falta 2', 'No tiene', 'No funcion', 'Tiene', 'Tiene', 'Tiene', 'Tiene', 'Tiene', 'Tiene', 'Tiene', 'Tiene', 'Tiene', 'Tiene', 'Tiene', 'Tiene', 'Reparado', 'Reparado', 'Averiado', 'No tiene', 'No tiene', '', '2017-09-23 17:43:00'),
(85, 3, 8, 11, 'Tiene', 'Funciona', 'Funciona', 'Tiene', 'Bien', 'Bien', 'Bien', 'Bien', 'Bien', 'Bien', 'Bien', 'Tiene', 'Completo', 'Completo', 'No tiene', 'No funcion', 'Tiene', 'Tiene', 'Tiene', 'Tiene', 'Tiene', 'Tiene', 'Tiene', 'Tiene', 'Tiene', 'Tiene', 'Tiene', 'Tiene', 'Reparado', 'Bien', 'No tiene', 'No tiene', 'No tiene', '', '2017-09-23 17:46:00'),
(86, 4, 8, 11, 'Tiene', 'Funciona', 'Funciona', 'Tiene', 'Bien', 'Bien', 'Bien', 'Bien', 'Bien', 'Bien', 'Bien', 'Tiene', 'Completo', 'Completo', 'No tiene', 'No funcion', 'Tiene', 'Tiene', 'Tiene', 'Tiene', 'Tiene', 'Tiene', 'Tiene', 'Tiene', 'Tiene', 'Tiene', 'Tiene', 'Tiene', 'Reparado', 'Reparado', 'No tiene', 'No tiene', 'No tiene', 'UNA VISAGRA EN MAL ESTADO.', '2017-09-23 17:49:00'),
(87, 16, 8, 11, 'Tiene', 'Funciona', 'Funciona', 'Tiene', 'Bien', 'Bien', 'Bien', 'Bien', 'Bien', 'Bien', 'Bien', 'Tiene', 'Completo', 'Completo', 'No tiene', 'No funcion', 'Tiene', 'Tiene', 'Tiene', 'Tiene', 'Tiene', 'Tiene', 'Tiene', 'Tiene', 'Tiene', 'Tiene', 'Tiene', 'Tiene', 'Bien', 'Reparado', 'Averiado', 'No tiene', 'No tiene', '', '2017-09-23 17:50:00'),
(88, 15, 8, 11, 'Tiene', 'Funciona', 'Funciona', 'Tiene', 'Bien', 'Bien', 'Bien', 'Bien', 'Bien', 'Bien', 'Bien', 'Tiene', 'Completo', 'Completo', 'No tiene', 'No funcion', 'Tiene', 'Tiene', 'Tiene', 'Tiene', 'Tiene', 'Tiene', 'Tiene', 'Tiene', 'Tiene', 'Tiene', 'Tiene', 'Tiene', 'Bien', 'No tiene', 'Averiado', 'No tiene', 'No tiene', '', '2017-09-23 17:51:00'),
(89, 40, 8, 11, 'Tiene', 'Funciona', 'Funciona', 'Tiene', 'Bien', 'Bien', 'Bien', 'Bien', 'Bien', 'Bien', 'Bien', 'Tiene', 'Completo', 'Falta 3', 'No tiene', 'No funcion', 'Tiene', 'Tiene', 'Tiene', 'Tiene', 'Tiene', 'Tiene', 'Tiene', 'Tiene', 'Tiene', 'Tiene', 'Tiene', 'Tiene', 'Reparado', 'Reparado', 'Bien', 'No tiene', 'No tiene', '', '2017-09-23 17:53:00'),
(90, 129, 3, 16, 'Tiene', 'Funciona', 'Funciona', 'Tiene', 'Bien', 'Bien', 'Bien', 'Bien', 'Bien', 'Bien', 'Bien', 'Tiene', 'Completo', 'Completo', 'Funciona', 'No funcion', 'Tiene', 'Tiene', 'Tiene', 'Tiene', 'Tiene', 'Tiene', 'Tiene', 'Tiene', 'Tiene', 'Tiene', 'Tiene', 'Tiene', 'Bien', 'Bien', 'Bien', 'Bien', 'Bien', 'BOCINA DE TORNIQUETE NO FUNCIONA ', '2017-09-23 18:04:00'),
(91, 35, 5, 1, 'Tiene', 'Funciona', 'Funciona', 'Tiene', 'Bien', 'Bien', 'Bien', 'Bien', 'Bien', 'Bien', 'Bien', 'Tiene', 'Completo', 'Falta 3', 'No tiene', 'No tiene', 'Tiene', 'Tiene', 'Tiene', 'Tiene', 'Tiene', 'Tiene', 'Tiene', 'Tiene', 'Tiene', 'Tiene', 'Tiene', 'Tiene', 'Reparado', 'Bien', 'Averiado', 'No tiene', 'No tiene', 'Sin bocina de activacion', '2017-09-24 09:36:00'),
(92, 54, 5, 1, 'Tiene', 'Funciona', 'Funciona', 'Tiene', 'Bien', 'Bien', 'Bien', 'Bien', 'Bien', 'Bien', 'Bien', 'Tiene', 'Completo', 'Falta 3', 'No tiene', 'No tiene', 'Tiene', 'Tiene', 'Tiene', 'Tiene', 'Tiene', 'Tiene', 'Tiene', 'Tiene', 'Tiene', 'Tiene', 'Tiene', 'Tiene', 'Reparado', 'Bien', 'Averiado', 'No tiene', 'No tiene', '', '2017-09-24 10:38:00'),
(93, 45, 4, 5, 'Tiene', 'Funciona', 'Funciona', 'Tiene', 'Bien', 'Bien', 'Bien', 'Bien', 'Bien', 'Bien', 'Bien', 'Tiene', 'Completo', 'Falta 2', 'No tiene', 'No funcion', 'Tiene', 'Tiene', 'Tiene', 'Tiene', 'Tiene', 'Tiene', 'Tiene', 'Tiene', 'Tiene', 'Tiene', 'Tiene', 'Tiene', 'Reparado', 'Reparado', 'Averiado', 'No tiene', 'No tiene', '', '2017-09-24 10:57:00'),
(94, 9, 2, 20, 'Tiene', 'No funciona', 'No tiene', 'No tiene', 'No tiene', 'Bien', 'Bien', 'Bien', 'Bien', 'No tiene', 'Bien', 'Tiene', 'Completo', 'Falta 3', 'No tiene', 'No tiene', 'Tiene', 'Tiene', 'Tiene', 'Tiene', 'Tiene', 'Tiene', 'Tiene', 'Tiene', 'Tiene', 'Adaptado', 'Tiene', 'Tiene', 'Reparado', 'Reparado', 'No tiene', 'No tiene', 'No tiene', '', '2017-09-24 11:33:00'),
(95, 48, 2, 19, 'Tiene', 'Funciona', 'Funciona', 'Tiene', 'Bien', 'Bien', 'Bien', 'Bien', 'Bien', 'Bien', 'Bien', 'Tiene', 'Completo', 'Completo', 'No tiene', 'No tiene', 'Tiene', 'Tiene', 'Tiene', 'Tiene', 'Tiene', 'Tiene', 'Tiene', 'Tiene', 'Tiene', 'Tiene', 'Tiene', 'Tiene', 'Reparado', 'Reparado', 'No tiene', 'No tiene', 'No tiene', '', '2017-09-24 12:12:00'),
(96, 7, 4, 5, 'Tiene', 'Funciona', 'Funciona', 'Tiene', 'Bien', 'Bien', 'Bien', 'Bien', 'Bien', 'Bien', 'Bien', 'Tiene', 'Completo', 'Falta 3', 'No tiene', 'No funcion', 'Tiene', 'Tiene', 'Tiene', 'Tiene', 'Tiene', 'Tiene', 'Tiene', 'Tiene', 'Tiene', 'Tiene', 'Tiene', 'Tiene', 'Reparado', 'Reparado', 'Averiado', 'No tiene', 'No tiene', 'Falta una tuerca y tornillo de sujeción entre DB9 y placa de torniquete', '2017-09-24 12:51:00'),
(97, 122, 5, 1, 'Tiene', 'Funciona', 'Funciona', 'Tiene', 'Bien', 'Bien', 'Bien', 'Bien', 'Bien', 'Bien', 'Bien', 'Tiene', 'Completo', 'Completo', 'Funciona', 'Funciona', 'Tiene', 'Tiene', 'Tiene', 'Tiene', 'Tiene', 'Tiene', 'Tiene', 'Tiene', 'Tiene', 'Tiene', 'Tiene', 'Tiene', 'Bien', 'Bien', 'Bien', 'Bien', 'Bien', '', '2017-09-24 13:30:00'),
(98, 97, 4, 10, 'Tiene', 'Funciona', 'Funciona', 'Tiene', 'Bien', 'Bien', 'Bien', 'Bien', 'Bien', 'Bien', 'Bien', 'Tiene', 'Completo', 'Falta 3', 'Funciona', 'Funciona', 'Tiene', 'Tiene', 'Tiene', 'Tiene', 'Tiene', 'Tiene', 'Tiene', 'Tiene', 'Tiene', 'Tiene', 'Tiene', 'Tiene', 'Bien', 'Bien', 'Bien', 'Bien', 'Bien', '', '2017-09-24 15:40:00'),
(99, 105, 3, 4, 'Tiene', 'Funciona', 'Funciona', 'Tiene', 'Bien', 'Bien', 'Bien', 'Bien', 'Bien', 'Bien', 'Bien', 'Tiene', 'Completo', 'Falta 4', 'Funciona', 'Funciona', 'Tiene', 'Tiene', 'Tiene', 'Tiene', 'Tiene', 'Tiene', 'Tiene', 'Tiene', 'Tiene', 'Tiene', 'Tiene', 'Tiene', 'Bien', 'Bien', 'Bien', 'Bien', 'Bien', 'BUS PARADO EN PATIO POR MANTENIMIENTO', '2017-09-24 15:59:00'),
(100, 80, 3, 4, 'Tiene', 'Funciona', 'Funciona', 'Tiene', 'Bien', 'Bien', 'Bien', 'Bien', 'Bien', 'Bien', 'Bien', 'Tiene', 'Completo', 'Completo', 'Funciona', 'Funciona', 'Tiene', 'Tiene', 'Tiene', 'Tiene', 'Tiene', 'Tiene', 'Tiene', 'Tiene', 'Tiene', 'Tiene', 'Tiene', 'Tiene', 'Bien', 'Bien', 'Bien', 'Bien', 'Bien', '', '2017-09-24 16:54:00'),
(101, 24, 4, 10, 'Tiene', 'No funciona', 'No funciona', 'No tiene', 'No tiene', 'Bien', 'Bien', 'Bien', 'Bien', 'Bien', 'Bien', 'No tiene', 'Completo', 'Falta 3', 'No tiene', 'No funcion', 'Tiene', 'Tiene', 'Tiene', 'Tiene', 'Tiene', 'Tiene', 'Tiene', 'Tiene', 'Adaptado', 'No tiene', 'Tiene', 'Tiene', 'Bien', 'Reparado', 'Averiado', 'No tiene', 'No tiene', 'BUS PARADO POR MANTENIMIENTO', '2017-09-24 17:26:00'),
(102, 42, 1, 6, 'Tiene', 'Funciona', 'Funciona', 'Tiene', 'Bien', 'Bien', 'Bien', 'Bien', 'Bien', 'Bien', 'Bien', 'Tiene', 'Completo', 'Falta 2', 'Funciona', 'No tiene', 'Tiene', 'Tiene', 'Tiene', 'Tiene', 'Tiene', 'Tiene', 'Tiene', 'Tiene', 'Tiene', 'Tiene', 'Tiene', 'Tiene', 'Reparado', 'Reparado', 'No tiene', 'No tiene', 'No tiene', '', '2017-09-24 17:28:00'),
(103, 8, 4, 10, 'Tiene', 'Funciona', 'Funciona', 'Tiene', 'Bien', 'Bien', 'Bien', 'Bien', 'Bien', 'Bien', 'Bien', 'Tiene', 'Completo', 'Falta 2', 'No tiene', 'No tiene', 'Tiene', 'Tiene', 'Tiene', 'Tiene', 'Tiene', 'Tiene', 'Tiene', 'Tiene', 'Tiene', 'Tiene', 'Tiene', 'Tiene', 'Reparado', 'Reparado', 'No tiene', 'No tiene', 'No tiene', '', '2017-09-24 18:10:00'),
(104, 34, 4, 5, 'Tiene', 'Funciona', 'Funciona', 'Tiene', 'Bien', 'Bien', 'Bien', 'Bien', 'Bien', 'Bien', 'Bien', 'Tiene', 'Completo', 'Falta 3', 'No tiene', 'No tiene', 'Tiene', 'Tiene', 'Tiene', 'Tiene', 'Tiene', 'Tiene', 'Tiene', 'Tiene', 'Tiene', 'Tiene', 'Tiene', 'Tiene', 'Bien', 'Reparado', 'Averiado', 'No tiene', 'No tiene', '', '2017-09-25 07:00:00'),
(108, 73, 5, 14, 'Tiene', 'Funciona', 'Funciona', 'Tiene', 'Bien', 'Bien', 'Bien', 'Bien', 'Bien', 'Bien', 'Bien', 'Tiene', 'Completo', 'Completo', 'Funciona', 'Funciona', 'Tiene', 'Tiene', 'Tiene', 'Tiene', 'Tiene', 'Tiene', 'Tiene', 'Tiene', 'Tiene', 'Tiene', 'Tiene', 'Tiene', 'Bien', 'Bien', 'Bien', 'Bien', 'Averiado', 'chapa izquierda no cierra \r\n', '2017-09-25 07:37:00'),
(109, 78, 5, 14, 'Tiene', 'Funciona', 'Funciona', 'Tiene', 'Bien', 'Bien', 'Bien', 'Bien', 'Bien', 'Bien', 'Bien', 'Tiene', 'Completo', 'Completo', 'Funciona', 'Funciona', 'Tiene', 'Tiene', 'Tiene', 'Tiene', 'Tiene', 'Tiene', 'Tiene', 'Tiene', 'Tiene', 'Tiene', 'Tiene', 'Tiene', 'Bien', 'Bien', 'Bien', 'Bien', 'Bien', '', '2017-09-25 09:31:00'),
(110, 121, 4, 10, 'Tiene', 'Funciona', 'Funciona', 'Tiene', 'Bien', 'Bien', 'Bien', 'Bien', 'Bien', 'Bien', 'Bien', 'Tiene', 'Completo', 'Completo', 'Funciona', 'Funciona', 'Tiene', 'Tiene', 'Tiene', 'Tiene', 'Tiene', 'Tiene', 'Tiene', 'Tiene', 'Tiene', 'Tiene', 'Tiene', 'Tiene', 'Bien', 'Bien', 'Bien', 'Bien', 'Bien', '', '2017-09-25 10:17:00'),
(111, 99, 4, 10, 'Tiene', 'Funciona', 'Funciona', 'Tiene', 'Bien', 'Bien', 'Bien', 'Bien', 'Bien', 'Bien', 'Bien', 'Tiene', 'Completo', 'Completo', 'Funciona', 'Funciona', 'Tiene', 'Tiene', 'Tiene', 'Tiene', 'Tiene', 'Tiene', 'Tiene', 'Tiene', 'Tiene', 'Tiene', 'Tiene', 'Tiene', 'Bien', 'Bien', 'Bien', 'Bien', 'Bien', '', '2017-09-25 10:48:00'),
(112, 71, 7, 6, 'Tiene', 'Funciona', 'Funciona', 'Tiene', 'Bien', 'Bien', 'Bien', 'Bien', 'Bien', 'Bien', 'Bien', 'Tiene', 'Completo', 'Completo', 'Funciona', 'Funciona', 'Tiene', 'Tiene', 'Tiene', 'Tiene', 'Tiene', 'Tiene', 'Tiene', 'Tiene', 'Tiene', 'Tiene', 'Tiene', 'Tiene', 'Bien', 'Bien', 'Bien', 'Bien', 'Bien', '', '2017-09-25 10:56:00'),
(116, 52, 4, 10, 'Tiene', 'Funciona', 'Funciona', 'Tiene', 'Bien', 'Bien', 'Bien', 'Bien', 'Bien', 'Bien', 'Bien', 'No tiene', 'Completo', 'Falta 3', 'No tiene', 'No tiene', 'Tiene', 'Tiene', 'Tiene', 'Tiene', 'Tiene', 'Tiene', 'Tiene', 'Tiene', 'Tiene', 'Tiene', 'Tiene', 'Tiene', 'Reparado', 'Reparado', 'Averiado', 'No tiene', 'No tiene', '', '2017-09-25 11:56:00'),
(119, 63, 7, 6, 'Tiene', 'Funciona', 'Funciona', 'Tiene', 'Bien', 'Bien', 'Bien', 'Bien', 'Bien', 'Bien', 'Bien', 'Tiene', 'Completo', 'Completo', 'Funciona', 'Funciona', 'Tiene', 'Tiene', 'Tiene', 'Tiene', 'Tiene', 'Tiene', 'Tiene', 'Tiene', 'Tiene', 'Tiene', 'Tiene', 'Tiene', 'Bien', 'Bien', 'Bien', 'Bien', 'Bien', '', '2017-09-25 12:34:00'),
(120, 36, 8, 15, 'Tiene', 'Funciona', 'Funciona', 'Tiene', 'Bien', 'Bien', 'Bien', 'Bien', 'Bien', 'Bien', 'Bien', 'Tiene', 'Completo', 'Falta 3', 'No tiene', 'No funcion', 'Tiene', 'Tiene', 'Tiene', 'No tiene', 'Tiene', 'Tiene', 'Tiene', 'Tiene', 'Tiene', 'Tiene', 'Tiene', 'Tiene', 'Reparado', 'No tiene', 'No tiene', 'No tiene', 'No tiene', 'Visagra derecha en mal estado/ Le falta tornillo alen grande', '2017-09-25 13:09:00'),
(122, 137, 1, 3, 'Tiene', 'Funciona', 'Funciona', 'Tiene', 'Bien', 'Bien', 'Bien', 'Bien', 'Bien', 'Bien', 'Bien', 'Tiene', 'Completo', 'Falta 3', 'No funciona', 'No funcion', 'Tiene', 'Tiene', 'Tiene', 'Tiene', 'Tiene', 'Tiene', 'Tiene', 'Tiene', 'Tiene', 'Tiene', 'Tiene', 'Tiene', 'Bien', 'Bien', 'Bien', 'Bien', 'Bien', '', '2017-09-25 13:17:00'),
(123, 113, 1, 17, 'Tiene', 'Funciona', 'Funciona', 'Tiene', 'Bien', 'Bien', 'Bien', 'Bien', 'Bien', 'Bien', 'Bien', 'Tiene', 'Completo', 'Completo', 'Funciona', 'Funciona', 'Tiene', 'Tiene', 'Tiene', 'Tiene', 'Tiene', 'Tiene', 'Tiene', 'Tiene', 'Tiene', 'Tiene', 'Tiene', 'Tiene', 'Bien', 'Bien', 'Bien', 'Bien', 'Bien', '', '2017-09-25 13:29:00'),
(124, 75, 1, 3, 'Tiene', 'Funciona', 'Funciona', 'No tiene', 'No tiene', 'Bien', 'Bien', 'Bien', 'Bien', 'Bien', 'Bien', 'Tiene', 'Completo', 'Falta 2', 'Funciona', 'Funciona', 'Tiene', 'Tiene', 'Tiene', 'Tiene', 'Tiene', 'Tiene', 'Tiene', 'Tiene', 'Tiene', 'Tiene', 'Tiene', 'Tiene', 'Bien', 'Bien', 'Bien', 'Bien', 'Bien', 'Bus parado por mt', '2017-09-25 13:35:00'),
(125, 39, 1, 17, 'Tiene', 'No funciona', 'Funciona', 'No tiene', 'No tiene', 'Bien', 'Bien', 'Bien', 'Bien', 'Bien', 'Bien', 'Tiene', 'Completo', 'Falta 1', 'No tiene', 'No tiene', 'Tiene', 'Tiene', 'Tiene', 'Tiene', 'Tiene', 'Tiene', 'Tiene', 'Tiene', 'Tiene', 'Tiene', 'Tiene', 'Tiene', 'Reparado', 'Reparado', 'No tiene', 'No tiene', 'No tiene', 'Se sacó la placa del bus como remplazo de la placa en mal estado del BA-027', '2017-09-25 13:46:00'),
(126, 76, 1, 3, 'Tiene', 'Funciona', 'Funciona', 'Tiene', 'Bien', 'Bien', 'Bien', 'Bien', 'Bien', 'Bien', 'Bien', 'Tiene', 'Completo', 'Completo', 'Funciona', 'No funcion', 'Tiene', 'Tiene', 'Tiene', 'Tiene', 'Tiene', 'Tiene', 'Tiene', 'Tiene', 'Tiene', 'Tiene', 'Tiene', 'Tiene', 'Bien', 'Bien', 'No tiene', 'Bien', 'Bien', 'Parado por mt', '2017-09-25 13:58:00'),
(127, 92, 1, 3, 'Tiene', 'Funciona', 'Funciona', 'Tiene', 'Bien', 'Bien', 'Bien', 'Bien', 'Bien', 'Bien', 'Bien', 'Tiene', 'Completo', 'Completo', 'Funciona', 'Funciona', 'Tiene', 'Tiene', 'Tiene', 'Tiene', 'Tiene', 'Tiene', 'Tiene', 'Tiene', 'Tiene', 'Tiene', 'Tiene', 'Tiene', 'Bien', 'Bien', 'Bien', 'Bien', 'Bien', 'Bus parado por mt', '2017-09-25 14:02:00'),
(128, 133, 2, 20, 'Tiene', 'Funciona', 'Funciona', 'Tiene', 'Bien', 'Bien', 'Bien', 'Bien', 'Bien', 'Bien', 'Bien', 'Tiene', 'Completo', 'Completo', 'Funciona', 'Funciona', 'Tiene', 'Tiene', 'Tiene', 'Tiene', 'Tiene', 'Tiene', 'Tiene', 'Tiene', 'Tiene', 'Tiene', 'Tiene', 'Tiene', 'Bien', 'Bien', 'Bien', 'Bien', 'Bien', '', '2017-09-25 14:04:00'),
(129, 12, 1, 3, 'Tiene', 'Funciona', 'Funciona', 'Tiene', 'Bien', 'Bien', 'Bien', 'Bien', 'Bien', 'Bien', 'Bien', 'Tiene', 'Completo', 'Falta 3', 'No tiene', 'No tiene', 'Tiene', 'Tiene', 'Tiene', 'Tiene', 'Tiene', 'Adaptado', 'Tiene', 'Tiene', 'Tiene', 'Tiene', 'Tiene', 'Tiene', 'Reparado', 'Reparado', 'No tiene', 'No tiene', 'No tiene', 'Bus parado por mt', '2017-09-25 14:10:00'),
(130, 57, 1, 3, 'Tiene', 'Funciona', 'Funciona', 'Tiene', 'Bien', 'Bien', 'Bien', 'Bien', 'Bien', 'Bien', 'Bien', 'Tiene', 'Completo', 'Falta 3', 'No tiene', 'No funcion', 'Tiene', 'Tiene', 'Tiene', 'Tiene', 'Tiene', 'Tiene', 'Tiene', 'Tiene', 'Tiene', 'Tiene', 'Tiene', 'Tiene', 'Reparado', 'Reparado', 'Averiado', 'No tiene', 'No tiene', 'Bus parado por mt', '2017-09-25 14:15:00'),
(131, 49, 1, 3, 'Tiene', 'Funciona', 'Funciona', 'Tiene', 'Bien', 'Bien', 'Bien', 'Bien', 'Bien', 'Bien', 'Bien', 'Tiene', 'Completo', 'Falta 3', 'No tiene', 'No tiene', 'Tiene', 'Adaptado', 'Tiene', 'Tiene', 'Tiene', 'Adaptado', 'Tiene', 'Tiene', 'Tiene', 'Adaptado', 'Tiene', 'Tiene', 'Reparado', 'Reparado', 'Averiado', 'No tiene', 'No tiene', 'Bus parado por mt', '2017-09-25 14:19:00'),
(139, 26, 4, 7, 'Tiene', 'Funciona', 'Funciona', 'Tiene', 'Bien', 'Bien', 'Bien', 'Bien', 'Bien', 'Bien', 'Bien', 'Tiene', 'Completo', 'Completo', 'No tiene', 'No tiene', 'Tiene', 'Tiene', 'Tiene', 'Tiene', 'Tiene', 'Tiene', 'Tiene', 'Tiene', 'Tiene', 'Tiene', 'Tiene', 'Tiene', 'Bien', 'Reparado', 'Averiado', 'No tiene', 'No tiene', '', '2017-09-25 14:24:00'),
(140, 25, 1, 17, 'Tiene', 'Funciona', 'Funciona', 'Tiene', 'Bien', 'Bien', 'Bien', 'Bien', 'Bien', 'Bien', 'Bien', 'Tiene', 'Completo', 'Falta 1', 'No funciona', 'No tiene', 'Tiene', 'Tiene', 'Tiene', 'Tiene', 'Tiene', 'Tiene', 'Tiene', 'Tiene', 'Tiene', 'Tiene', 'Tiene', 'Tiene', 'Reparado', 'Reparado', 'No tiene', 'No tiene', 'No tiene', 'El bus se encuentra parado por el área de MT', '2017-09-25 14:24:00'),
(141, 132, 1, 3, 'Tiene', 'Funciona', 'Funciona', 'Tiene', 'Bien', 'Bien', 'Bien', 'Bien', 'Bien', 'Bien', 'Bien', 'Tiene', 'Completo', 'Completo', 'Funciona', 'Funciona', 'Tiene', 'Tiene', 'Tiene', 'Tiene', 'Tiene', 'Tiene', 'Tiene', 'Tiene', 'Tiene', 'Tiene', 'Tiene', 'Tiene', 'Bien', 'Bien', 'Bien', 'Bien', 'Bien', '', '2017-09-25 14:26:00'),
(142, 110, 1, 17, 'Tiene', 'Funciona', 'Funciona', 'Tiene', 'Bien', 'Bien', 'Bien', 'Bien', 'Bien', 'Bien', 'Bien', 'Tiene', 'Completo', 'Completo', 'Funciona', 'Funciona', 'Tiene', 'Tiene', 'Tiene', 'Tiene', 'Tiene', 'Tiene', 'Tiene', 'Tiene', 'Tiene', 'Tiene', 'Tiene', 'Tiene', 'Bien', 'Bien', 'Bien', 'Bien', 'Bien', '', '2017-09-25 14:30:00'),
(143, 37, 4, 7, 'Tiene', 'Funciona', 'Funciona', 'Tiene', 'Bien', 'Bien', 'Bien', 'Bien', 'Bien', 'Bien', 'Bien', 'Tiene', 'Completo', 'Completo', 'No tiene', 'No tiene', 'Tiene', 'Tiene', 'Tiene', 'Tiene', 'Tiene', 'Tiene', 'Tiene', 'Tiene', 'Tiene', 'Tiene', 'Tiene', 'Tiene', 'Bien', 'Reparado', 'Averiado', 'No tiene', 'No tiene', '', '2017-09-25 14:31:00'),
(144, 93, 1, 3, 'Tiene', 'Funciona', 'Funciona', 'Tiene', 'Bien', 'Bien', 'Bien', 'Bien', 'Bien', 'Bien', 'Bien', 'Tiene', 'Completo', 'Falta 3', 'Funciona', 'Funciona', 'Tiene', 'Tiene', 'Tiene', 'Tiene', 'Tiene', 'Tiene', 'Tiene', 'Tiene', 'Tiene', 'Tiene', 'Tiene', 'Tiene', 'Bien', 'Bien', 'Bien', 'Bien', 'Bien', '', '2017-09-25 14:36:00'),
(145, 123, 1, 17, 'Tiene', 'Funciona', 'Funciona', 'Tiene', 'Bien', 'Bien', 'Bien', 'Bien', 'Bien', 'Bien', 'Bien', 'Tiene', 'Completo', 'Falta 3', 'Funciona', 'No funcion', 'Tiene', 'Tiene', 'Tiene', 'Tiene', 'Tiene', 'Tiene', 'Tiene', 'Tiene', 'Tiene', 'Tiene', 'Tiene', 'Tiene', 'Bien', 'Bien', 'Bien', 'Bien', 'Bien', '', '2017-09-25 14:40:00'),
(146, 83, 1, 3, 'Tiene', 'Funciona', 'Funciona', 'Tiene', 'Bien', 'Bien', 'Bien', 'Bien', 'Bien', 'Bien', 'Bien', 'Tiene', 'Completo', 'Falta 3', 'Funciona', 'Funciona', 'Tiene', 'Tiene', 'Tiene', 'Tiene', 'Tiene', 'Tiene', 'Tiene', 'Tiene', 'Tiene', 'Tiene', 'Tiene', 'Tiene', 'Bien', 'Bien', 'Bien', 'Bien', 'Bien', '', '2017-09-25 14:41:00'),
(147, 96, 1, 3, 'Tiene', 'Funciona', 'Funciona', 'Tiene', 'Bien', 'Bien', 'Bien', 'Bien', 'Bien', 'Bien', 'Bien', 'Tiene', 'Completo', 'Completo', 'Funciona', 'Funciona', 'Tiene', 'Tiene', 'Tiene', 'Tiene', 'Tiene', 'Tiene', 'Tiene', 'Tiene', 'Tiene', 'Tiene', 'Tiene', 'Tiene', 'Bien', 'Bien', 'Bien', 'Bien', 'Bien', '', '2017-09-25 14:44:00'),
(148, 124, 1, 3, 'Tiene', 'Funciona', 'Funciona', 'Tiene', 'Bien', 'Bien', 'Bien', 'Bien', 'Bien', 'Bien', 'Bien', 'Tiene', 'Completo', 'Completo', 'Funciona', 'Funciona', 'Tiene', 'Tiene', 'Tiene', 'Tiene', 'Tiene', 'Tiene', 'Tiene', 'Tiene', 'Tiene', 'Tiene', 'Tiene', 'Tiene', 'Bien', 'Bien', 'Averiado', 'Bien', 'Bien', '', '2017-09-25 15:03:00'),
(149, 67, 1, 17, 'Tiene', 'Funciona', 'Funciona', 'Tiene', 'Bien', 'Bien', 'Bien', 'Bien', 'Bien', 'Bien', 'Bien', 'Tiene', 'Completo', 'Completo', 'Funciona', 'Funciona', 'Tiene', 'Tiene', 'Tiene', 'Tiene', 'Tiene', 'Tiene', 'Tiene', 'Tiene', 'Tiene', 'Tiene', 'Tiene', 'Tiene', 'Bien', 'Bien', 'Bien', 'Bien', 'Bien', '', '2017-09-25 15:08:00'),
(150, 1, 1, 17, 'Tiene', 'Funciona', 'Funciona', 'Tiene', 'Bien', 'Bien', 'Bien', 'Bien', 'Bien', 'Bien', 'Bien', 'No tiene', 'Completo', 'Falta 3', 'Funciona', 'Funciona', 'Tiene', 'Tiene', 'Tiene', 'Tiene', 'Tiene', 'Tiene', 'Tiene', 'Tiene', 'Tiene', 'Tiene', 'Tiene', 'Tiene', 'Bien', 'No tiene', 'No tiene', 'No tiene', 'No tiene', 'El bus cuenta con un sistema de acceso diferente a los otros buses de la flota', '2017-09-25 15:23:00'),
(151, 115, 1, 3, 'Tiene', 'Funciona', 'Funciona', 'Tiene', 'Bien', 'Bien', 'Bien', 'Bien', 'Bien', 'Bien', 'Bien', 'Tiene', 'Completo', 'Completo', 'Funciona', 'Funciona', 'Tiene', 'Tiene', 'Tiene', 'Tiene', 'Tiene', 'Tiene', 'Tiene', 'Tiene', 'Tiene', 'Tiene', 'Tiene', 'Tiene', 'Bien', 'Bien', 'Bien', 'Bien', 'Bien', '', '2017-09-25 15:27:00'),
(152, 86, 4, 7, 'Tiene', 'Funciona', 'Funciona', 'Tiene', 'Bien', 'Bien', 'Bien', 'Bien', 'Bien', 'Bien', 'Bien', 'Tiene', 'Completo', 'Completo', 'Funciona', 'Funciona', 'Tiene', 'Tiene', 'Tiene', 'Tiene', 'Tiene', 'Tiene', 'Tiene', 'Tiene', 'Tiene', 'Tiene', 'Tiene', 'Tiene', 'Bien', 'Bien', 'Averiado', 'Bien', 'Bien', '', '2017-09-25 15:27:00'),
(153, 18, 1, 17, 'Tiene', 'Funciona', 'Funciona', 'Tiene', 'Bien', 'Bien', 'Bien', 'Bien', 'Bien', 'Bien', 'Bien', 'Tiene', 'Completo', 'Falta 1', 'No tiene', 'Funciona', 'Tiene', 'Tiene', 'Tiene', 'Tiene', 'Tiene', 'Tiene', 'Tiene', 'No tiene', 'Tiene', 'Adaptado', 'Tiene', 'Tiene', 'Reparado', 'Reparado', 'Averiado', 'No tiene', 'No tiene', '', '2017-09-25 15:29:00'),
(154, 55, 1, 17, 'Tiene', 'Funciona', 'Funciona', 'Tiene', 'Bien', 'Bien', 'Bien', 'Bien', 'Bien', 'Bien', 'Bien', 'Tiene', 'Completo', 'Falta 3', 'Funciona', 'No tiene', 'Tiene', 'Adaptado', 'Tiene', 'Tiene', 'Tiene', 'Tiene', 'Tiene', 'Tiene', 'Tiene', 'Tiene', 'Tiene', 'Tiene', 'Reparado', 'Reparado', 'No tiene', 'No tiene', 'No tiene', 'No cuenta con una visagra por lo que la tapa es sujetada por cinta de doble impacto ', '2017-09-25 15:41:00'),
(155, 53, 1, 17, 'Tiene', 'Funciona', 'Funciona', 'Tiene', 'Bien', 'Bien', 'Bien', 'Bien', 'Bien', 'Bien', 'Bien', 'No tiene', 'Completo', 'Falta 3', 'No tiene', 'No tiene', 'Tiene', 'Tiene', 'Tiene', 'Tiene', 'Tiene', 'Tiene', 'Tiene', 'Tiene', 'Tiene', 'Tiene', 'Tiene', 'Tiene', 'Reparado', 'Reparado', 'No tiene', 'No tiene', 'No tiene', 'No cuenta con una visagra por lo que el agarre de la tapa superior es realizada por  cinta de doble impacto ', '2017-09-25 15:55:00'),
(156, 56, 1, 17, 'Tiene', 'Funciona', 'Funciona', 'Tiene', 'Bien', 'Bien', 'Bien', 'Bien', 'Bien', 'Bien', 'Bien', 'Tiene', 'Completo', 'Falta 3', 'No tiene', 'No tiene', 'Tiene', 'Tiene', 'Tiene', 'Tiene', 'Tiene', 'Tiene', 'Tiene', 'Tiene', 'Tiene', 'Tiene', 'Tiene', 'Tiene', 'Reparado', 'Bien', 'No tiene', 'No tiene', 'No tiene', 'El sensor no tiene tuerca de sujeción ', '2017-09-25 16:07:00'),
(157, 59, 1, 17, 'Tiene', 'Funciona', 'Funciona', 'Tiene', 'Bien', 'Bien', 'Bien', 'Bien', 'Bien', 'Bien', 'Bien', 'Tiene', 'Completo', 'Falta 3', 'No tiene', 'No tiene', 'Tiene', 'Tiene', 'Tiene', 'Tiene', 'Tiene', 'Tiene', 'Tiene', 'Tiene', 'Tiene', 'Tiene', 'Tiene', 'Tiene', 'Reparado', 'Reparado', 'No tiene', 'No tiene', 'No tiene', '', '2017-09-25 16:16:00'),
(158, 41, 1, 17, 'Tiene', 'Funciona', 'Funciona', 'Tiene', 'Bien', 'Bien', 'Bien', 'Bien', 'Bien', 'Bien', 'Bien', 'Tiene', 'Completo', 'Falta 3', 'No tiene', 'No tiene', 'Tiene', 'Adaptado', 'Tiene', 'Tiene', 'Tiene', 'Tiene', 'Tiene', 'Tiene', 'Tiene', 'Tiene', 'Tiene', 'Tiene', 'Reparado', 'No tiene', 'No tiene', 'No tiene', 'No tiene', '', '2017-09-25 16:25:00'),
(159, 58, 1, 3, 'Tiene', 'Funciona', 'Funciona', 'Tiene', 'Bien', 'Bien', 'Bien', 'Bien', 'Bien', 'Bien', 'Bien', 'Tiene', 'Completo', 'Completo', 'Funciona', 'Funciona', 'Tiene', 'Adaptado', 'Tiene', 'Tiene', 'Tiene', 'Adaptado', 'Tiene', 'Tiene', 'Tiene', 'Tiene', 'Tiene', 'Tiene', 'Reparado', 'No tiene', 'No tiene', 'No tiene', 'No tiene', '', '2017-09-25 16:26:00'),
(160, 64, 1, 8, 'Tiene', 'Funciona', 'Funciona', 'Tiene', 'Bien', 'Bien', 'Bien', 'Bien', 'Bien', 'Bien', 'Bien', 'Tiene', 'Completo', 'Completo', 'Funciona', 'Funciona', 'Tiene', 'Tiene', 'Tiene', 'Tiene', 'Tiene', 'Tiene', 'Tiene', 'Tiene', 'Tiene', 'Tiene', 'Tiene', 'Tiene', 'Bien', 'Bien', 'Bien', 'Bien', 'Bien', '', '2017-09-25 17:02:00'),
(161, 61, 1, 17, 'Tiene', 'Funciona', 'Funciona', 'Tiene', 'Bien', 'Bien', 'Bien', 'Bien', 'Bien', 'Bien', 'Bien', 'Tiene', 'Completo', 'Completo', 'No tiene', 'No tiene', 'Tiene', 'Tiene', 'Tiene', 'Tiene', 'Tiene', 'Tiene', 'Tiene', 'Tiene', 'Tiene', 'Tiene', 'Tiene', 'Tiene', 'Reparado', 'No tiene', 'No tiene', 'No tiene', 'No tiene', '', '2017-09-25 17:06:00'),
(162, 43, 1, 17, 'Tiene', 'No funciona', 'No funciona', 'Tiene', 'Bien', 'Bien', 'Bien', 'No Tiene', 'Bien', 'No tiene', 'Bien', 'No tiene', 'Completo', 'Falta 1', 'No tiene', 'No funcion', 'Tiene', 'Tiene', 'Tiene', 'Tiene', 'Tiene', 'Tiene', 'Tiene', 'Tiene', 'Tiene', 'Tiene', 'Tiene', 'Tiene', 'Reparado', 'Bien', 'No tiene', 'No tiene', 'No tiene', 'El piston que baja el brazo 1 está  roto. Le falta un sensor de efacto hall a la placa del torniquete, por tal motivo no se pudo comprobar su operatividad. \r\nEl bus se encuentra parado por el área de MT .', '2017-09-25 17:39:00'),
(163, 141, 1, 17, 'Tiene', 'Funciona', 'Funciona', 'Tiene', 'Bien', 'Bien', 'Bien', 'Bien', 'Bien', 'Bien', 'Bien', 'Tiene', 'Completo', 'Completo', 'Funciona', 'Funciona', 'Tiene', 'Tiene', 'Tiene', 'Tiene', 'Tiene', 'Tiene', 'Tiene', 'Tiene', 'Tiene', 'Tiene', 'Tiene', 'Tiene', 'Bien', 'Bien', 'Bien', 'Bien', 'Bien', 'El bus se encuentra parado por MT ', '2017-09-25 17:57:00'),
(164, 27, 1, 17, 'Tiene', 'Funciona', 'Funciona', 'Tiene', 'Bien', 'Bien', 'Bien', 'Bien', 'Bien', 'Bien', 'Bien', 'Tiene', 'Completo', 'Falta 3', 'No tiene', 'No tiene', 'Tiene', 'Tiene', 'Tiene', 'Tiene', 'Tiene', 'Tiene', 'Tiene', 'Tiene', 'Tiene', 'Tiene', 'Tiene', 'Tiene', 'Reparado', 'Bien', 'No tiene', 'No tiene', 'No tiene', 'El bus se encuentra parado por el área de MT.', '2017-09-25 18:05:00'),
(165, 11, 1, 17, 'Tiene', 'No funciona', 'No funciona', 'Tiene', 'Bien', 'Bien', 'Bien', 'Bien', 'Bien', 'Bien', 'Bien', 'Tiene', 'Completo', 'Falta 3', 'No tiene', 'No tiene', 'Tiene', 'Tiene', 'Tiene', 'Tiene', 'Tiene', 'Tiene', 'Tiene', 'Tiene', 'Tiene', 'Tiene', 'Tiene', 'Tiene', 'Reparado', 'Reparado', 'No tiene', 'No tiene', 'No tiene', 'El driver del solenoide de agarre de barra no funciona.\r\nEl bus se encuentra parado por el área de MT..', '2017-09-25 18:13:00'),
(166, 20, 1, 17, 'Tiene', 'No funciona', 'No tiene', 'Tiene', 'Bien', 'Bien', 'Bien', 'Bien', 'Bien', 'Bien', 'Bien', 'Tiene', 'Completo', 'Falta 2', 'No tiene', 'No tiene', 'Tiene', 'Tiene', 'Tiene', 'Tiene', 'Tiene', 'Tiene', 'Tiene', 'Tiene', 'Tiene', 'Tiene', 'Tiene', 'Tiene', 'Reparado', 'No tiene', 'No tiene', 'No tiene', 'No tiene', 'Bus parado por el área de MT', '2017-09-25 18:19:00');
INSERT INTO `acceso` (`idacceso`, `bus_idbus`, `instalacion_idinstalacion`, `usuario_idusuario`, `molinete`, `estado_molinete`, `placa_molinete`, `val_conectordb9`, `val_estadodb9`, `sol_giro_ingreso`, `sol_bastago_giro_ingreso`, `sol_giro_inverso`, `sol_bastago_giro_inverso`, `sol_agarre_bastago`, `sol_bastago_agarre`, `sensor_agarre`, `ferritas`, `rueda_dentada`, `contador_molinete`, `bociona_activacion`, `brz1_pasador`, `brz1_tornillo_pasador`, `brz1_brazo`, `brz1_tornillo_alem_largo`, `brz2_pasador`, `brz2_tornillo_pasador`, `brz2_brazo`, `brz2_tornillo_alem_largo`, `brz3_pasador`, `brz3_tornillo_pasador`, `brz3_brazo`, `brz3_tornillo_alem_largo`, `estructura_chasis`, `estructura_visagras`, `chapas_central`, `chapas_derecha`, `chapas_izquierda`, `observaciones`, `fecha`) VALUES
(167, 17, 1, 17, 'Tiene', 'No funciona', 'No tiene', 'Tiene', 'Bien', 'Bien', 'Bien', 'Bien', 'Bien', 'Bien', 'Bien', 'Tiene', 'Completo', 'Completo', 'No tiene', 'No tiene', 'Tiene', 'Tiene', 'Tiene', 'Tiene', 'Tiene', 'Tiene', 'Tiene', 'Tiene', 'Tiene', 'Tiene', 'Tiene', 'Tiene', 'Reparado', 'Bien', 'No tiene', 'No tiene', 'No tiene', 'El bus se encuentra parado por el área de MT', '2017-09-25 18:23:00'),
(168, 118, 7, 6, 'Tiene', 'Funciona', 'Funciona', 'Tiene', 'Bien', 'Bien', 'Bien', 'Bien', 'Bien', 'Bien', 'Bien', 'Tiene', 'Completo', 'Completo', 'Funciona', 'Funciona', 'Tiene', 'Tiene', 'Tiene', 'Tiene', 'Tiene', 'Tiene', 'Tiene', 'Tiene', 'Tiene', 'Tiene', 'Tiene', 'Tiene', 'Bien', 'Bien', 'Bien', 'Bien', 'Bien', '', '2017-09-25 19:03:00'),
(169, 107, 7, 20, 'Tiene', 'Funciona', 'Funciona', 'Tiene', 'Bien', 'Bien', 'Bien', 'Bien', 'Bien', 'Bien', 'Bien', 'Tiene', 'Completo', 'Completo', 'Funciona', 'Funciona', 'Tiene', 'Tiene', 'Tiene', 'Tiene', 'Tiene', 'Tiene', 'Tiene', 'Tiene', 'Tiene', 'Tiene', 'Tiene', 'Tiene', 'Bien', 'Bien', 'Bien', 'Bien', 'Bien', '', '2017-09-25 19:39:00'),
(170, 74, 7, 20, 'Tiene', 'Funciona', 'Funciona', 'Tiene', 'Bien', 'Bien', 'Bien', 'Bien', 'Bien', 'Bien', 'Bien', 'Tiene', 'Completo', 'Completo', 'Funciona', 'Funciona', 'Tiene', 'Tiene', 'Tiene', 'Tiene', 'Tiene', 'Tiene', 'Tiene', 'Tiene', 'Tiene', 'Tiene', 'Tiene', 'Tiene', 'Bien', 'Bien', 'Bien', 'Bien', 'Bien', '', '2017-09-25 20:18:00'),
(171, 140, 1, 17, 'Tiene', 'Funciona', 'Funciona', 'Tiene', 'Mal', 'Bien', 'Bien', 'Bien', 'Bien', 'Bien', 'Bien', 'Tiene', 'Completo', 'Completo', 'Funciona', 'Funciona', 'Tiene', 'Tiene', 'Tiene', 'Tiene', 'Tiene', 'Tiene', 'Tiene', 'Tiene', 'Tiene', 'Adaptado', 'Tiene', 'Tiene', 'Bien', 'Bien', 'Bien', 'Bien', 'Averiado', 'El conector DB9 tiene los tornillos de sugecion averiados, por lo que se encuentra sujetado con cinta islante', '2017-09-25 20:19:00'),
(172, 77, 2, 6, 'Tiene', 'Funciona', 'Funciona', 'Tiene', 'Bien', 'Bien', 'Bien', 'Bien', 'Bien', 'Bien', 'Bien', 'Tiene', 'Completo', 'Completo', 'Funciona', 'Funciona', 'Tiene', 'Tiene', 'Tiene', 'Tiene', 'Tiene', 'Tiene', 'Tiene', 'Tiene', 'Tiene', 'Tiene', 'Tiene', 'Tiene', 'Bien', 'Bien', 'Bien', 'Bien', 'Bien', 'COVIMOTORS BUS PARADO POR ARREGLO DE CAJA ZF.', '2017-09-25 20:43:00'),
(173, 126, 2, 6, 'Tiene', 'Funciona', 'Funciona', 'Tiene', 'Bien', 'Bien', 'Bien', 'Bien', 'Bien', 'Bien', 'Bien', 'Tiene', 'Completo', 'Completo', 'Funciona', 'Funciona', 'Tiene', 'Tiene', 'Tiene', 'Tiene', 'Tiene', 'Tiene', 'Tiene', 'Tiene', 'Tiene', 'Tiene', 'Tiene', 'Tiene', 'Bien', 'Bien', 'Bien', 'Bien', 'Bien', 'COVIMOTORS PARADO POR ARREGLO DE CAJA ZF', '2017-09-25 21:11:00'),
(174, 136, 5, 2, 'Tiene', 'Funciona', 'Funciona', 'Tiene', 'Bien', 'Bien', 'Bien', 'Bien', 'Bien', 'Bien', 'Bien', 'Tiene', 'Completo', 'Completo', 'Funciona', 'Funciona', 'Tiene', 'Tiene', 'Tiene', 'Tiene', 'Tiene', 'Tiene', 'Tiene', 'Tiene', 'Tiene', 'Tiene', 'Tiene', 'Tiene', 'Bien', 'Bien', 'Bien', 'Bien', 'Bien', '', '2017-09-25 23:52:00'),
(175, 89, 2, 6, 'Tiene', 'Funciona', 'Funciona', 'Tiene', 'Bien', 'Bien', 'Bien', 'Bien', 'Bien', 'Bien', 'Bien', 'Tiene', 'Completo', 'Completo', 'Funciona', 'Funciona', 'Tiene', 'Tiene', 'Tiene', 'Tiene', 'Tiene', 'Tiene', 'Tiene', 'Tiene', 'Tiene', 'Tiene', 'Tiene', 'Tiene', 'Bien', 'Bien', 'Bien', 'Bien', 'Bien', 'COVIMOTORS BUS PARADO POR REPARACION DE CAJA ZF', '2017-09-26 09:31:00');

-- --------------------------------------------------------

--
-- Estructura de tabla para la tabla `audiovisual`
--

CREATE TABLE `audiovisual` (
  `idaudiovisual` int(11) NOT NULL,
  `bus_idbus` int(11) NOT NULL,
  `instalacion_idinstalacion` int(11) NOT NULL,
  `usuario_idusuario` int(11) NOT NULL,
  `visualizacion_grabacionkl` varchar(45) NOT NULL,
  `tipo_almacenamientokl` varchar(45) NOT NULL,
  `capacidad_almacenamientokl` varchar(45) NOT NULL,
  `numero_serieHdd` varchar(45) NOT NULL,
  `estado_kl` varchar(45) NOT NULL,
  `estado_display` varchar(45) NOT NULL,
  `touch_display` varchar(45) NOT NULL,
  `boton_display1` varchar(45) NOT NULL,
  `boton_display_2` varchar(45) NOT NULL,
  `boton_display_3` varchar(45) NOT NULL,
  `boton_display_4` varchar(45) NOT NULL,
  `estado_tv1` varchar(45) NOT NULL,
  `cod_gamlptv1` varchar(45) DEFAULT NULL,
  `cod_gamlp1` varchar(45) DEFAULT NULL,
  `numero_serietv1` varchar(45) NOT NULL,
  `tipo_conectortv1` varchar(45) NOT NULL,
  `estado_conectortv1` varchar(45) NOT NULL,
  `conector_rcatv1` varchar(45) NOT NULL,
  `estado_tv2` varchar(45) NOT NULL,
  `cod_gamlptv2` varchar(45) DEFAULT NULL,
  `cod_gamlp2` varchar(45) DEFAULT NULL,
  `numero_serietv2` varchar(45) NOT NULL,
  `tipo_conectortv2` varchar(45) NOT NULL,
  `estado_conectortv2` varchar(45) NOT NULL,
  `conector_rcatv2` varchar(45) NOT NULL,
  `mic_conductor` varchar(45) NOT NULL,
  `brazo_mic` varchar(45) NOT NULL,
  `mic_anfitrion` varchar(45) NOT NULL,
  `cable_usb` varchar(45) NOT NULL,
  `estado_usb` varchar(45) NOT NULL,
  `obs` varchar(800) NOT NULL,
  `fecha` datetime NOT NULL
) ENGINE=InnoDB DEFAULT CHARSET=utf8;

--
-- Volcado de datos para la tabla `audiovisual`
--

INSERT INTO `audiovisual` (`idaudiovisual`, `bus_idbus`, `instalacion_idinstalacion`, `usuario_idusuario`, `visualizacion_grabacionkl`, `tipo_almacenamientokl`, `capacidad_almacenamientokl`, `numero_serieHdd`, `estado_kl`, `estado_display`, `touch_display`, `boton_display1`, `boton_display_2`, `boton_display_3`, `boton_display_4`, `estado_tv1`, `cod_gamlptv1`, `cod_gamlp1`, `numero_serietv1`, `tipo_conectortv1`, `estado_conectortv1`, `conector_rcatv1`, `estado_tv2`, `cod_gamlptv2`, `cod_gamlp2`, `numero_serietv2`, `tipo_conectortv2`, `estado_conectortv2`, `conector_rcatv2`, `mic_conductor`, `brazo_mic`, `mic_anfitrion`, `cable_usb`, `estado_usb`, `obs`, `fecha`) VALUES
(1, 123, 1, 3, 'Video Input1', 'Disco Duro', '320 G', 'WX31AC4952HT', 'Bien', 'Funciona', 'Funciona', 'Bien', 'Bien', 'Bien', 'Bien', 'Funciona', 'No tiene', '', '158207.1822V-02Q**H117046', 'MINI DIN(BUSES NUEVOS)', 'Bien', 'No Tiene', 'Funciona', 'No tiene', '', '158207.1822V-02Q**H117033', 'MINI DIN(BUSES NUEVOS)', 'Bien', 'No Tiene', 'Funciona', 'Bien', 'Funciona', 'Tiene', 'Bien', '', '2017-09-20 15:42:00'),
(2, 63, 1, 3, 'Video Input1', 'Disco Duro', '320 G', 'WX32OOBPVT', 'Bien', 'Funciona', 'Funciona', 'Bien', 'Bien', 'Bien', 'Bien', 'Funciona', 'No tiene', '', '157207.1822V-02Q**H107654', 'MINI DIN(BUSES NUEVOS)', 'Bien', 'No Tiene', 'Funciona', 'No tiene', '', '157207.1822V-02Q**H107655', 'MINI DIN(BUSES NUEVOS)', 'Bien', 'No Tiene', 'Funciona', 'Roto', 'Funciona', 'Tiene', 'Bien', '', '2017-09-20 15:50:00'),
(3, 42, 1, 3, 'Video Input1', 'USB Ext', 'No Tiene', '', 'Bien', 'Funciona', 'Funciona', 'Bien', 'Bien', 'Bien', 'Bien', 'Funciona', 'No tiene', '', '165207.1704MV-02C*H090135', 'RCA', 'Bien', 'Bien', 'Funciona', 'Si Tiene Llena el Siguiente Cuadro', '10568-0000706', '137207.1704MV-02C*H068902', 'RCA', 'Bien', 'Bien', 'Funciona', 'Bien', 'Funciona', 'Tiene', 'Bien', '', '2017-09-20 15:56:00'),
(4, 18, 1, 3, 'Video Input1', 'USB Ext', 'No Tiene', '', 'Bien', 'Funciona', 'Funciona', 'Bien', 'Bien', 'Bien', 'No Tiene', 'Funciona', 'Si Tiene Llena el Siguiente Cuadro', '10568-000067', '137207.1704MV-02C*H068900', 'RCA', 'Bien', 'Bien', 'Funciona', 'Si Tiene Llena el Siguiente Cuadro', '10568-0000658', '137207.1704MV-02C*H068895', 'RCA', 'Bien', 'Bien', 'Funciona', 'Bien', 'Funciona', 'Tiene', 'Bien', '', '2017-09-20 16:07:00'),
(5, 135, 1, 3, 'Video Input1', 'Disco Duro', '320 G', 'WX31A459FPPP', 'Bien', 'Funciona', 'Funciona', 'Bien', 'Bien', 'Bien', 'Bien', 'Funciona', 'No tiene', '', '159207.1822V-02Q**H134773', 'MINI DIN(BUSES NUEVOS)', 'Bien', 'No Tiene', 'Funciona', 'No tiene', '', '159207.1822V-02Q**H134775', 'MINI DIN(BUSES NUEVOS)', 'Bien', 'No Tiene', 'Funciona', 'Bien', 'Funciona', 'Tiene', 'Bien', '', '2017-09-20 16:30:00'),
(6, 111, 2, 6, 'Video Input1', 'Disco Duro', '320 G', 'WX31AC495LX3', 'Bien', 'Funciona', 'Funciona', 'Bien', 'Bien', 'Bien', 'Bien', 'Funciona', 'No tiene', '', '157207.1822V-02Q**H107656', 'MINI DIN(BUSES NUEVOS)', 'Bien', 'No Tiene', 'Funciona', 'No tiene', '', '158207.1822V-02Q**H117035', 'MINI DIN(BUSES NUEVOS)', 'Bien', 'No Tiene', 'Funciona', 'Reparado', 'Funciona', 'Tiene', 'Bien', '', '2017-09-20 16:35:00'),
(7, 140, 1, 3, 'Video Input1', 'Disco Duro', '320 G', 'WX21A45DWX4', 'Bien', 'Funciona', 'Funciona', 'Bien', 'Bien', 'Bien', 'Bien', 'Funciona', 'No tiene', '', '159207.1822V-02Q**H134772', 'MINI DIN(BUSES NUEVOS)', 'Bien', 'No Tiene', 'Funciona', 'No tiene', '', '159207.1822V-02Q**H134779', 'MINI DIN(BUSES NUEVOS)', 'Bien', 'No Tiene', 'Funciona', 'Reparado', 'Funciona', 'Tiene', 'Bien', '', '2017-09-20 16:38:00'),
(8, 41, 1, 3, 'No se visualiza', 'USB Ext', 'No Tiene', '', 'Bien', 'Funciona', 'Funciona', 'Bien', 'Bien', 'Bien', 'No Tiene', 'Funciona', 'Ilegible', '', '137207.1704MV-02C*H068881', 'RCA', 'Bien', 'Bien', 'Funciona', 'Si Tiene Llena el Siguiente Cuadro', '10568-0000704', '137207.1704MV-02C*H068807', 'RCA', 'Bien', 'Bien', 'Funciona', 'Bien', 'No Tiene', 'Tiene', 'Bien', '', '2017-09-20 16:42:00'),
(9, 53, 1, 3, 'No se visualiza', 'USB Ext', 'No Tiene', '', 'Bien', 'Funciona', 'Funciona', 'Bien', 'Bien', 'Bien', 'Bien', 'Funciona', 'Ilegible', '', '137207.1704MV-02C*H068829', 'RCA', 'Bien', 'Bien', 'Funciona', 'Ilegible', '', '137207.1704MV-02C*H068915', 'RCA', 'Bien', 'Bien', 'Funciona', 'Bien', 'No Tiene', 'Tiene', 'Bien', '', '2017-09-20 16:51:00'),
(11, 59, 1, 3, 'No se visualiza', 'USB Ext', 'No Tiene', '', 'Bien', 'Funciona', 'Funciona', 'Bien', 'Bien', 'Bien', 'Bien', 'Funciona', 'Ilegible', '', '137207.1704MV-02C*H068867', 'RCA', 'Bien', 'Bien', 'Funciona', 'Si Tiene Llena el Siguiente Cuadro', '10568-0000740', '137207.1704MV-02C*H068887', 'RCA', 'Bien', 'Bien', 'Funciona', 'Bien', 'Funciona', 'Tiene', 'Bien', '', '2017-09-20 16:56:00'),
(12, 132, 1, 3, 'Video Input2', 'Disco Duro', '320 G', 'WX31A459F35V', 'Bien', 'Funciona', 'Funciona', 'Bien', 'Bien', 'Bien', 'Bien', 'Funciona', 'No tiene', '', '157207.1822V-02Q**H107631', 'MINI DIN(BUSES NUEVOS)', 'Bien', 'No Tiene', 'Funciona', 'No tiene', '', '157207.1822V-02Q**H107630', 'MINI DIN(BUSES NUEVOS)', 'Bien', 'No Tiene', 'Funciona', 'Bien', 'Funciona', 'Tiene', 'Bien', '', '2017-09-20 17:02:00'),
(13, 110, 1, 3, 'Video Input1', 'Disco Duro', '320 G', 'WX31AC49STHT', 'Bien', 'Funciona', 'Funciona', 'Bien', 'Bien', 'Bien', 'Bien', 'Funciona', 'No tiene', '', '158207.1822V-02Q**H117039', 'MINI DIN(BUSES NUEVOS)', 'Bien', 'No Tiene', 'Funciona', 'No tiene', '', '158207.1822V-02Q**H117034', 'MINI DIN(BUSES NUEVOS)', 'Bien', 'No Tiene', 'Funciona', 'Reparado', 'Funciona', 'Tiene', 'Bien', '', '2017-09-20 17:07:00'),
(14, 96, 1, 3, 'Video Input1', 'Disco Duro', '320 G', 'WX21A45HTRLT', 'Bien', 'Funciona', 'Funciona', 'Bien', 'Bien', 'Bien', 'Bien', 'Funciona', 'No tiene', '', '158207.1822V-02Q**H116988', 'MINI DIN(BUSES NUEVOS)', 'Bien', 'No Tiene', 'Funciona', 'No tiene', '', '158207.1822V-02Q**H117031', 'MINI DIN(BUSES NUEVOS)', 'Bien', 'No Tiene', 'Funciona', 'Reparado', 'Funciona', 'Tiene', 'Bien', '', '2017-09-20 17:14:00'),
(15, 73, 1, 3, 'Video Input2', 'Disco Duro', '320 G', 'WX21A45DV008', 'Bien', 'Funciona', 'Funciona', 'Bien', 'Bien', 'Bien', 'Bien', 'Funciona', 'No tiene', '', '158207.1822V-02Q**H117071', 'MINI DIN(BUSES NUEVOS)', 'Bien', 'No Tiene', 'Funciona', 'No tiene', '', '158207.1822V-02Q**H116995', 'MINI DIN(BUSES NUEVOS)', 'Bien', 'No Tiene', 'Funciona', 'Roto', 'Funciona', 'Tiene', 'Bien', '', '2017-09-20 17:18:00'),
(16, 115, 1, 3, 'Video Input1', 'Disco Duro', '320 G', 'WX21AB48V1DL', 'Bien', 'Funciona', 'Funciona', 'Bien', 'Bien', 'Bien', 'Bien', 'Funciona', 'No tiene', '', '157207.1822V-02Q**H107620', 'MINI DIN(BUSES NUEVOS)', 'Bien', 'No Tiene', 'Funciona', 'No tiene', '', '158207.1822V-02Q**H117066', 'MINI DIN(BUSES NUEVOS)', 'Bien', 'No Tiene', 'Funciona', 'Bien', 'Funciona', 'Tiene', 'Bien', '', '2017-09-20 17:22:00'),
(17, 58, 1, 3, 'No se visualiza', 'USB Ext', 'No Tiene', '', 'Bien', 'Funciona', 'Funciona', 'Bien', 'Bien', 'Bien', 'Bien', 'Funciona', 'Ilegible', '', '137207.1704MV-02C*H068824', 'RCA', 'Bien', 'Bien', 'Funciona', 'Si Tiene Llena el Siguiente Cuadro', '10568-0000738', '137207.1704MV-02C*H068914', 'RCA', 'Bien', 'Bien', 'Funciona', 'Bien', 'No Tiene', 'Tiene', 'Bien', '', '2017-09-20 17:25:00'),
(18, 56, 1, 3, 'No se visualiza', 'USB Ext', 'No Tiene', '', 'Bien', 'Funciona', 'Funciona', 'Bien', 'Bien', 'Bien', 'Bien', 'Funciona', 'Ilegible', '', '137207.1704MV-02C*H068912', 'RCA', 'Bien', 'Bien', 'Funciona', 'Si Tiene Llena el Siguiente Cuadro', '10568-0000734', '137207.1704MV-02C*H068919', 'RCA', 'Bien', 'Bien', 'Funciona', 'Bien', 'No Tiene', 'Tiene', 'Bien', '', '2017-09-20 17:34:00'),
(19, 94, 3, 16, 'Video Input1', 'Disco Duro', '320 G', 'WX21AA421JX2', 'Bien', 'Funciona', 'Funciona', 'Bien', 'Bien', 'Bien', 'Bien', 'Funciona', 'No tiene', 'NO TIENE ', '158207.1822V-02Q**H117048', 'RCA', 'Bien', 'Bien', 'Funciona', 'No tiene', 'NO TIENE ', '158207.1822V-02Q**H117067', 'RCA', 'Bien', 'Bien', 'Funciona', 'Reparado', 'Funciona', 'Tiene', 'Bien', 'PARADO POR MT CONSUMO DE ACEITE DE MOTOR / BUS NO TIENE BATERIA Y SIN ENERGIAS ', '2017-09-20 19:35:00'),
(20, 28, 2, 6, 'Video Input1', 'USB Ext', 'No Tiene', '', 'Bien', 'Funciona', 'Funciona', 'Bien', 'Bien', 'Bien', 'Bien', 'Funciona', 'No tiene', '', '137207.1704MV-02C*H068820', 'RCA', 'Bien', 'Bien', 'Funciona', 'No tiene', '', '137207.1704MV-02C*H068868', 'RCA', 'Bien', 'Bien', 'Funciona', 'Bien', 'No Tiene', 'Tiene', 'Bien', '', '2017-09-20 19:55:00'),
(21, 6, 2, 20, 'No se visualiza', 'USB Ext', 'No Tiene', '', 'Bien', 'Funciona', 'Funciona', 'Bien', 'Bien', 'No Tiene', 'Bien', 'Funciona', 'No tiene', '', '137207.1704MV-02C*H068894', 'RCA', 'Bien', 'Bien', 'Funciona', 'No tiene', '', '137207.1704MV-02C*H068901', 'RCA', 'Bien', 'Bien', 'Funciona', 'Bien', 'No Tiene', 'Tiene', 'Bien', '', '2017-09-20 20:40:00'),
(22, 5, 2, 20, 'Video Input1', 'USB Ext', 'No Tiene', '', 'Bien', 'Funciona', 'Funciona', 'Bien', 'Bien', 'Bien', 'Bien', 'Funciona', 'No tiene', '', '137207.1704 MV-02C*H068870', 'RCA', 'Bien', 'Bien', 'Funciona', 'No Tiene', '', '137207.1704 MV-02C*H06892', 'RCA', 'Bien', 'Bien', 'Funciona', 'Bien', 'No Tiene', 'Tiene', 'Bien', '', '2017-09-20 21:12:00'),
(23, 33, 2, 19, 'Video Input1', 'USB Ext', 'No Tiene', '', 'Bien', 'Funciona', 'Funciona', 'Bien', 'Bien', 'No Tiene', 'Bien', 'Funciona', 'Ilegible', '', '137207.1704MV-02C*H068795', 'RCA', 'Bien', 'Bien', 'Funciona', 'Si Tiene Llena el Siguiente Cuadro', '10568-0000688', '137207.1704MV-02C*H068830', 'RCA', 'Bien', 'Bien', 'Funciona', 'Bien', 'No Tiene', 'Tiene', 'Bien', '', '2017-09-20 21:52:00'),
(24, 82, 3, 16, 'Video Input1', 'Disco Duro', '320 G', 'WX71AA4JT1VN', 'Bien', 'Funciona', 'Funciona', 'Bien', 'Bien', 'Bien', 'Bien', 'Funciona', 'Ilegible', 'NO TIENE ', '158207.1822V-02Q**H107660', 'RCA', 'Bien', 'Bien', 'Funciona', 'Ilegible', 'NO TIENE ', '158207.1822V-02Q**H107624', 'RCA', 'Bien', 'Bien', 'Funciona', 'Bien', 'Funciona', 'Tiene', 'Bien', 'BUS PARADO POR MT / NO TIENE PRESINTOS ', '2017-09-20 22:02:00'),
(25, 91, 2, 19, 'Video Input1', 'Disco Duro', '320 G', 'WX41E44ALUS3', 'Bien', 'Funciona', 'Funciona', 'Bien', 'Bien', 'Bien', 'Bien', 'Funciona', 'No tiene', '', '158207.1822V-02Q**H117016', 'RCA', 'Bien', 'Bien', 'Funciona', 'No tiene', '', '158207.1822V-02Q**H116983', 'RCA', 'Bien', 'Bien', 'Funciona', 'Bien', 'Funciona', 'Tiene', 'Bien', '', '2017-09-20 22:23:00'),
(26, 95, 6, 9, 'Video Input1', 'Disco Duro', 'No Tiene', '', 'Bien', 'Funciona', 'Funciona', 'Bien', 'Bien', 'Bien', 'Bien', 'Funciona', 'No tiene', '', '1572071822V-02Q**H107657', 'MINI DIN(BUSES NUEVOS)', 'Bien', 'No Tiene', 'Funciona', 'No tiene', '', '1572071822V-02Q**H107652', 'MINI DIN(BUSES NUEVOS)', 'Bien', 'No Tiene', 'Funciona', 'Reparado', 'Funciona', 'Tiene', 'Bien', 'Tapa de slot de disconduro nomtiene y esta sin disco duro', '2017-09-21 08:34:00'),
(27, 119, 2, 6, 'Video Input1', 'Disco Duro', '320 G', 'WX21A45HT3VS', 'Bien', 'Funciona', 'Funciona', 'Bien', 'Bien', 'Bien', 'Bien', 'Funciona', 'No tiene', '', '158207.1822V-02Q**H117002', 'MINI DIN(BUSES NUEVOS)', 'Bien', 'Bien', 'Funciona', 'No tiene', '', '158207.1822V-02Q**H117029', 'MINI DIN(BUSES NUEVOS)', 'Bien', 'Bien', 'No Funciona', 'Reparado', 'No Funciona', 'Tiene', 'Bien', 'PESTAÑA DE GABINETE DE DISCO DURO KL INTERNO ROTO. LECTOR DE DISCO DURO DAÑADO NO RECONOCE LA KL AL DISCO. OPCION DE MICROFONO BLOQUEADA EN KL NO SE TIENE ACCESO EN SU SISTEMA. ENTRADA USB SIN TAPA DE PROTECCION.', '2017-09-21 10:16:00'),
(28, 112, 6, 9, 'Video Input1', 'Disco Duro', '320 G', 'WXJ1E647J078', 'Bien', 'Funciona', 'Funciona', 'Bien', 'Bien', 'Bien', 'Bien', 'Funciona', 'No tiene', '', '1582071822V-02Q**H117036', 'MINI DIN(BUSES NUEVOS)', 'Bien', 'No Tiene', 'Funciona', 'No tiene', '', '1572071822V-02Q**H107627', 'MINI DIN(BUSES NUEVOS)', 'Bien', 'Bien', 'Funciona', 'Reparado', 'Funciona', 'Tiene', 'Bien', 'No tiene protector de esponja microfono conductor', '2017-09-21 11:17:00'),
(29, 29, 2, 20, 'No se visualiza', 'USB Ext', 'No Tiene', '', 'Bien', 'Funciona', 'Funciona', 'Bien', 'Bien', 'Bien', 'Bien', 'Funciona', 'No tiene', '', '137207.1704MV-02C*H068875', 'RCA', 'Bien', 'Bien', 'Funciona', 'Si Tiene Llena el Siguiente Cuadro', '10568-0000680', '137207.1704MV-02C*H068818', 'RCA', 'Bien', 'Bien', 'Funciona', 'Bien', 'No Tiene', 'No Tiene', 'No Tiene', '', '2017-09-21 11:49:00'),
(30, 98, 3, 18, 'Video Input1', 'Disco Duro', '320 G', '', 'Bien', 'Funciona', 'Funciona', 'Bien', 'Bien', 'Bien', 'Bien', 'Funciona', 'No tiene', '', '158207.1822V-02Q**H117005', 'MINI DIN(BUSES NUEVOS)', 'Bien', 'Bien', 'Funciona', 'No tiene', '', '158207.1822V-02Q**H117022', 'MINI DIN(BUSES NUEVOS)', 'Bien', 'Bien', 'Funciona', 'Bien', 'Funciona', 'Tiene', 'Bien', 'BUS PARADO EN PATIO POR MANTENIMIENTO', '2017-09-21 13:00:00'),
(31, 75, 1, 3, 'No se visualiza', 'Disco Duro', '320 G', 'WX31AC48F2UL', 'Bien', 'Funciona', 'Funciona', 'Bien', 'Bien', 'Bien', 'Bien', 'Funciona', 'No tiene', '', '158207.1822V-02Q**H117038', 'MINI DIN(BUSES NUEVOS)', 'Bien', 'No Tiene', 'Funciona', 'No tiene', '', '158207.1822V-02Q**H117027', 'MINI DIN(BUSES NUEVOS)', 'Bien', 'No Tiene', 'Funciona', 'Bien', 'Funciona', 'Tiene', 'Bien', 'BUS PARADO POR MT', '2017-09-21 13:59:00'),
(32, 1, 1, 3, 'No se visualiza', 'USB Ext', 'No Tiene', '', 'Bien', 'Funciona', 'Funciona', 'Bien', 'Bien', 'Bien', 'Bien', 'Funciona', 'Ilegible', '', '157207.1822V-02Q**H068872', 'RCA', 'Bien', 'Bien', 'Funciona', 'Ilegible', '', '137207.1704MV-02C*H068879', 'RCA', 'Bien', 'Bien', 'Funciona', 'Bien', 'No Tiene', 'Tiene', 'Bien', 'PARADO POR MT', '2017-09-21 14:07:00'),
(33, 81, 3, 4, 'Video Input1', 'Disco Duro', '320 G', 'WX51AB4F3YPF', 'Bien', 'Funciona', 'Funciona', 'Bien', 'Bien', 'Bien', 'Bien', 'Funciona', 'No tiene', '', '158207.1822V-02Q**H116982', 'MINI DIN(BUSES NUEVOS)', 'Bien', 'Bien', 'Funciona', 'Ilegible', '', '158207.1822V-02Q**H116990', 'MINI DIN(BUSES NUEVOS)', 'Bien', 'Bien', 'Funciona', 'Bien', 'Funciona', 'Tiene', 'Bien', 'protector de  USB externo roto, Parado por MT', '2017-09-21 14:11:00'),
(34, 39, 1, 3, 'Bus sin energia', 'USB Ext', 'No Tiene', '', 'Bus sin energia', 'Bus sin energia', 'Bus sin energia', 'Bien', 'Bien', 'Bien', 'No Tiene', 'Bus sin energia', 'Ilegible', '', '137207.1704MV-02C*H068883', 'RCA', 'Bien', 'Bien', 'Bus sin energia', 'Si Tiene Llena el Siguiente Cuadro', '10568-0000700', '137207.1704MV-02C*H068803', 'RCA', 'Bien', 'Bien', 'Bus sin energia', 'Bien', 'No Tiene', 'Tiene', 'Bien', '', '2017-09-21 14:13:00'),
(35, 25, 1, 3, 'Bus sin energia', 'USB Ext', 'No Tiene', '', 'Bus sin energia', 'Bus sin energia', 'Bus sin energia', 'Bien', 'Bien', 'Bien', 'No Tiene', 'Bus sin energia', 'Ilegible', '', '137207.1704MV-02C*H068908', 'RCA', 'Bien', 'Bien', 'Bus sin energia', 'No tiene', '', '137207.1704MV-02C*H068888', 'RCA', 'Bien', 'Bien', 'Bus sin energia', 'Bien', 'Bus sin energia', 'No Tiene', 'No Tiene', 'BUS SIN ENERGÍA PARADO POR MT', '2017-09-21 14:17:00'),
(36, 43, 1, 3, 'Bus sin energia', 'USB Ext', 'No Tiene', '', 'Bus sin energia', 'Bus sin energia', 'Bus sin energia', 'Bien', 'Bien', 'Bien', 'No Tiene', 'Bus sin energia', 'Si Tiene Llena el Siguiente Cuadro', '10568-0000720', '137207.1704MV-02C*H068851', 'RCA', 'Bien', 'Bien', 'Bus sin energia', 'Si Tiene Llena el Siguiente Cuadro', '10568-0000708', '137207.1704MV-02C*H068885', 'RCA', 'Bien', 'Bien', 'Bus sin energia', 'Bien', 'No Tiene', 'Tiene', 'Mal', 'BUS SIN ENERGÍA PARADO POR MT', '2017-09-21 14:25:00'),
(37, 61, 1, 3, 'No se visualiza', 'USB Ext', 'No Tiene', '', 'Bien', 'Funciona', 'Funciona', 'Bien', 'Bien', 'Bien', 'Bien', 'Funciona', 'Ilegible', '', '137207.1704MV-02C*H068903', 'RCA', 'Bien', 'Bien', 'Funciona', 'Si Tiene Llena el Siguiente Cuadro', '10568-0000744', '137207.1704MV-02C*H068911', 'RCA', 'Bien', 'Bien', 'Funciona', 'Bien', 'No Tiene', 'Tiene', 'Bien', 'BUS PARADO POR CHAPERIO ', '2017-09-21 14:34:00'),
(38, 64, 1, 3, 'No se visualiza', 'USB Ext', 'No Tiene', '', 'Bien', 'Funciona', 'Funciona', 'Bien', 'Bien', 'Bien', 'Bien', 'Funciona', 'No tiene', '', '158207.1822V-02Q**H117059', 'MINI DIN(BUSES NUEVOS)', 'Bien', 'No Tiene', 'Funciona', 'No tiene', '', '158207.1822V-02Q**H117045', 'MINI DIN(BUSES NUEVOS)', 'Bien', 'No Tiene', 'Funciona', 'Bien', 'Funciona', 'Tiene', 'Bien', 'TAPA DE HDD DE KL ROTA NO TIENE HDD, BUS PARDO POR MT', '2017-09-21 14:47:00'),
(39, 113, 1, 3, 'No se visualiza', 'Disco Duro', '320 G', 'WX31A459FZC7', 'Bien', 'Funciona', 'Funciona', 'Bien', 'Bien', 'Bien', 'Bien', 'Funciona', 'No tiene', '', '157207.1822V-02Q**H107646', 'MINI DIN(BUSES NUEVOS)', 'Bien', 'No Tiene', 'Funciona', 'No tiene', '', '157207.1822V-02Q**H107651', 'MINI DIN(BUSES NUEVOS)', 'Bien', 'No Tiene', 'Funciona', 'Bien', 'Funciona', 'Tiene', 'Bien', 'BUS PARADO POR MT', '2017-09-21 14:52:00'),
(42, 92, 1, 3, 'No se visualiza', 'USB Ext', 'No Tiene', '', 'Bien', 'Funciona', 'Funciona', 'Bien', 'Bien', 'Bien', 'Bien', 'Funciona', 'No tiene', '', '158207.1822V-02Q**H116997', 'MINI DIN(BUSES NUEVOS)', 'Bien', 'No Tiene', 'Funciona', 'No tiene', '', '157207.1822V-02Q**H107651', 'MINI DIN(BUSES NUEVOS)', 'Bien', 'No Tiene', 'Funciona', 'Bien', 'Funciona', 'Tiene', 'Bien', 'BUS PARADO POR CHAPERIO', '2017-09-21 14:56:00'),
(43, 141, 1, 3, 'Bus sin energia', 'Disco Duro', '320 G', 'WXP1E94322TS', 'Bus sin energia', 'Bus sin energia', 'Bus sin energia', 'Bien', 'Bien', 'Bien', 'Bien', 'Bus sin energia', 'No tiene', '', '159207.1822V-02Q**H134774', 'MINI DIN(BUSES NUEVOS)', 'Bien', 'No Tiene', 'Bus sin energia', 'No tiene', '', '159207.1822V-02Q**H134783', 'MINI DIN(BUSES NUEVOS)', 'Bien', 'No Tiene', 'Bus sin energia', 'Bien', 'Bus sin energia', 'Tiene', 'Bien', 'BUS PARADO POR MT, SIN ENERGIA', '2017-09-21 15:01:00'),
(44, 27, 1, 3, 'Bus sin energia', 'USB Ext', 'No Tiene', '', 'Bus sin energia', 'Bus sin energia', 'Bus sin energia', 'Bien', 'Bien', 'Bien', 'Bien', 'Bus sin energia', 'Ilegible', '', '137207.1704MV-02C*H068869', 'RCA', 'Bien', 'Bien', 'Bus sin energia', 'Si Tiene Llena el Siguiente Cuadro', '10568-0000676', '137207.1704MV-02C*H068843', 'RCA', 'Bien', 'Bien', 'Bus sin energia', 'Bien', 'No Tiene', 'Tiene', 'Bien', 'BUS PARADO POR MT, SIN ENERGIA', '2017-09-21 15:13:00'),
(45, 124, 1, 3, 'Video Input2', 'Disco Duro', '320 G', 'WXM1E84H41YF', 'Bien', 'Funciona', 'Funciona', 'Bien', 'Bien', 'Bien', 'Bien', 'Funciona', 'No tiene', '', '157207.1822V-02Q**H107643', 'MINI DIN(BUSES NUEVOS)', 'Bien', 'No Tiene', 'Funciona', 'No tiene', '', '158207.1822V-02Q**H117043', 'MINI DIN(BUSES NUEVOS)', 'Bien', 'No Tiene', 'Funciona', 'Bien', 'Funciona', 'Tiene', 'Bien', '', '2017-09-21 15:21:00'),
(46, 76, 1, 3, 'Bus sin energia', 'Disco Duro', '320 G', 'WX31AC4959V1', 'Bus sin energia', 'Bus sin energia', 'Bus sin energia', 'Bien', 'Bien', 'Bien', 'Bien', 'Bus sin energia', 'No tiene', '', '158207.1822V-02Q**H117006', 'MINI DIN(BUSES NUEVOS)', 'Bien', 'No Tiene', 'Bus sin energia', 'No tiene', '', '158207.1822V-02Q**H116991', 'MINI DIN(BUSES NUEVOS)', 'Bien', 'Bien', 'Bus sin energia', 'Reparado', 'Bus sin energia', 'Tiene', 'Bien', 'BUS PARADO POR MT, SIN ENERGÍA', '2017-09-21 15:25:00'),
(47, 11, 1, 3, 'Bus sin energia', 'USB Ext', 'No Tiene', '', 'Bus sin energia', 'Bus sin energia', 'Bus sin energia', 'Bien', 'Bien', 'Bien', 'No Tiene', 'Bus sin energia', 'Ilegible', '', '137207.1704MV-02C*H068866', 'RCA', 'Bien', 'Bien', 'Bus sin energia', 'Si Tiene Llena el Siguiente Cuadro', '10568-0000355', '137207.1704MV-02C*H068804', 'RCA', 'Bien', 'Bien', 'Bus sin energia', 'Bien', 'No Tiene', 'No Tiene', 'No Tiene', 'BUS PARADO POR MT, SIN ENERGIA', '2017-09-21 15:31:00'),
(48, 57, 1, 3, 'Bus sin energia', 'USB Ext', 'No Tiene', '', 'Bus sin energia', 'Bus sin energia', 'Bus sin energia', 'Bien', 'Bien', 'Bien', 'Bien', 'Bus sin energia', 'Ilegible', '', '137207.1704MV-02C*H068924', 'RCA', 'Bien', 'Bien', 'Bus sin energia', 'Si Tiene Llena el Siguiente Cuadro', '10568-0000736', '137207.1704MV-02C*H068800', 'RCA', 'Bien', 'Bien', 'Bus sin energia', 'Reparado', 'No Tiene', 'No Tiene', 'No Tiene', 'BUS PARADO POR MT, SIN ENERGÍA', '2017-09-21 15:35:00'),
(49, 49, 1, 3, 'No se visualiza', 'USB Ext', 'No Tiene', '', 'Bien', 'Funciona', 'Funciona', 'Bien', 'Bien', 'Bien', 'No Tiene', 'Funciona', 'Ilegible', '', '137207.1704MV-02C*H068861', 'RCA', 'Bien', 'Bien', 'Funciona', 'No tiene', '', '137207.1704MV-02C*H068920', 'RCA', 'Bien', 'Bien', 'Funciona', 'Bien', 'No Tiene', 'Tiene', 'Bien', 'BUS PARADO POR MT', '2017-09-21 15:38:00'),
(50, 20, 1, 3, 'Bus sin energia', 'USB Ext', 'No Tiene', '', 'Bus sin energia', 'Bus sin energia', 'Bus sin energia', 'Bien', 'Bien', 'Bien', 'Bien', 'Bus sin energia', 'Ilegible', '', '137207.1704MV-02C*H068878', 'RCA', 'Bien', 'Bien', 'Bus sin energia', 'No tiene', '', '137207.1704MV-02C*H068826', 'RCA', 'Bien', 'Bien', 'Bus sin energia', 'Bien', 'No Tiene', 'Tiene', 'Bien', 'BUS PARADO POR MT, SIN ENERGÍA', '2017-09-21 15:41:00'),
(51, 17, 1, 3, 'Bus sin energia', 'USB Ext', 'No Tiene', '', 'Bus sin energia', 'Bus sin energia', 'Bus sin energia', 'Bien', 'Bien', 'Bien', 'Bien', 'Bus sin energia', 'Ilegible', '', '137207.1704MV-02C*H068907', 'RCA', 'Bien', 'Bien', 'Bus sin energia', 'Si Tiene Llena el Siguiente Cuadro', '10568-0000656', '137207.1704MV-02C*H068899', 'RCA', 'Bien', 'Bien', 'Bus sin energia', 'Bien', 'No Tiene', 'No Tiene', 'No Tiene', 'BUS PARADO POR MT, SIN ENERGÍA', '2017-09-21 15:44:00'),
(52, 12, 1, 3, 'Bus sin energia', 'USB Ext', 'No Tiene', '', 'Bus sin energia', 'Bus sin energia', 'Bus sin energia', 'Bien', 'Bien', 'Bien', 'Bien', 'Bus sin energia', 'Ilegible', '', '137207.1704MV-02C*H068913', 'RCA', 'Bien', 'Bien', 'Bus sin energia', 'No tiene', '', '137207.1704MV-02C*H068802', 'RCA', 'Bien', 'Bien', 'Bus sin energia', 'Reparado', 'No Tiene', 'Tiene', 'Mal', 'BUS PARADO POR CHAPERIO, SIN ENERGIA', '2017-09-21 15:46:00'),
(53, 139, 3, 4, 'Bus sin energia', 'Disco Duro', '320 G', 'WX71AA4JT0EE', 'Bus sin energia', 'Bus sin energia', 'Bus sin energia', 'Bien', 'Bien', 'Bien', 'Bien', 'Bus sin energia', 'No tiene', '', '159207.1822V-02Q**H134777', 'MINI DIN(BUSES NUEVOS)', 'Bien', 'Bien', 'Bus sin energia', 'No tiene', '', '159207.1822V-02Q**H134778', 'RCA', 'Bien', 'Bien', 'Bus sin energia', 'Bien', 'Bus sin energia', 'Tiene', 'Bien', 'BUS PARADO EN PATIO POR MANTENIMIENTO', '2017-09-21 16:14:00'),
(54, 137, 1, 3, 'Video Input1', 'Disco Duro', '320 G', 'WX21A94798FE', 'Bien', 'Funciona', 'Funciona', 'Bien', 'Bien', 'Bien', 'Bien', 'Funciona', 'No tiene', '', '159207.1822V-02Q**H134780', 'MINI DIN(BUSES NUEVOS)', 'Bien', 'No Tiene', 'Funciona', 'No tiene', '', '159207.1822V-02Q**H134770', 'MINI DIN(BUSES NUEVOS)', 'Bien', 'Bien', 'Funciona', 'Bien', 'Funciona', 'Tiene', 'Bien', '', '2017-09-21 16:29:00'),
(55, 55, 1, 3, 'Video Input1', 'USB Ext', '320 G', '', 'Bien', 'Funciona', 'Funciona', 'Bien', 'Bien', 'Bien', 'No Tiene', 'Funciona', 'Ilegible', '', '137207.1704MV-02C*H068840', 'RCA', 'Bien', 'Bien', 'Funciona', 'No tiene', '', '137207.1704MV-02C*H068882', 'RCA', 'Bien', 'Bien', 'Funciona', 'Reparado', 'No Tiene', 'Tiene', 'Bien', '', '2017-09-21 16:32:00'),
(56, 85, 3, 4, 'Bus sin energia', 'Disco Duro', '320 G', 'WX51AC48FAF9', 'Bus sin energia', 'Bus sin energia', 'Bus sin energia', 'Bien', 'Bien', 'Bien', 'Bien', 'Bus sin energia', 'No tiene', '', '158207.1822V-02Q**H117011', 'MINI DIN(BUSES NUEVOS)', 'Bien', 'Bien', 'Bus sin energia', 'No tiene', '', '158207.1822V-02Q**H117012', 'MINI DIN(BUSES NUEVOS)', 'Bien', 'Bien', 'Bus sin energia', 'Reparado', 'Bus sin energia', 'Tiene', 'Bien', 'BUS PARADO POR MANTENIMIENTO SIN TAPA DE USB', '2017-09-21 16:58:00'),
(57, 131, 3, 16, 'Video Input1', 'Disco Duro', '320 G', 'WX71AA4JTSZ9', 'Bien', 'Funciona', 'Funciona', 'Bien', 'Bien', 'Bien', 'Bien', 'Funciona', 'No tiene', 'NO TIENE', '158207.1822V-02Q**H117042', 'MINI DIN(BUSES NUEVOS)', 'Bien', 'Bien', 'Funciona', 'No tiene', 'NO TIENE', '158207.1822V-02Q**H107667', 'MINI DIN(BUSES NUEVOS)', 'Bien', 'Bien', 'Funciona', 'Bien', 'Funciona', 'Tiene', 'Bien', 'BUS PARADO POR INCIDENTE (BUS APEDRIADO) / NO TIENE TAPA DE USB', '2017-09-21 17:46:00'),
(61, 10, 3, 16, 'No se visualiza', 'USB Ext', 'No Tiene', '', 'Bus sin energia', 'Bus sin energia', 'Bus sin energia', 'Bien', 'Bien', 'Bien', 'No Tiene', 'Funciona', 'No tiene', '', '137207.1704MV-02C*H068827', 'RCA', 'Bien', 'Bien', 'Funciona', 'No tiene', '', '137207.1704MV-02C*H06I8910', 'RCA', 'Bien', 'Bien', 'Funciona', 'Bien', 'No Tiene', 'Tiene', 'Bien', 'BUS PARADO POR INCIDENTE (APEDRIADO) ', '2017-09-21 21:02:00'),
(62, 134, 3, 16, 'Video Input1', 'Disco Duro', '320 G', 'WX41E44ALWA2', 'Bus sin energia', 'Bus sin energia', 'Bus sin energia', 'Bien', 'Bien', 'Bien', 'Bien', 'Funciona', 'No tiene', '', '149207.1822V-02F**H110324', 'MINI DIN(BUSES NUEVOS)', 'Bien', 'Bien', 'Funciona', 'No tiene', '', '149207.1822V-02F**H110822', 'MINI DIN(BUSES NUEVOS)', 'Bien', 'Bien', 'Funciona', 'Bien', 'Funciona', 'Tiene', 'Bien', 'BUS PARADO POR MANTENIMIENTO / TAPA DE USB NO TIENE ', '2017-09-21 21:58:00'),
(63, 117, 5, 14, 'Video Input1', 'Disco Duro', '320 G', 'wx31ac4995tfs', 'Bien', 'Funciona', 'Funciona', 'Bien', 'Bien', 'Bien', 'Bien', 'Funciona', 'No tiene', '', '158207-1822v-02Q**H117021', 'MINI DIN(BUSES NUEVOS)', 'Bien', 'Bien', 'Funciona', 'No tiene', '', '158207-1822v-02Q**H117001', 'RCA', 'Bien', 'Bien', 'Funciona', 'Bien', 'Funciona', 'Tiene', 'Bien', '', '2017-09-22 03:13:00'),
(64, 72, 5, 14, 'Video Input1', 'Disco Duro', '320 G', 'WX31AC49502E', 'Bien', 'Funciona', 'Funciona', 'Bien', 'Bien', 'Bien', 'Bien', 'Funciona', 'No tiene', '', '158207-1822V-02Q**H117041', 'MINI DIN(BUSES NUEVOS)', 'Bien', 'Bien', 'Funciona', 'No tiene', '', '158207-1822V-02Q**H117061', 'MINI DIN(BUSES NUEVOS)', 'Bien', 'Bien', 'Funciona', 'Reparado', 'Funciona', 'Tiene', 'Bien', '', '2017-09-22 04:21:00'),
(65, 109, 5, 14, 'Video Input1', 'Disco Duro', '320 G', '', 'Bien', 'Funciona', 'Funciona', 'Bien', 'Bien', 'Bien', 'Bien', 'Funciona', 'No tiene', '', '158207-1822V-02Q**H117037', 'MINI DIN(BUSES NUEVOS)', 'Bien', 'Bien', 'Funciona', 'No tiene', '', '158207-1822V-02Q**H117014', 'MINI DIN(BUSES NUEVOS)', 'Bien', 'Bien', 'Funciona', 'Bien', 'Funciona', 'Tiene', 'Bien', 'NO SE PUDO SACAR NUMERO DE SERIE HDD PORQUE TAPA DE SLOT ESTA ROTA ', '2017-09-22 04:33:00'),
(66, 46, 5, 14, 'No se visualiza', 'USB Ext', 'No Tiene', '', 'Bien', 'Funciona', 'Funciona', 'Bien', 'Bien', 'Bien', 'No Tiene', 'Funciona', 'Ilegible', '10568-0000713', '137207-1704MV-02C*H068873', 'RCA', 'Bien', 'Bien', 'Funciona', 'Ilegible', '10568-0000714', '137207-1704MV-02C*H068821', 'RCA', 'Bien', 'Bien', 'Funciona', 'Bien', 'No Tiene', 'Tiene', 'Mal', '', '2017-09-22 04:38:00'),
(67, 19, 5, 14, 'No se visualiza', 'USB Ext', 'No Tiene', '', 'Bien', 'Funciona', 'Funciona', 'Bien', 'Bien', 'Bien', 'No Tiene', 'Funciona', 'Ilegible', '10568-0000659', '', 'RCA', 'Bien', 'Bien', 'Funciona', 'Ilegible', '10568-00006660', '', 'RCA', 'Bien', 'Bien', 'Funciona', 'Bien', 'No Tiene', 'Tiene', 'Bien', '', '2017-09-22 04:41:00'),
(68, 88, 5, 14, 'Video Input1', 'Disco Duro', '320 G', '', 'Bien', 'Funciona', 'Funciona', 'Bien', 'Bien', 'Bien', 'Bien', 'Funciona', 'No tiene', '', '158207-1822v-02Q**H117055', 'MINI DIN(BUSES NUEVOS)', 'Bien', 'Bien', 'Funciona', 'No tiene', '', '158207-1822v-02Q**H117057', 'MINI DIN(BUSES NUEVOS)', 'Bien', 'Bien', 'Funciona', 'Reparado', 'Funciona', 'Tiene', 'Bien', '', '2017-09-22 04:59:00'),
(69, 104, 6, 9, 'Video Input1', 'Disco Duro', '320 G', 'WD3200BPVT-22JJ5T0', 'Bien', 'Funciona', 'Funciona', 'Bien', 'Bien', 'Bien', 'Bien', 'Funciona', 'No tiene', '', '1582071822V-02Q**H117032', 'MINI DIN(BUSES NUEVOS)', 'Bien', 'No Tiene', 'Funciona', 'No tiene', '', '1582071822V-02Q**H117009', 'MINI DIN(BUSES NUEVOS)', 'Bien', 'No Tiene', 'Funciona', 'Reparado', 'Funciona', 'Tiene', 'Bien', 'El brzo de microfono conductor rsta corto, reparado', '2017-09-22 06:21:00'),
(70, 106, 6, 9, 'Video Input1', 'Disco Duro', '320 G', 'WXM1E84F47N0', 'Bien', 'Funciona', 'Funciona', 'Bien', 'Bien', 'Bien', 'Bien', 'Funciona', 'No tiene', '', '1582071822V-02Q**H117058', 'MINI DIN(BUSES NUEVOS)', 'Bien', 'Mal', 'Funciona', 'No tiene', '', '1582071822V-02Q**H117020', 'MINI DIN(BUSES NUEVOS)', 'Bien', 'No Tiene', 'Funciona', 'Bien', 'Funciona', 'Tiene', 'Bien', '', '2017-09-22 06:33:00'),
(71, 100, 6, 9, 'Video Input1', 'Disco Duro', '320 G', 'WX51AC48FCTF', 'Bien', 'Funciona', 'Funciona', 'Bien', 'Bien', 'Bien', 'Bien', 'Funciona', 'No tiene', '', '1582071822V-02Q**H117000', 'MINI DIN(BUSES NUEVOS)', 'Bien', 'No Tiene', 'Funciona', 'No tiene', '', '1582071822V-02Q**H117052', 'MINI DIN(BUSES NUEVOS)', 'Bien', 'No Tiene', 'Funciona', 'Reparado', 'Funciona', 'Tiene', 'Bien', 'Tapa de rac roto no funciona con llave triangular', '2017-09-22 06:50:00'),
(72, 69, 6, 9, 'Video Input1', 'Disco Duro', '320 G', 'WX31A459FJLK', 'Bien', 'Funciona', 'Funciona', 'Bien', 'Bien', 'Bien', 'Bien', 'Funciona', 'Si Tiene Llena el Siguiente Cuadro', '', '1582071822V-02Q**H117040', 'MINI DIN(BUSES NUEVOS)', 'Bien', 'No Tiene', 'Funciona', 'No tiene', '', '1582071822V-02Q**H117026', 'MINI DIN(BUSES NUEVOS)', 'Bien', 'No Tiene', 'Funciona', 'Bien', 'Funciona', 'Tiene', 'Bien', '', '2017-09-22 06:59:00'),
(73, 21, 6, 9, 'Video Input1', 'USB Ext', 'No Tiene', '', 'Mal', 'Funciona', 'Descalibrado', 'Bien', 'Bien', 'Bien', 'No Tiene', 'Funciona', 'No tiene', '', '13722071704MV-02C*H068822', 'RCA', 'Bien', 'Bien', 'Funciona', 'No tiene', '', '13722071704MV-02C*H068817', 'RCA', 'Bien', 'Bien', 'Funciona', 'Reparado', 'No Tiene', 'Tiene', 'Bien', 'Conectores kl mal provocan cortes y el KL se reinicia', '2017-09-22 07:08:00'),
(74, 116, 6, 9, 'Video Input1', 'Disco Duro', '320 G', 'WX31A459FKXT', 'Bien', 'Funciona', 'Funciona', 'Bien', 'Bien', 'Bien', 'Bien', 'Funciona', 'No tiene', '', '1572071822V-02Q**H107661', 'MINI DIN(BUSES NUEVOS)', 'Bien', 'No Tiene', 'Funciona', 'No tiene', '', '1572071822V-02Q**H107628', 'MINI DIN(BUSES NUEVOS)', 'Bien', 'No Tiene', 'Funciona', 'Bien', 'Funciona', 'Tiene', 'Bien', 'Tapa de disco duro KL roto ', '2017-09-22 07:21:00'),
(75, 47, 8, 11, 'Bus sin energia', 'USB Ext', 'No Tiene', '', 'Bus sin energia', 'Bus sin energia', 'Bus sin energia', 'Bien', 'Bien', 'Bien', 'Bien', 'Bus sin energia', 'Si Tiene Llena el Siguiente Cuadro', '10568-0000667', '137207.1704 MV-020*H068857', 'RCA', 'Bien', 'Bien', 'Bus sin energia', 'Si Tiene Llena el Siguiente Cuadro', '10568-0000668', '137207.1704 MV-020*H068918', 'RCA', 'Bien', 'Bien', 'Bus sin energia', 'Bien', 'No Tiene', 'Tiene', 'Bien', '', '2017-09-22 10:21:00'),
(76, 68, 5, 14, 'Video Input1', 'Disco Duro', '320 G', 'WX31A459FDCV', 'Bien', 'Funciona', 'Funciona', 'Bien', 'Bien', 'Bien', 'Bien', 'Funciona', 'No tiene', '', '158207-1822V-02Q**H107632', 'MINI DIN(BUSES NUEVOS)', 'Bien', 'Bien', 'Funciona', 'No tiene', '', '158207-1822V-02Q**H107659', 'MINI DIN(BUSES NUEVOS)', 'Bien', 'Bien', 'Funciona', 'Reparado', 'Funciona', 'Tiene', 'Bien', '', '2017-09-22 10:30:00'),
(77, 3, 8, 11, 'Bus sin energia', 'USB Ext', 'No Tiene', '', 'Bus sin energia', 'Bus sin energia', 'Bus sin energia', 'Bien', 'Bien', 'Bien', 'Bien', 'Bus sin energia', 'Si Tiene Llena el Siguiente Cuadro', '10568-0000687', '137207.1704 MV-020*H068850', 'RCA', 'Bien', 'Bien', 'Bus sin energia', 'Si Tiene Llena el Siguiente Cuadro', '10568-0000628', '137207.1704 MV-020*H068797', 'RCA', 'Bien', 'Bien', 'Bus sin energia', 'Bien', 'Bus sin energia', 'Tiene', 'Bien', '', '2017-09-22 10:49:00'),
(78, 60, 2, 19, 'No se visualiza', 'USB Ext', 'No Tiene', '', 'Bus sin energia', 'Bus sin energia', 'Bus sin energia', 'Bien', 'Bien', 'No Tiene', 'Bien', 'Bus sin energia', 'No tiene', '', '137207.1704MV-02C*H068828', 'No Tiene', 'No Tiene', 'No Tiene', 'Bus sin energia', 'No tiene', '', '137207.1704MV-02C*H068917', 'RCA', 'Bien', 'Bien', 'Bus sin energia', 'Bien', 'No Tiene', 'No Tiene', 'No Tiene', 'BUS PARADO POR MANTENIIENTO', '2017-09-22 10:50:00'),
(79, 4, 8, 11, 'Bus sin energia', 'USB Ext', 'No Tiene', '', 'Bus sin energia', 'Bus sin energia', 'Bus sin energia', 'Bien', 'Bien', 'Bien', 'Bien', 'Bus sin energia', 'Ilegible', '', '', 'RCA', 'Bien', 'Bien', 'Bus sin energia', 'Ilegible', '', '', 'RCA', 'Bien', 'Bien', 'Bus sin energia', 'Bien', 'No Tiene', 'Tiene', 'Bien', '', '2017-09-22 11:03:00'),
(80, 16, 8, 11, 'Bus sin energia', 'USB Ext', 'No Tiene', '', 'Bus sin energia', 'Bus sin energia', 'Bus sin energia', 'Bien', 'Bien', 'Bien', 'No Tiene', 'Bus sin energia', 'Ilegible', '', '', 'RCA', 'Bien', 'Bien', 'Bus sin energia', 'Si Tiene Llena el Siguiente Cuadro', '10568-0000654', '137207.1704 MV-020*H068815', 'RCA', 'Bien', 'Bien', 'Bus sin energia', 'Bien', 'No Tiene', 'Tiene', 'Bien', '', '2017-09-22 11:12:00'),
(81, 127, 3, 4, 'Video Input1', 'Disco Duro', '320 G', 'WX21A45DV3V7', 'Bien', 'Funciona', 'Funciona', 'Bien', 'Bien', 'Bien', 'Bien', 'Funciona', 'Ilegible', '', '152707.1822V-02Q**H107623', 'MINI DIN(BUSES NUEVOS)', 'Bien', 'Bien', 'Funciona', 'Ilegible', '', '158207.1822V-02Q**H117018', 'MINI DIN(BUSES NUEVOS)', 'Bien', 'Bien', 'Funciona', 'Bien', 'Funciona', 'Tiene', 'Bien', '', '2017-09-22 11:21:00'),
(82, 67, 1, 3, 'Video Input1', 'Disco Duro', '320 G', 'WX71AA4JTJ9A', 'Bien', 'Funciona', 'Funciona', 'Bien', 'Bien', 'Bien', 'Bien', 'Funciona', 'No tiene', '', '158207.1822V-02Q**H117019', 'MINI DIN(BUSES NUEVOS)', 'Bien', 'No Tiene', 'Funciona', 'No tiene', '', '158207.1822V-02Q**H115998', 'MINI DIN(BUSES NUEVOS)', 'Bien', 'No Tiene', 'Funciona', 'Bien', 'Funciona', 'Tiene', 'Bien', '', '2017-09-22 11:23:00'),
(83, 15, 8, 11, 'Bus sin energia', 'USB Ext', 'No Tiene', '', 'Bus sin energia', 'Bus sin energia', 'Bus sin energia', 'Bien', 'Bien', 'No Tiene', 'Bien', 'Bus sin energia', 'Ilegible', '', '', 'RCA', 'Bien', 'Bien', 'Bus sin energia', 'Si Tiene Llena el Siguiente Cuadro', '10568-0000652', '137207.1704 MV-020*H068809', 'RCA', 'Bien', 'Bien', 'Bus sin energia', 'Bien', 'No Tiene', 'Tiene', 'Bien', '', '2017-09-22 11:23:00'),
(84, 38, 2, 19, 'No se visualiza', 'USB Ext', 'No Tiene', '', 'Bus sin energia', 'Bus sin energia', 'Bus sin energia', 'Bien', 'Bien', 'Bien', 'Bien', 'Bus sin energia', 'Ilegible', '', '137207.1704MV-02C*H068859', 'RCA', 'Bien', 'Bien', 'Bus sin energia', 'Si Tiene Llena el Siguiente Cuadro', '10568-0000698', '137207.1704MV-02C*H068863', 'RCA', 'Bien', 'Bien', 'Bus sin energia', 'Reparado', 'No Tiene', 'Tiene', 'Bien', 'BUS PARADO POR MANTENIMIENTO EN PATIO.', '2017-09-22 11:32:00'),
(85, 40, 8, 11, 'Bus sin energia', 'USB Ext', 'No Tiene', '', 'Bus sin energia', 'Bus sin energia', 'Bus sin energia', 'Bien', 'Bien', 'Bien', 'Bien', 'Bus sin energia', 'No tiene', '', '', 'RCA', 'Bien', 'Bien', 'Bus sin energia', 'Si Tiene Llena el Siguiente Cuadro', '10568-0000702', '137207.1704 MV-020*H068849', 'RCA', 'Bien', 'Bien', 'Bus sin energia', 'Bien', 'No Tiene', 'Tiene', 'Bien', '', '2017-09-22 11:40:00'),
(86, 14, 5, 14, 'No se visualiza', 'USB Ext', 'No Tiene', '', 'Bien', 'Funciona', 'Funciona', 'Bien', 'Roto', 'Bien', 'Roto', 'Funciona', 'No tiene', '', '137207.1904MV-02C*H068798', 'RCA', 'Bien', 'Bien', 'Funciona', 'Si Tiene Llena el Siguiente Cuadro', '10560000650', '137207.1904MV-02C*H068845', 'RCA', 'Bien', 'Bien', 'Funciona', 'Reparado', 'No Tiene', 'Tiene', 'Bien', '', '2017-09-22 11:49:00'),
(87, 108, 3, 18, 'Video Input1', 'Disco Duro', '320 G', 'WX21A45HTSDD', 'Bien', 'Funciona', 'Funciona', 'Bien', 'Bien', 'Bien', 'Bien', 'Funciona', 'Ilegible', '', '158207.1822V-02Q**H117060', 'MINI DIN(BUSES NUEVOS)', 'Bien', 'Bien', 'Funciona', 'Ilegible', '', '158207.1822V-02Q**H117063', 'MINI DIN(BUSES NUEVOS)', 'Bien', 'Bien', 'Funciona', 'Bien', 'Funciona', 'Tiene', 'Bien', 'PESTAÑA DE RACK DE KL ROTA', '2017-09-22 11:54:00'),
(88, 23, 2, 20, 'No se visualiza', 'USB Ext', 'No Tiene', '', 'Bus sin energia', 'Bus sin energia', 'Bus sin energia', 'Bien', 'Bien', 'Bien', 'Bien', 'Bus sin energia', 'No tiene', '', '133207.1704MV-02C*H017266', 'RCA', 'Bien', 'Bien', 'Bus sin energia', 'Si Tiene Llena el Siguiente Cuadro', '10568-0000644', '133207.1704MV-02C*H068890', 'RCA', 'Bien', 'Bien', 'Bus sin energia', 'Bien', 'No Tiene', 'No Tiene', 'No Tiene', 'BUS PARADO POR MANTENIMIENTO', '2017-09-22 12:16:00'),
(89, 125, 3, 4, 'Video Input1', 'Disco Duro', '320 G', 'WX41E44YZA82', 'Bien', 'Funciona', 'Funciona', 'Bien', 'Bien', 'Bien', 'Bien', 'Funciona', 'Ilegible', '', '157207.1822V-02Q**H107636', 'MINI DIN(BUSES NUEVOS)', 'Bien', 'Bien', 'Funciona', 'Ilegible', '', '157207.1822V-02Q**H107618', 'MINI DIN(BUSES NUEVOS)', 'Bien', 'Bien', 'Funciona', 'Bien', 'Funciona', 'Tiene', 'Bien', 'SIN TAPA DE PUERTO USB', '2017-09-22 12:20:00'),
(90, 84, 3, 4, 'Video Input1', 'Disco Duro', '320 G', 'WX31AC495KFZ', 'Bien', 'Funciona', 'Funciona', 'Bien', 'Bien', 'Bien', 'Bien', 'Funciona', 'No tiene', '', '158207.1822V-02Q**H117015', 'MINI DIN(BUSES NUEVOS)', 'Bien', 'Bien', 'Funciona', 'No tiene', '', '158207.1822V-02Q**H117080', 'MINI DIN(BUSES NUEVOS)', 'Bien', 'Bien', 'Funciona', 'Bien', 'Funciona', 'Tiene', 'Bien', '', '2017-09-22 12:40:00'),
(91, 114, 3, 16, 'Video Input2', 'Disco Duro', '320 G', 'WX31AC495LAP', 'Bien', 'Funciona', 'Funciona', 'Bien', 'Bien', 'Bien', 'Bien', 'Funciona', 'No tiene', '', '157207.1822V-02Q**H107662', 'MINI DIN(BUSES NUEVOS)', 'Bien', 'Bien', 'Funciona', 'No tiene', '', '157207.1822V-02Q**H107647', 'MINI DIN(BUSES NUEVOS)', 'Bien', 'Bien', 'Funciona', 'Bien', 'Funciona', 'Tiene', 'Bien', 'TAPA ROTA DE USB / PESTAÑA DE RACK HDD DE KL ROTA / DISCO DURO DE KL CALIENTA EXCESIVAMENTE ', '2017-09-22 14:47:00'),
(93, 30, 2, 6, 'Video Input1', 'USB Ext', 'No Tiene', '', 'Bien', 'Funciona', 'Funciona', 'Bien', 'Bien', 'No Tiene', 'Bien', 'Funciona', 'Si Tiene Llena el Siguiente Cuadro', '10568-0000633', '137207.1704MV-02C*H068880', 'RCA', 'Bien', 'Bien', 'Funciona', 'Si Tiene Llena el Siguiente Cuadro', '10568-0000682', '137207.1704MV-02C*H068858', 'RCA', 'Bien', 'Bien', 'Funciona', 'Reparado', 'No Tiene', 'Tiene', 'Bien', 'BUS PARADO POR MANTENIMIENTO.', '2017-09-22 15:13:00'),
(94, 128, 3, 16, 'Video Input1', 'Disco Duro', '320 G', 'WX31A459FEAP', 'Bien', 'Funciona', 'Funciona', 'Bien', 'Bien', 'Bien', 'Bien', 'Funciona', 'No tiene', '', '157207.1822V-02Q**H107645', 'MINI DIN(BUSES NUEVOS)', 'Bien', 'Bien', 'Funciona', 'No tiene', '', '157207.1822V-02Q**H107634', 'MINI DIN(BUSES NUEVOS)', 'Bien', 'Bien', 'Funciona', 'Bien', 'Funciona', 'Tiene', 'Bien', '', '2017-09-22 15:40:00'),
(95, 102, 3, 16, 'Video Input2', 'Disco Duro', '320 G', 'WX41AA48V76U', 'Bien', 'Funciona', 'Funciona', 'Bien', 'Bien', 'Bien', 'Bien', 'Funciona', 'No tiene', '', '158207.1822V-02Q**H117068', 'MINI DIN(BUSES NUEVOS)', 'Bien', 'Bien', 'Funciona', 'No tiene', '', '157207.1822V-02Q**H107648', 'MINI DIN(BUSES NUEVOS)', 'Bien', 'Bien', 'Funciona', 'Bien', 'Funciona', 'Tiene', 'Bien', 'PESTAÑA DE DISCO DE KL ROTO ', '2017-09-22 16:15:00'),
(96, 50, 8, 11, 'Bus sin energia', 'USB Ext', 'No Tiene', '', 'Bus sin energia', 'Bus sin energia', 'Bus sin energia', 'Bien', 'Bien', 'Bien', 'Bien', 'Bus sin energia', 'Ilegible', '', '', 'RCA', 'Bien', 'Bien', 'Bus sin energia', 'Si Tiene Llena el Siguiente Cuadro', '10568-0000722', '137207.1704 MV-020*H068891', 'RCA', 'Bien', 'Bien', 'Bus sin energia', 'Bien', 'No Tiene', 'Tiene', 'Bien', '', '2017-09-22 16:19:00'),
(97, 2, 2, 6, 'Video Input1', 'USB Ext', 'No Tiene', '', 'Bien', 'Funciona', 'Funciona', 'Bien', 'Bien', 'Bien', 'Bien', 'Funciona', 'Ilegible', '', '137207.1704MV-02C*H068846', 'RCA', 'Bien', 'Bien', 'Funciona', 'Si Tiene Llena el Siguiente Cuadro', '10568-0000716', '137207.1704MV-02C*H068853', 'RCA', 'Bien', 'Bien', 'Funciona', 'Bien', 'No Tiene', 'Tiene', 'Bien', 'BUS PARADO POR MT EN PATIO', '2017-09-22 16:24:00'),
(98, 93, 1, 3, 'Video Input1', 'USB Ext', '320 G', 'WX31A459FRRHB', 'Bien', 'Funciona', 'Funciona', 'Bien', 'Bien', 'Bien', 'Bien', 'Funciona', 'No tiene', '', '158207.1822V-02Q**H116996', 'RCA', 'Bien', 'No Tiene', 'Funciona', 'No tiene', '', '158207.1822V-02Q**H116987', 'MINI DIN(BUSES NUEVOS)', 'Bien', 'No Tiene', 'Funciona', 'Bien', 'Funciona', 'Tiene', 'Bien', '', '2017-09-22 16:40:00'),
(102, 79, 3, 16, 'Video Input1', 'Disco Duro', '320 G', 'WX31AC495UTD', 'Bien', 'Funciona', 'Funciona', 'Bien', 'Bien', 'Bien', 'Bien', 'Funciona', 'Ilegible', '', '157207.1822V-02Q**H107650', 'MINI DIN(BUSES NUEVOS)', 'Bien', 'Bien', 'Funciona', 'No tiene', '', '158207.1822V-02Q**H117044', 'MINI DIN(BUSES NUEVOS)', 'Bien', 'Bien', 'Funciona', 'Bien', 'Funciona', 'Tiene', 'Bien', 'Soporte de micrófono conductor es corto ', '2017-09-23 09:04:00'),
(103, 101, 3, 16, 'Video Input2', 'Disco Duro', '320 G', 'WX31AC495ARR', 'Bien', 'Funciona', 'Funciona', 'Bien', 'Bien', 'Bien', 'Bien', 'Funciona', 'No tiene', '', '158207.1822-02Q**H117049', 'MINI DIN(BUSES NUEVOS)', 'Bien', 'Bien', 'Funciona', 'No tiene', '', '158207.1822V-02Q**H117024', 'MINI DIN(BUSES NUEVOS)', 'Bien', 'Bien', 'Funciona', 'Bien', 'Funciona', 'Tiene', 'Bien', 'Soporte de micrófono conductor dañado/ tapa de usb de kl no tiene ', '2017-09-23 09:51:00'),
(104, 32, 2, 6, 'Video Input1', 'USB Ext', 'No Tiene', '', 'Bien', 'Funciona', 'Funciona', 'Bien', 'Bien', 'Roto', 'Bien', 'Funciona', 'No tiene', '', '137207.1704MV-02C*H068874', 'RCA', 'Bien', 'Bien', 'Funciona', 'No tiene', '', '137207.1704MV-02C*H068814', 'RCA', 'Bien', 'Bien', 'Funciona', 'Bien', 'No Tiene', 'Tiene', 'Bien', '', '2017-09-23 10:02:00'),
(105, 120, 3, 16, 'Video Input2', 'Disco Duro', '320 G', 'WX21A45HTR8F', 'Bien', 'Funciona', 'Funciona', 'Bien', 'Bien', 'Bien', 'Bien', 'Funciona', 'Ilegible', '', '158207.1822-02Q**H117007', 'MINI DIN(BUSES NUEVOS)', 'Bien', 'Bien', 'Funciona', 'Ilegible', '', '157207.1822-02Q**H107653', 'MINI DIN(BUSES NUEVOS)', 'Bien', 'Bien', 'Funciona', 'Bien', 'Funciona', 'Tiene', 'Bien', '', '2017-09-23 10:17:00'),
(106, 130, 3, 16, 'Video Input1', 'Disco Duro', '320 G', 'WX31A459F7UU', 'Bien', 'Funciona', 'Funciona', 'Bien', 'Bien', 'Bien', 'Bien', 'Funciona', 'Ilegible', '', '157207.1822V-02Q**017621', 'MINI DIN(BUSES NUEVOS)', 'Bien', 'Bien', 'Funciona', 'No tiene', '', '157207.1822-02Q**H107625', 'MINI DIN(BUSES NUEVOS)', 'Bien', 'Bien', 'Funciona', 'Bien', 'Funciona', 'Tiene', 'Bien', '', '2017-09-23 10:36:00'),
(107, 51, 2, 6, 'No se visualiza', 'USB Ext', 'No Tiene', '', 'Bien', 'Funciona', 'Funciona', 'Bien', 'Bien', 'No Tiene', 'Bien', 'Funciona', 'No tiene', '', '137207.1704MV-02C*H068862', 'RCA', 'Bien', 'Bien', 'Funciona', 'No tiene', '', '137207.1704MV-02C*H068865', 'RCA', 'Bien', 'Bien', 'Funciona', 'Bien', 'No Tiene', 'Tiene', 'Bien', '', '2017-09-23 11:01:00'),
(108, 70, 6, 9, 'Video Input1', 'Disco Duro', '320 G', 'WX21AB48VVY3', 'Bien', 'Funciona', 'Funciona', 'Bien', 'Bien', 'Bien', 'Bien', 'Funciona', 'No tiene', '', '1582071822V-02Q**H117013', 'MINI DIN(BUSES NUEVOS)', 'Bien', 'No Tiene', 'Funciona', 'No tiene', '', '1582071822V-02Q**H116993', 'MINI DIN(BUSES NUEVOS)', 'Bien', 'No Tiene', 'Funciona', 'Reparado', 'Funciona', 'Tiene', 'Bien', '', '2017-09-23 11:02:00'),
(109, 13, 2, 20, 'Video Input1', 'USB Ext', 'No Tiene', '', 'Bien', 'Funciona', 'Funciona', 'Bien', 'Bien', 'Bien', 'No Tiene', 'Funciona', 'No tiene', '', '137207-1704MV-02C*H068852', 'RCA', 'Bien', 'Bien', 'Funciona', 'No tiene', '', '137207-1704MV-02C*H068897', 'RCA', 'Bien', 'Bien', 'Funciona', 'Bien', 'No Tiene', 'Tiene', 'Bien', 'BOTON DE MICROFONO CAMBIADO POR EL DE LLAMADAS (KL)\r\nNO SE CUENTA CON CODIGOS GAMLP EN TELEVISORES ', '2017-09-23 11:11:00'),
(110, 90, 2, 19, 'Video Input1', 'Disco Duro', '320 G', 'WX31AC495398', 'Bien', 'Funciona', 'Funciona', 'Bien', 'Bien', 'Bien', 'Bien', 'Funciona', 'No tiene', '', '157207.1822V-02Q**H107642', 'MINI DIN(BUSES NUEVOS)', 'Bien', 'No Tiene', 'Funciona', 'No tiene', '', '157207.1822V-02Q**H107666', 'MINI DIN(BUSES NUEVOS)', 'Bien', 'No Tiene', 'Funciona', 'Reparado', 'Funciona', 'Tiene', 'Bien', '', '2017-09-23 11:43:00'),
(111, 44, 2, 19, 'Video Input1', 'USB Ext', 'No Tiene', '', 'Bien', 'Funciona', 'Funciona', 'Bien', 'Bien', 'Bien', 'Bien', 'Funciona', 'Ilegible', '', '137207.1704MV-02C*H068847', 'RCA', 'Bien', 'Bien', 'Funciona', 'Si Tiene Llena el Siguiente Cuadro', '10568-0000710', '137207.1704MV-02C*H068844', 'RCA', 'Bien', 'Bien', 'Funciona', 'Bien', 'No Tiene', 'Tiene', 'Bien', '', '2017-09-23 12:30:00'),
(112, 66, 3, 16, 'Video Input1', 'Disco Duro', '320 G', 'WX21AC4CDNNS', 'Bien', 'Funciona', 'Funciona', 'Bien', 'Bien', 'Bien', 'Bien', 'Funciona', 'Ilegible', '', '157207.1822V-02Q**H107633', 'MINI DIN(BUSES NUEVOS)', 'Bien', 'Bien', 'Funciona', 'Ilegible', '', '157207.1822V-02Q**H107675', 'MINI DIN(BUSES NUEVOS)', 'Bien', 'Bien', 'Funciona', 'Bien', 'Funciona', 'Tiene', 'Bien', '', '2017-09-23 15:14:00'),
(113, 87, 3, 16, 'Video Input1', 'Disco Duro', '320 G', 'WX31AB46AHX7', 'Bien', 'Funciona', 'Funciona', 'Bien', 'Bien', 'Bien', 'Bien', 'Funciona', 'No tiene', '', '158207.1822V-02Q**H117070', 'MINI DIN(BUSES NUEVOS)', 'Bien', 'Bien', 'Funciona', 'No tiene', '', '158207.1822V-02Q**H117004', 'MINI DIN(BUSES NUEVOS)', 'Bien', 'Bien', 'Funciona', 'Bien', 'Funciona', 'Tiene', 'Bien', 'DISCO DURO DE KL CALIENTA MUCHO Y SE CORTA LA GRILLA EN RUTA ', '2017-09-23 16:28:00'),
(114, 22, 3, 16, 'No se visualiza', 'USB Ext', 'No Tiene', '', 'Bien', 'Funciona', 'Funciona', 'Bien', 'Bien', 'Bien', 'Bien', 'Funciona', 'Ilegible', '', '137207.1704MV-02C*H068866', 'RCA', 'Bien', 'Bien', 'Funciona', 'Ilegible', '', '137207.1704MV-02C*H068876', 'RCA', 'Bien', 'Bien', 'Funciona', 'Reparado', 'No Tiene', 'Tiene', 'Bien', '', '2017-09-23 17:25:00'),
(115, 62, 1, 16, 'No se visualiza', 'USB Ext', 'No Tiene', '', 'Bien', 'Funciona', 'Funciona', 'Bien', 'Bien', 'Bien', 'Bien', 'Funciona', 'No tiene', '', '149207.1822V-02F**H110821', 'MINI DIN(BUSES NUEVOS)', 'Bien', 'Bien', 'Funciona', 'No tiene', '', '149207.1822V-02F**H110808', 'MINI DIN(BUSES NUEVOS)', 'Bien', 'Bien', 'No Funciona', 'Reparado', 'Funciona', 'Tiene', 'Bien', '', '2017-09-23 17:45:00'),
(116, 129, 3, 16, 'Video Input1', 'Disco Duro', '320 G', 'WX31AC495V4A', 'Bien', 'Funciona', 'Funciona', 'Bien', 'Bien', 'Bien', 'Bien', 'Funciona', 'No tiene', '', '157207.1822V-02Q**H107641', 'MINI DIN(BUSES NUEVOS)', 'Bien', 'Bien', 'Funciona', 'No tiene', '', '157207.1822V-02Q**H107649', 'MINI DIN(BUSES NUEVOS)', 'Bien', 'Bien', 'Funciona', 'Bien', 'Funciona', 'Tiene', 'Bien', 'NO TIENE TAPA DE USB DE KL ', '2017-09-23 18:19:00'),
(117, 35, 5, 1, 'Video Input1', 'USB Ext', 'No Tiene', '', 'Bien', 'Funciona', 'Funciona', 'Bien', 'Bien', 'Bien', 'Bien', 'Funciona', 'Si Tiene Llena el Siguiente Cuadro', '10568-0000626', '137207.1704MV-02C*H068805', 'RCA', 'Bien', 'Bien', 'Funciona', 'Si Tiene Llena el Siguiente Cuadro', '10568-0000692', '137207.1704MV-02C*H068816', 'RCA', 'Bien', 'Bien', 'Funciona', 'Bien', 'No Tiene', 'Tiene', 'Bien', '', '2017-09-24 09:59:00'),
(118, 54, 5, 1, 'Video Input1', 'USB Ext', 'No Tiene', '', 'Bien', 'Funciona', 'Funciona', 'Bien', 'Bien', 'Bien', 'Bien', 'Funciona', 'Ilegible', '', '137207.1704MV-02C*H068848', 'RCA', 'Bien', 'Bien', 'Funciona', 'Si Tiene Llena el Siguiente Cuadro', '10568-0000730', '137207.1704MV-02C*H068833', 'RCA', 'Bien', 'Bien', 'Funciona', 'Reparado', 'No Tiene', 'Tiene', 'Bien', '', '2017-09-24 10:52:00'),
(119, 45, 4, 5, 'No se visualiza', 'USB Ext', 'No Tiene', '', 'Bien', 'Funciona', 'Funciona', 'Bien', 'Bien', 'Bien', 'No Tiene', 'Funciona', 'No tiene', '', '137207.1704MV-02C*H068836', 'RCA', 'Bien', 'Bien', 'Funciona', 'Si Tiene Llena el Siguiente Cuadro', '10568-0000712', '137207.1704MV-02C*H068909', 'RCA', 'Bien', 'Bien', 'Funciona', 'Bien', 'No Tiene', 'Tiene', 'Bien', '', '2017-09-24 11:30:00'),
(120, 9, 2, 20, 'No se visualiza', 'USB Ext', 'No Tiene', '', 'Bus sin energia', 'Bus sin energia', 'Bus sin energia', 'Bien', 'Bien', 'Bien', 'Bien', 'Bus sin energia', 'No tiene', '', '137207.1704MV-02C*H068806', 'RCA', 'Bien', 'Bien', 'Bus sin energia', 'No tiene', '', '137207.1704MV-02C*H068837', 'RCA', 'Bien', 'Bien', 'Funciona', 'Reparado', 'No Tiene', 'No Tiene', 'No Tiene', 'BUS PARADO POR MANTENIMIENTO EN PATIO', '2017-09-24 11:44:00'),
(121, 48, 2, 19, 'No se visualiza', 'USB Ext', 'No Tiene', '', 'Bien', 'Funciona', 'Funciona', 'Bien', 'Bien', 'Bien', 'Bien', 'Funciona', 'No tiene', '', '137207.1704MV-02C*H068801', 'RCA', 'Bien', 'Bien', 'Funciona', 'No tiene', '', '137207.1704MV-02C*H068898', 'RCA', 'Bien', 'Bien', 'Funciona', 'Bien', 'No Tiene', 'Tiene', 'Bien', '', '2017-09-24 12:35:00'),
(122, 122, 5, 1, 'Video Input1', 'USB Ext', 'No Tiene', '', 'Bien', 'Funciona', 'Funciona', 'Bien', 'Bien', 'Bien', 'Bien', 'Funciona', 'No tiene', '', '157207.1822V-02Q**H107644', 'MINI DIN(BUSES NUEVOS)', 'Bien', 'No Tiene', 'Funciona', 'No tiene', '', '157207.1822V-02Q**H107637', 'MINI DIN(BUSES NUEVOS)', 'Bien', 'No Tiene', 'Funciona', 'Reparado', 'Funciona', 'Tiene', 'Bien', '', '2017-09-24 13:49:00'),
(123, 83, 1, 3, 'Video Input1', 'Disco Duro', '320 G', 'WX31A459F5C4', 'Bien', 'Funciona', 'Funciona', 'Bien', 'Bien', 'Bien', 'Bien', 'Funciona', 'No tiene', '', '158207.1822-02Q**H117017', 'MINI DIN(BUSES NUEVOS)', 'Bien', 'No Tiene', 'Funciona', 'No tiene', '', '158207.1822-02Q**H116999', 'MINI DIN(BUSES NUEVOS)', 'Bien', 'No Tiene', 'Funciona', 'Reparado', 'Funciona', 'Tiene', 'Bien', '', '2017-09-24 14:56:00'),
(124, 138, 3, 4, 'Bus sin energia', 'Disco Duro', '320 G', 'WX31AC4953KX', 'Bus sin energia', 'Bus sin energia', 'Bus sin energia', 'Bien', 'Bien', 'Bien', 'Bien', 'Bus sin energia', 'No tiene', '', '159207.1822V-02Q**H134776', 'MINI DIN(BUSES NUEVOS)', 'Bien', 'Bien', 'Bus sin energia', 'No tiene', '', '159207.1822V-02Q**H134781', 'MINI DIN(BUSES NUEVOS)', 'Bien', 'Bien', 'Bus sin energia', 'Bien', 'Bus sin energia', 'Tiene', 'Bien', 'BUS PARADO POR MANTENIMIENTO, NO CUENTA CON TAPA DE LECTOR USB', '2017-09-24 15:10:00');
INSERT INTO `audiovisual` (`idaudiovisual`, `bus_idbus`, `instalacion_idinstalacion`, `usuario_idusuario`, `visualizacion_grabacionkl`, `tipo_almacenamientokl`, `capacidad_almacenamientokl`, `numero_serieHdd`, `estado_kl`, `estado_display`, `touch_display`, `boton_display1`, `boton_display_2`, `boton_display_3`, `boton_display_4`, `estado_tv1`, `cod_gamlptv1`, `cod_gamlp1`, `numero_serietv1`, `tipo_conectortv1`, `estado_conectortv1`, `conector_rcatv1`, `estado_tv2`, `cod_gamlptv2`, `cod_gamlp2`, `numero_serietv2`, `tipo_conectortv2`, `estado_conectortv2`, `conector_rcatv2`, `mic_conductor`, `brazo_mic`, `mic_anfitrion`, `cable_usb`, `estado_usb`, `obs`, `fecha`) VALUES
(125, 105, 3, 4, 'Bus sin energia', 'Disco Duro', '320 G', 'WX51AC48FVVE', 'Bus sin energia', 'Bus sin energia', 'Bus sin energia', 'Bien', 'Bien', 'Bien', 'Bien', 'Bus sin energia', 'No tiene', '', '157207.1822V-02Q**H107626', 'MINI DIN(BUSES NUEVOS)', 'Bien', 'Bien', 'Bus sin energia', 'No tiene', '', '157207.1822V-02Q**H107664', 'MINI DIN(BUSES NUEVOS)', 'Bien', 'Bien', 'Bus sin energia', 'Bien', 'Bus sin energia', 'Tiene', 'Bien', 'BUS PARADO EN PATIO POR ENERGIA', '2017-09-24 16:09:00'),
(126, 80, 3, 4, 'Bus sin energia', 'Disco Duro', '320 G', 'WX21AB48VLSJ', 'Bus sin energia', 'Bus sin energia', 'Bus sin energia', 'Bien', 'Bien', 'Bien', 'Bien', 'Bus sin energia', 'No tiene', '', '158207.1822V-02Q**H116986', 'MINI DIN(BUSES NUEVOS)', 'Bien', 'Bien', 'Bus sin energia', 'No tiene', '', '158207.1822V-02Q**H117072', 'MINI DIN(BUSES NUEVOS)', 'Bien', 'Bien', 'Bus sin energia', 'Roto', 'Bus sin energia', 'Tiene', 'Bien', '', '2017-09-24 17:15:00'),
(127, 103, 6, 11, 'Video Input1', 'Disco Duro', 'No Tiene', '', 'Bien', 'Funciona', 'Funciona', 'Bien', 'Bien', 'Bien', 'Bien', 'Funciona', 'No tiene', '', '', 'MINI DIN(BUSES NUEVOS)', 'Bien', 'Bien', 'Funciona', 'No tiene', '', '', 'MINI DIN(BUSES NUEVOS)', 'Bien', 'Bien', 'Funciona', 'Reparado', 'Funciona', 'Tiene', 'Bien', '', '2017-09-24 17:39:00'),
(128, 24, 4, 10, 'Bus sin energia', 'USB Ext', 'No Tiene', '', 'Bus sin energia', 'Bus sin energia', 'Bus sin energia', 'Bien', 'Bien', 'Bien', 'Bien', 'No Funciona', 'Ilegible', '', '137207.1704MV-02C*H068864', 'RCA', 'Bien', 'Bien', 'No Funciona', 'Ilegible', '', '137207.1704MV-02C*H068871', 'RCA', 'Bien', 'Bien', 'Bus sin energia', 'Roto', 'No Tiene', 'No Tiene', 'No Tiene', 'BUS PARADO POR MANTENIMIENTO, TV1 EN MAL ESTADO SE CAMBIO PARA BA-052 Y TV2 EN MAL ESTADO SE CAMBIO PARA BA-048.', '2017-09-24 17:50:00'),
(129, 8, 4, 10, 'No se visualiza', 'USB Ext', 'No Tiene', '', 'Bien', 'Funciona', 'Funciona', 'Bien', 'Bien', 'Bien', 'No Tiene', 'Funciona', 'No tiene', '', '137207.1704MV-02C*H068826', 'RCA', 'Bien', 'Bien', 'Funciona', 'Si Tiene Llena el Siguiente Cuadro', '10568-0000638', '137207.1704MV-02C*H068842', 'RCA', 'Bien', 'Bien', 'Funciona', 'Bien', 'No Tiene', 'Tiene', 'Bien', '', '2017-09-24 18:15:00'),
(130, 34, 4, 5, 'No se visualiza', 'USB Ext', 'No Tiene', '', 'Bien', 'Funciona', 'Funciona', 'Bien', 'Bien', 'Bien', 'No Tiene', 'Funciona', 'Si Tiene Llena el Siguiente Cuadro', '10568-0000689', '137207.1704MV-02C*H068916', 'RCA', 'Bien', 'Bien', 'Funciona', 'Si Tiene Llena el Siguiente Cuadro', '10568-0000690', '137207.1704MV-02C*H068799', 'RCA', 'Bien', 'Bien', 'Funciona', 'Roto', 'No Tiene', 'Tiene', 'Bien', '', '2017-09-25 07:40:00'),
(131, 78, 5, 14, 'Video Input1', 'Disco Duro', '320 G', 'WXB1E845D1PD', 'Bus sin energia', 'Funciona', 'Funciona', 'Bien', 'Bien', 'Bien', 'Bien', 'Funciona', 'No tiene', '', '158207-1822V-02Q**H116994', 'MINI DIN(BUSES NUEVOS)', 'Bien', 'Bien', 'Funciona', 'No tiene', '', '158207-1822V-02Q**H117003', 'MINI DIN(BUSES NUEVOS)', 'Bien', 'Bien', 'Funciona', 'Bien', 'Funciona', 'Tiene', 'Bien', '', '2017-09-25 09:47:00'),
(132, 71, 7, 6, 'Bus sin energia', 'Disco Duro', 'No Tiene', '', 'Bus sin energia', 'Bus sin energia', 'Bus sin energia', 'Bien', 'Bien', 'Bien', 'Bien', 'Bus sin energia', 'No tiene', '', '158207.1822V-02Q**H117025', 'MINI DIN(BUSES NUEVOS)', 'Bien', 'No Tiene', 'Funciona', 'No tiene', '', '158207.1822V-02Q**H117023', 'MINI DIN(BUSES NUEVOS)', 'Bien', 'No Tiene', 'Funciona', 'Bien', 'Bus sin energia', 'Tiene', 'Bien', 'BUS EN FABROS', '2017-09-25 11:10:00'),
(133, 97, 4, 10, 'Video Input1', 'Disco Duro', 'No Tiene', '', 'Bien', 'Funciona', 'Funciona', 'Bien', 'Bien', 'Bien', 'Bien', 'Funciona', 'No tiene', '', '158207.1822V-02Q**H117028', 'MINI DIN(BUSES NUEVOS)', 'Bien', 'No Tiene', 'Funciona', 'No tiene', '', '158207.1822V-02Q**H116981', 'MINI DIN(BUSES NUEVOS)', 'Bien', 'No Tiene', 'Funciona', 'Reparado', 'Funciona', 'Tiene', 'Bien', '', '2017-09-25 11:26:00'),
(138, 65, 5, 14, 'Video Input1', 'Disco Duro', '320 G', 'WXB1E845D1PD', 'Bien', 'Funciona', 'Funciona', 'Bien', 'Bien', 'Bien', 'Bien', 'Funciona', 'No tiene', '', '158207-1822v-02Q**H117010', 'MINI DIN(BUSES NUEVOS)', 'Bien', 'Bien', 'Funciona', 'No tiene', '', '158207-1822v-02Q**H116992', 'MINI DIN(BUSES NUEVOS)', 'Bien', 'Bien', 'Funciona', 'Bien', 'Funciona', 'Tiene', 'Bien', '', '2017-09-25 12:28:00'),
(139, 31, 5, 2, 'Bus sin energia', 'USB Ext', 'No Tiene', '', 'Bus sin energia', 'Bus sin energia', 'Bus sin energia', 'Bien', 'Bien', 'Bien', 'No Tiene', 'Bus sin energia', 'Ilegible', '', '', 'RCA', 'Bien', 'Bien', 'Bus sin energia', 'Ilegible', '', '', 'RCA', 'Bien', 'Bien', 'Bus sin energia', 'Bien', 'No Tiene', 'Tiene', 'Bien', '', '2017-09-25 12:41:00'),
(140, 26, 4, 7, 'No se visualiza', 'USB Ext', 'No Tiene', '', 'Bien', 'Funciona', 'Funciona', 'Bien', 'Bien', 'Bien', 'No Tiene', 'Funciona', 'No tiene', '', '137207.1704MV-02C*H068906', 'RCA', 'Bien', 'Bien', 'Funciona', 'Si Tiene Llena el Siguiente Cuadro', '10568-0000674', '137207.1704MV-02C*H068812', 'RCA', 'Bien', 'Bien', 'Funciona', 'Bien', 'No Tiene', 'Tiene', 'Bien', '', '2017-09-25 14:28:00'),
(141, 36, 8, 15, 'Video Input1', 'USB Ext', 'No Tiene', '', 'Bien', 'Funciona', 'Bus sin energia', 'Bien', 'Bien', 'Bien', 'Bien', 'Bus sin energia', 'Si Tiene Llena el Siguiente Cuadro', '10568-0000693', '137207.1704 MV-02C*H068855', 'RCA', 'Bien', 'Bien', 'Funciona', 'Si Tiene Llena el Siguiente Cuadro', '10568-0000694', '137207.1704 MV-02C*H068838', 'RCA', 'Bien', 'Bien', 'Bus sin energia', 'Roto', 'No Tiene', 'Tiene', 'Bien', 'Bus sin energia', '2017-09-25 14:35:00'),
(142, 86, 4, 7, 'Video Input1', 'Disco Duro', '320 G', 'WX71AA4JTSN2', 'Bien', 'Funciona', 'Funciona', 'Bien', 'Bien', 'Bien', 'Bien', 'Funciona', 'No tiene', '', '158207.1822V-02Q**H116984', 'MINI DIN(BUSES NUEVOS)', 'Bien', 'No Tiene', 'Funciona', 'No tiene', '', '158207.1822V-02Q**H117069', 'MINI DIN(BUSES NUEVOS)', 'Bien', 'No Tiene', 'Funciona', 'Bien', 'Funciona', 'Tiene', 'Bien', '', '2017-09-25 15:32:00'),
(143, 52, 4, 10, 'No se visualiza', 'USB Ext', 'No Tiene', '', 'Bien', 'Funciona', 'Funciona', 'Bien', 'Bien', 'Bien', 'Bien', 'Funciona', 'Si Tiene Llena el Siguiente Cuadro', '10568-0000670', '137207.1704MV-02C*H068922', 'RCA', 'Bien', 'Bien', 'Funciona', 'Si Tiene Llena el Siguiente Cuadro', '10568-0000726', '137207.1704MV-02C*H068854', 'RCA', 'Bien', 'Bien', 'Funciona', 'Bien', 'No Tiene', 'Tiene', 'Bien', '', '2017-09-25 15:35:00'),
(144, 99, 4, 10, 'Video Input1', 'Disco Duro', '320 G', 'WX31A842V7L5', 'Bien', 'Funciona', 'Funciona', 'Bien', 'Bien', 'Bien', 'Bien', 'Funciona', 'No tiene', '', '158207.1822V-02Q**H107629', 'MINI DIN(BUSES NUEVOS)', 'Bien', 'No Tiene', 'Funciona', 'No tiene', '', '158207.1822V-02Q**H107663', 'MINI DIN(BUSES NUEVOS)', 'Bien', 'No Tiene', 'Funciona', 'Bien', 'Funciona', 'Tiene', 'Bien', '', '2017-09-25 18:24:00'),
(145, 121, 4, 10, 'Video Input1', 'Disco Duro', 'No Tiene', '', 'Bien', 'Funciona', 'Funciona', 'Bien', 'Bien', 'Bien', 'Bien', 'Funciona', 'No tiene', '', '158207.1822V-02Q**H107619', 'MINI DIN(BUSES NUEVOS)', 'Bien', 'No Tiene', 'Funciona', 'No tiene', '', '158207.1822V-02Q**H107635', 'MINI DIN(BUSES NUEVOS)', 'Bien', 'No Tiene', 'Funciona', 'Bien', 'Funciona', 'Tiene', 'Bien', '', '2017-09-25 18:30:00'),
(146, 133, 2, 20, 'Video Input1', 'Disco Duro', '320 G', 'WX31AC495TP4', 'Bien', 'Funciona', 'Funciona', 'Bien', 'Bien', 'Bien', 'Bien', 'Funciona', 'No tiene', '', '157207.1822V-02Q**H107639', 'MINI DIN(BUSES NUEVOS)', 'Bien', 'No Tiene', 'Funciona', 'No tiene', '', '157207.1822V-02Q**H107640', 'MINI DIN(BUSES NUEVOS)', 'Bien', 'No Tiene', 'Funciona', 'Bien', 'Funciona', 'Tiene', 'Bien', '', '2017-09-25 18:35:00'),
(147, 7, 4, 10, 'Video Input1', 'USB Ext', 'No Tiene', '', 'Bien', 'Funciona', 'Funciona', 'Bien', 'Bien', 'Bien', 'Bien', 'Funciona', 'Ilegible', '', '137207.1704MV-02C*H068886', 'RCA', 'Bien', 'Bien', 'Funciona', 'No tiene', '', '137207.1704MV-02C*H068923', 'RCA', 'Bien', 'Bien', 'Funciona', 'Bien', 'No Tiene', 'Tiene', 'Bien', '', '2017-09-25 19:09:00'),
(148, 37, 4, 7, 'No se visualiza', 'USB Ext', 'No Tiene', '', 'Bien', 'Funciona', 'Funciona', 'Bien', 'Bien', 'Bien', 'No Tiene', 'Funciona', 'Ilegible', '', '137207.1704MV-02C*H068835', 'RCA', 'Bien', 'Bien', 'Funciona', 'Si Tiene Llena el Siguiente Cuadro', '10568-0000696', '137207.1704MV-02C*H068810', 'RCA', 'Bien', 'Bien', 'Funciona', 'Reparado', 'No Tiene', 'Tiene', 'Bien', '', '2017-09-25 19:09:00'),
(149, 118, 7, 6, 'Video Input1', 'Disco Duro', 'No Tiene', '', 'Bus sin energia', 'Bus sin energia', 'Bus sin energia', 'Bien', 'Bien', 'Bien', 'Bien', 'Bus sin energia', 'No tiene', '', '157207.1822V-02Q**H107638', 'MINI DIN(BUSES NUEVOS)', 'Bien', 'No Tiene', 'Funciona', 'No tiene', '', '157207.1822V-02Q**H107658', 'MINI DIN(BUSES NUEVOS)', 'Bien', 'No Tiene', 'Bus sin energia', 'Reparado', 'Bus sin energia', 'Tiene', 'Bien', 'BUS SIN DISCO DURO EN KL  SEGUN REPORTE DE ENVIO POR NO CONTAR CON CHAPA EN GABINETE DE ALMACENAMIENTO KL', '2017-09-25 19:17:00'),
(150, 107, 7, 20, 'Bus sin energia', 'Disco Duro', '320 G', 'WXK1E842TADD', 'Bus sin energia', 'Bus sin energia', 'Bus sin energia', 'Bien', 'Bien', 'Bien', 'Bien', 'Funciona', 'No tiene', '', '158207.1822V-02Q**H117030', 'MINI DIN(BUSES NUEVOS)', 'Bien', 'No Tiene', 'Funciona', 'No tiene', '', '158207.1822V-02Q**H117065', 'MINI DIN(BUSES NUEVOS)', 'Bien', 'No Tiene', 'Bus sin energia', 'Reparado', 'Bus sin energia', 'Tiene', 'Bien', '', '2017-09-25 19:53:00'),
(151, 74, 7, 20, 'Video Input1', 'Disco Duro', '320 G', 'WX71AA4JT9NT', 'Bus sin energia', 'Bus sin energia', 'Bus sin energia', 'Bien', 'Bien', 'Bien', 'Bien', 'Funciona', 'No tiene', '', '155207.1822V-02Q**H088662', 'MINI DIN(BUSES NUEVOS)', 'Bien', 'No Tiene', 'Funciona', 'No tiene', '', '155207.1822V-02Q**H117008', 'MINI DIN(BUSES NUEVOS)', 'Bien', 'No Tiene', 'Funciona', 'Reparado', 'Funciona', 'Tiene', 'Bien', '', '2017-09-25 20:28:00'),
(152, 77, 2, 6, 'Video Input1', 'Disco Duro', '320 G', 'WX51AC48F5X3', 'Bien', 'Funciona', 'Funciona', 'Bien', 'Bien', 'Bien', 'Bien', 'Funciona', 'No tiene', '', '157207.1822V-02Q**H107622', 'MINI DIN(BUSES NUEVOS)', 'Bien', 'No Tiene', 'Funciona', 'No tiene', '', '157207.1822V-02Q**H116989', 'MINI DIN(BUSES NUEVOS)', 'Bien', 'No Tiene', 'Funciona', 'Bien', 'Funciona', 'Tiene', 'Bien', 'COVIMOTORS PARADO ALLI POR ARREGLO DE CAJA ZF', '2017-09-25 20:55:00'),
(153, 126, 2, 6, 'Video Input1', 'Disco Duro', '320 G', 'WX51A3507R9X', 'Bien', 'Funciona', 'Funciona', 'Bien', 'Bien', 'Bien', 'Bien', 'Funciona', 'No tiene', '', '158207.1822V-02Q**H117056', 'MINI DIN(BUSES NUEVOS)', 'Bien', 'No Tiene', 'Funciona', 'No tiene', '', '158207.1822V-02Q**H117064', 'MINI DIN(BUSES NUEVOS)', 'Bien', 'No Tiene', 'Funciona', 'Bien', 'Funciona', 'Tiene', 'Bien', 'COVIMOTORS PARADO POR ARREGLO DE CAJA ZF', '2017-09-25 21:24:00'),
(154, 136, 5, 2, 'Video Input1', 'Disco Duro', '320 G', '', 'Bien', 'Funciona', 'Funciona', 'Bien', 'Bien', 'Bien', 'Bien', 'Funciona', 'No tiene', '', '', 'RCA', 'Bien', 'Bien', 'Funciona', 'No tiene', '', '', 'RCA', 'Bien', 'Bien', 'Funciona', 'Bien', 'Funciona', 'Tiene', 'Bien', '', '2017-09-25 23:55:00'),
(155, 89, 2, 6, 'Video Input1', 'Disco Duro', '320 G', 'WX31AC495D5T', 'Bien', 'Funciona', 'Funciona', 'Bien', 'Bien', 'Bien', 'Bien', 'Funciona', 'No tiene', '', '158207.1822V-02Q**H117047', 'MINI DIN(BUSES NUEVOS)', 'Bien', 'No Tiene', 'Funciona', 'No tiene', '', '158207.1822V-02Q**H117062', 'MINI DIN(BUSES NUEVOS)', 'Bien', 'No Tiene', 'Funciona', 'Reparado', 'Funciona', 'Tiene', 'Bien', 'COVIMOTORS BUS PARADO EN REPARACION DE CAJA ZF', '2017-09-26 09:42:00');

-- --------------------------------------------------------

--
-- Estructura de tabla para la tabla `bus`
--

CREATE TABLE `bus` (
  `idbus` int(11) NOT NULL,
  `nombre_bus` varchar(45) NOT NULL,
  `placa` varchar(45) DEFAULT NULL,
  `si_cobro` int(11) NOT NULL,
  `si_acceso` int(11) NOT NULL,
  `si_geoloc` int(11) NOT NULL,
  `si_segurida` int(11) NOT NULL,
  `si_audiovicual` int(11) NOT NULL,
  `si_internet` int(11) NOT NULL,
  `si_electrico` int(11) NOT NULL
) ENGINE=InnoDB DEFAULT CHARSET=utf8;

--
-- Volcado de datos para la tabla `bus`
--

INSERT INTO `bus` (`idbus`, `nombre_bus`, `placa`, `si_cobro`, `si_acceso`, `si_geoloc`, `si_segurida`, `si_audiovicual`, `si_internet`, `si_electrico`) VALUES
(1, 'BA-001', NULL, 1, 1, 1, 1, 1, 1, 1),
(2, 'BA-002', NULL, 1, 1, 1, 1, 1, 1, 1),
(3, 'BA-003', NULL, 1, 1, 1, 1, 1, 1, 1),
(4, 'BA-004', NULL, 1, 1, 1, 1, 1, 1, 1),
(5, 'BA-005', NULL, 1, 1, 1, 1, 1, 1, 1),
(6, 'BA-006', NULL, 1, 1, 1, 1, 1, 1, 1),
(7, 'BA-007', NULL, 1, 1, 1, 1, 1, 1, 1),
(8, 'BA-008', NULL, 1, 1, 1, 1, 1, 1, 1),
(9, 'BA-009', NULL, 1, 1, 1, 1, 1, 1, 1),
(10, 'BA-010', NULL, 1, 1, 1, 1, 1, 1, 1),
(11, 'BA-011', NULL, 1, 1, 1, 1, 1, 1, 1),
(12, 'BA-012', NULL, 1, 1, 1, 1, 1, 1, 1),
(13, 'BA-013', NULL, 1, 1, 1, 1, 1, 1, 1),
(14, 'BA-014', NULL, 1, 1, 1, 1, 1, 1, 1),
(15, 'BA-015', NULL, 1, 1, 1, 1, 1, 1, 1),
(16, 'BA-016', NULL, 1, 1, 1, 1, 1, 1, 1),
(17, 'BA-017', NULL, 1, 1, 1, 1, 1, 1, 1),
(18, 'BA-018', NULL, 1, 1, 1, 1, 1, 1, 1),
(19, 'BA-019', NULL, 1, 1, 1, 1, 1, 1, 1),
(20, 'BA-020', NULL, 1, 1, 1, 1, 1, 1, 1),
(21, 'BA-021', NULL, 1, 1, 1, 1, 1, 1, 1),
(22, 'BA-022', NULL, 1, 1, 1, 1, 1, 1, 1),
(23, 'BA-023', NULL, 1, 1, 1, 1, 1, 1, 1),
(24, 'BA-024', NULL, 1, 1, 1, 1, 1, 1, 1),
(25, 'BA-025', NULL, 1, 1, 1, 1, 1, 1, 1),
(26, 'BA-026', NULL, 1, 1, 1, 1, 1, 1, 1),
(27, 'BA-027', NULL, 1, 1, 1, 1, 1, 1, 1),
(28, 'BA-028', NULL, 1, 1, 1, 1, 1, 1, 1),
(29, 'BA-029', NULL, 1, 1, 1, 1, 1, 1, 1),
(30, 'BA-030', NULL, 1, 1, 1, 1, 1, 1, 1),
(31, 'BA-031', NULL, 1, 1, 1, 1, 1, 1, 1),
(32, 'BA-032', NULL, 1, 1, 1, 1, 1, 1, 1),
(33, 'BA-033', NULL, 1, 1, 1, 1, 1, 1, 1),
(34, 'BA-034', NULL, 1, 1, 1, 1, 1, 1, 1),
(35, 'BA-035', NULL, 1, 1, 1, 1, 1, 1, 1),
(36, 'BA-036', NULL, 1, 1, 1, 1, 1, 1, 1),
(37, 'BA-037', NULL, 1, 1, 1, 1, 1, 1, 1),
(38, 'BA-038', NULL, 1, 1, 1, 1, 1, 1, 1),
(39, 'BA-039', NULL, 1, 1, 1, 1, 1, 1, 1),
(40, 'BA-040', NULL, 1, 1, 1, 1, 1, 1, 1),
(41, 'BA-041', NULL, 1, 1, 1, 1, 1, 1, 1),
(42, 'BA-042', NULL, 1, 1, 1, 1, 1, 1, 1),
(43, 'BA-043', NULL, 1, 1, 1, 1, 1, 1, 1),
(44, 'BA-044', NULL, 1, 1, 1, 1, 1, 1, 1),
(45, 'BA-045', NULL, 1, 1, 1, 1, 1, 1, 1),
(46, 'BA-046', NULL, 1, 1, 1, 1, 1, 1, 1),
(47, 'BA-047', NULL, 1, 1, 1, 1, 1, 1, 1),
(48, 'BA-048', NULL, 1, 1, 1, 1, 1, 1, 1),
(49, 'BA-049', NULL, 1, 1, 1, 1, 1, 1, 1),
(50, 'BA-050', NULL, 1, 1, 1, 1, 1, 1, 1),
(51, 'BA-051', NULL, 1, 1, 1, 1, 1, 1, 1),
(52, 'BA-052', NULL, 1, 1, 1, 1, 1, 1, 1),
(53, 'BA-053', NULL, 1, 1, 1, 1, 1, 1, 1),
(54, 'BA-054', NULL, 1, 1, 1, 1, 1, 1, 1),
(55, 'BA-055', NULL, 1, 1, 1, 1, 1, 1, 1),
(56, 'BA-056', NULL, 1, 1, 1, 1, 1, 1, 1),
(57, 'BA-057', NULL, 1, 1, 1, 1, 1, 1, 1),
(58, 'BA-058', NULL, 1, 1, 1, 1, 1, 1, 1),
(59, 'BA-059', NULL, 1, 1, 1, 1, 1, 1, 1),
(60, 'BA-060', NULL, 1, 1, 1, 1, 1, 1, 1),
(61, 'BA-061', NULL, 1, 1, 1, 1, 1, 1, 1),
(62, 'BA-062', NULL, 1, 1, 1, 1, 1, 1, 1),
(63, 'BA-063', NULL, 1, 1, 1, 1, 1, 1, 1),
(64, 'BA-064', NULL, 1, 1, 1, 1, 1, 1, 1),
(65, 'BA-065', NULL, 1, 1, 1, 1, 1, 1, 1),
(66, 'BA-066', NULL, 1, 1, 1, 1, 1, 1, 1),
(67, 'BA-067', NULL, 1, 1, 1, 1, 1, 1, 1),
(68, 'BA-068', NULL, 1, 1, 1, 1, 1, 1, 1),
(69, 'BA-069', NULL, 1, 1, 1, 1, 1, 1, 1),
(70, 'BA-070', NULL, 1, 1, 1, 1, 1, 1, 1),
(71, 'BA-071', NULL, 1, 1, 1, 1, 1, 1, 1),
(72, 'BA-072', NULL, 1, 1, 1, 1, 1, 1, 1),
(73, 'BA-073', NULL, 1, 1, 1, 1, 1, 1, 1),
(74, 'BA-074', NULL, 1, 1, 1, 1, 1, 1, 1),
(75, 'BA-075', NULL, 1, 1, 1, 1, 1, 1, 1),
(76, 'BA-076', NULL, 1, 1, 1, 1, 1, 1, 1),
(77, 'BA-077', NULL, 1, 1, 1, 1, 1, 1, 1),
(78, 'BA-078', NULL, 1, 1, 1, 1, 1, 1, 1),
(79, 'BA-079', NULL, 1, 1, 1, 1, 1, 1, 1),
(80, 'BA-080', NULL, 1, 1, 1, 1, 1, 1, 1),
(81, 'BA-081', NULL, 1, 1, 1, 1, 1, 1, 1),
(82, 'BA-082', NULL, 1, 1, 1, 1, 1, 1, 1),
(83, 'BA-083', NULL, 1, 1, 1, 1, 1, 1, 1),
(84, 'BA-084', NULL, 1, 1, 1, 1, 1, 1, 1),
(85, 'BA-085', NULL, 1, 1, 1, 1, 1, 1, 1),
(86, 'BA-086', NULL, 1, 1, 1, 1, 1, 1, 1),
(87, 'BA-087', NULL, 1, 1, 1, 1, 1, 1, 1),
(88, 'BA-088', NULL, 1, 1, 1, 1, 1, 1, 1),
(89, 'BA-089', NULL, 1, 1, 1, 1, 1, 1, 1),
(90, 'BA-090', NULL, 1, 1, 1, 1, 1, 1, 1),
(91, 'BA-091', NULL, 1, 1, 1, 1, 1, 1, 1),
(92, 'BA-092', NULL, 1, 1, 1, 1, 1, 1, 1),
(93, 'BA-093', NULL, 1, 1, 1, 1, 1, 1, 1),
(94, 'BA-094', NULL, 1, 1, 1, 1, 1, 1, 1),
(95, 'BA-095', NULL, 1, 1, 1, 1, 1, 1, 1),
(96, 'BA-096', NULL, 1, 1, 1, 1, 1, 1, 1),
(97, 'BA-097', NULL, 1, 1, 1, 1, 1, 1, 1),
(98, 'BA-098', NULL, 1, 1, 1, 1, 1, 1, 1),
(99, 'BA-099', NULL, 1, 1, 1, 1, 1, 1, 1),
(100, 'BA-100', NULL, 1, 1, 1, 1, 1, 1, 1),
(101, 'BA-101', NULL, 1, 1, 1, 1, 1, 1, 1),
(102, 'BA-102', NULL, 1, 1, 1, 1, 1, 1, 1),
(103, 'BA-103', NULL, 1, 1, 1, 1, 1, 1, 1),
(104, 'BA-104', NULL, 1, 1, 1, 1, 1, 1, 1),
(105, 'BA-105', NULL, 1, 1, 1, 1, 1, 1, 1),
(106, 'BA-106', NULL, 1, 1, 1, 1, 1, 1, 1),
(107, 'BA-107', NULL, 1, 1, 1, 1, 1, 1, 1),
(108, 'BA-108', NULL, 1, 1, 1, 1, 1, 1, 1),
(109, 'BA-109', NULL, 1, 1, 1, 1, 1, 1, 1),
(110, 'BA-110', NULL, 1, 1, 1, 1, 1, 1, 1),
(111, 'BA-111', NULL, 1, 1, 1, 1, 1, 1, 1),
(112, 'BA-112', NULL, 1, 1, 1, 1, 1, 1, 1),
(113, 'BA-113', NULL, 1, 1, 1, 1, 1, 1, 1),
(114, 'BA-114', NULL, 1, 1, 1, 1, 1, 1, 1),
(115, 'BA-115', NULL, 1, 1, 1, 1, 1, 1, 1),
(116, 'BA-116', NULL, 1, 1, 1, 1, 1, 1, 1),
(117, 'BA-117', NULL, 1, 1, 1, 1, 1, 1, 1),
(118, 'BA-118', NULL, 1, 1, 1, 1, 1, 1, 1),
(119, 'BA-119', NULL, 1, 1, 1, 1, 1, 1, 1),
(120, 'BA-120', NULL, 1, 1, 1, 1, 1, 1, 1),
(121, 'BA-121', NULL, 1, 1, 1, 1, 1, 1, 1),
(122, 'BA-122', NULL, 1, 1, 1, 1, 1, 1, 1),
(123, 'BA-123', NULL, 1, 1, 1, 1, 1, 1, 1),
(124, 'BA-124', NULL, 1, 1, 1, 1, 1, 1, 1),
(125, 'BA-125', NULL, 1, 1, 1, 1, 1, 1, 1),
(126, 'BA-126', NULL, 1, 1, 1, 1, 1, 1, 1),
(127, 'BA-127', NULL, 1, 1, 1, 1, 1, 1, 1),
(128, 'BA-128', NULL, 1, 1, 1, 1, 1, 1, 1),
(129, 'BA-129', NULL, 1, 1, 1, 1, 1, 1, 1),
(130, 'BA-130', NULL, 1, 1, 1, 1, 1, 1, 1),
(131, 'BA-131', NULL, 1, 1, 1, 1, 1, 1, 1),
(132, 'BA-132', NULL, 1, 1, 1, 1, 1, 1, 1),
(133, 'BA-133', NULL, 1, 1, 1, 1, 1, 1, 1),
(134, 'BA-134', NULL, 1, 1, 1, 1, 1, 1, 1),
(135, 'BA-135', NULL, 1, 1, 1, 1, 1, 1, 1),
(136, 'BA-136', NULL, 1, 1, 1, 1, 1, 1, 1),
(137, 'BA-137', NULL, 1, 1, 1, 1, 1, 1, 1),
(138, 'BA-138', NULL, 1, 1, 1, 1, 1, 1, 1),
(139, 'BA-139', NULL, 1, 1, 1, 1, 1, 1, 1),
(140, 'BA-140', NULL, 1, 1, 1, 1, 1, 1, 1),
(141, 'BA-141', NULL, 1, 1, 1, 1, 1, 1, 1);

-- --------------------------------------------------------

--
-- Estructura de tabla para la tabla `cobro`
--

CREATE TABLE `cobro` (
  `idcobro` int(11) NOT NULL,
  `bus_idbus` int(11) NOT NULL,
  `instalacion_idinstalacion` int(11) NOT NULL,
  `usuario_idusuario` int(11) NOT NULL,
  `modelo_tablet` varchar(45) NOT NULL,
  `estado_operativo` varchar(45) NOT NULL,
  `descripcion_fallo_1` varchar(45) NOT NULL,
  `descripcion_fallo_2` varchar(45) NOT NULL,
  `id_validador` varchar(45) NOT NULL,
  `codigo_gamlp` varchar(45) NOT NULL,
  `cod_gamlp` varchar(45) DEFAULT NULL,
  `codigo_mfs` varchar(45) NOT NULL,
  `cod_mfs` varchar(45) DEFAULT NULL,
  `interfaz` varchar(45) NOT NULL,
  `estado_interfaz` varchar(45) NOT NULL,
  `conector_db9` varchar(45) NOT NULL,
  `estado_conector` varchar(45) NOT NULL,
  `ubicacion_cable_comunicacion` varchar(45) NOT NULL,
  `estado_cable_comunicacion` varchar(45) NOT NULL,
  `tipo_cable` varchar(45) NOT NULL,
  `tipo_hub` varchar(45) NOT NULL,
  `condicion_hub` varchar(45) NOT NULL,
  `tipo_conexion_hub` varchar(45) NOT NULL,
  `estado_conexion_hub` varchar(45) NOT NULL,
  `ext_usb` varchar(45) NOT NULL,
  `estado_usb` varchar(45) NOT NULL,
  `ubicacion_cargador` varchar(45) NOT NULL,
  `estado_cargador` varchar(45) NOT NULL,
  `tipo_tarjeta_inteligente` varchar(45) NOT NULL,
  `estado_tarjeta_inteligente` varchar(45) NOT NULL,
  `numero_serie` varchar(45) NOT NULL,
  `id_vsam` varchar(45) NOT NULL,
  `existencia_vsam` varchar(45) NOT NULL,
  `estado_vsam` varchar(45) NOT NULL,
  `tornillos_tapa_validador` varchar(45) NOT NULL,
  `observaciones` varchar(800) NOT NULL,
  `fecha` datetime NOT NULL
) ENGINE=InnoDB DEFAULT CHARSET=utf8;

--
-- Volcado de datos para la tabla `cobro`
--

INSERT INTO `cobro` (`idcobro`, `bus_idbus`, `instalacion_idinstalacion`, `usuario_idusuario`, `modelo_tablet`, `estado_operativo`, `descripcion_fallo_1`, `descripcion_fallo_2`, `id_validador`, `codigo_gamlp`, `cod_gamlp`, `codigo_mfs`, `cod_mfs`, `interfaz`, `estado_interfaz`, `conector_db9`, `estado_conector`, `ubicacion_cable_comunicacion`, `estado_cable_comunicacion`, `tipo_cable`, `tipo_hub`, `condicion_hub`, `tipo_conexion_hub`, `estado_conexion_hub`, `ext_usb`, `estado_usb`, `ubicacion_cargador`, `estado_cargador`, `tipo_tarjeta_inteligente`, `estado_tarjeta_inteligente`, `numero_serie`, `id_vsam`, `existencia_vsam`, `estado_vsam`, `tornillos_tapa_validador`, `observaciones`, `fecha`) VALUES
(1, 111, 2, 6, 'Quipus', 'Funciona', 'Reinicios', 'Calentamiento', '196.111.4039.15', 'Tiene', '10987-0000082', 'Tiene', '02-01-0000082', 'RS-232 Generico', 'Funciona', 'No Tiene', 'No Tiene', 'Dentro de Conducto Asidero', 'Independiente', 'STP', 'Omega Modificado', 'Funciona', 'Cable OTG', 'Funciona', 'Tiene', 'Funciona', 'Dentro de Validador', 'Funciona', 'Modificado', 'Funciona', '50C59933028E0A9E', 'RR167-023689', 'Tiene', 'Funciona', '2', 'VALIDADOR PRESENTA REINICIOS ESPORADICOS EN RUTA.', '2017-09-20 14:08:00'),
(2, 100, 6, 15, 'Acer Antiguo', 'Funciona', 'Sin Fallo', 'Sin Fallo', '72.100.4039.15', 'Ilegible', '', 'Tiene', '02-01-0000005', 'RS-232 Generico', 'Funciona', 'Tiene', 'Bien', 'Dentro de Conducto Asidero', 'Independiente', 'Extensor USB', 'Klip', 'Funciona', 'Extra USB', 'Funciona', 'Tiene', 'Funciona', 'Dentro de Validador', 'Funciona', 'Normal', 'Funciona', '50C59935878E0A9E', 'RR167-023761', 'Tiene', 'Funciona', '2', '', '2017-09-20 15:28:00'),
(3, 94, 3, 16, 'Acer Antiguo', 'Funciona', 'Sin Fallo', 'Sin Fallo', '', 'No tiene', '', 'Tiene', '02-01-0000074', 'Placa', 'Funciona', 'Tiene', 'Bien', 'Dentro de Conducto Asidero', 'Independiente', 'Extensor USB', 'Omega Normal', 'Funciona', 'Extra USB', 'Funciona', 'Tiene', 'Funciona', 'Dentro de Validador', 'Funciona', 'Normal', 'Funciona', 'RR167-043394', '5', 'Tiene', 'Funciona', '1', 'BUS PARADO EN EL PATIO POR MT CONSUMO DE ACEITE DE MOTOR / CARGADOR DE VALIADDOR MARCA MASTER G REPARADO ', '2017-09-20 15:34:00'),
(6, 92, 1, 17, 'Acer Nueva', 'Funciona', 'Sin Fallo', 'Sin Fallo', '245.92.4047.15', 'Tiene', '10987-0000139', 'Tiene', '02-01-0000139', 'RS-232 Generico', 'Funciona', 'No Tiene', 'No Tiene', 'Dentro de Conducto Asidero', 'Independiente', 'Extensor USB', 'Micro USB Hub(pulpo)', 'Funciona', 'Cable OTG', 'Funciona', 'Tiene', 'Funciona', 'Dentro de Validador', 'Funciona', 'Normal', 'Funciona', '50C59935848E0A9E', 'RR167-043421', 'Tiene', 'Funciona', '2', '', '2017-09-20 18:33:00'),
(7, 28, 2, 6, 'Acer Nueva', 'Funciona', 'Sin Fallo', 'Sin Fallo', '236.28.4039.15', 'Tiene', '10987-0000135', 'Tiene', '02-01-0000135', 'RS-232 Generico', 'Funciona', 'Tiene', 'Bien', 'Dentro de Conducto Asidero', 'Compartio con Energia', 'UTP', 'Klip', 'Funciona', 'Extra USB', 'Funciona', 'Tiene', 'Funciona', 'Fuera de Validador', 'Funciona', 'Normal', 'Funciona', '50C59932E78E0A9E', 'RR167-043423', 'Tiene', 'Funciona', '2', '', '2017-09-20 19:33:00'),
(8, 42, 1, 17, 'Acer Nueva', 'Funciona', 'Sin Fallo', 'Sin Fallo', '257.42.4035.15', 'Tiene', '10987-0000134', 'Tiene', '02-01-0000134', 'RS-232 Generico', 'Funciona', 'Tiene', 'Bien', 'Dentro de Conducto Asidero', 'Independiente', 'UTP', 'Micro USB Hub(pulpo)', 'Funciona', 'Extra USB', 'Funciona', 'Tiene', 'Funciona', 'Fuera de Validador', 'Funciona', 'Normal', 'Funciona', '50C5991AF78E0A9E', 'RR167-052355', 'Tiene', 'Funciona', '2', '', '2017-09-20 20:25:00'),
(9, 6, 2, 20, 'Acer Antiguo', 'Funciona', 'Sin Fallo', 'Sin Fallo', '260.6.4039.15', 'Tiene', '10987-0000125', 'Tiene', '02-01-0000125', 'RS-232 Generico', 'Funciona', 'Tiene', 'Bien', 'Dentro de Conducto Asidero', 'Independiente', 'UTP', 'Micro USB Hub(pulpo)', 'Funciona', 'Conexion Directa a Tablet', 'Funciona', 'Tiene', 'Funciona', 'Fuera de Validador', 'Funciona', 'Normal', 'Funciona', '50C59914EB8E0A9E', 'RR167-052366', 'Tiene', 'Funciona', '2', '', '2017-09-20 20:29:00'),
(10, 18, 1, 17, 'Acer Nueva', 'Funciona', 'Sin Fallo', 'Sin Fallo', '213.18.4035.15', 'Tiene', '10987-0000104', 'Tiene', '02-01-0000104', 'RS-232 Generico', 'Funciona', 'Tiene', 'Bien', 'Dentro de Conducto Asidero', 'Independiente', 'UTP', 'Micro USB Hub(pulpo)', 'Funciona', 'Extra USB', 'Funciona', 'Tiene', 'Funciona', 'Fuera de Validador', 'Funciona', 'Normal', 'Funciona', '50C59906BE8E0A9E', 'RR167-052379', 'Tiene', 'Funciona', '2', '', '2017-09-20 20:35:00'),
(11, 5, 2, 20, 'Acer Antiguo', 'Funciona', 'Sin Fallo', 'Sin Fallo', '61.5.4039.15', 'No tiene', '', 'Tiene', '02-01-0000010', 'RS-232 Generico', 'Funciona', 'Tiene', 'Bien', 'Dentro de Conducto Asidero', 'Compartio con Energia', 'UTP', 'Omega Normal', 'Funciona', 'Bus de Datos', 'Funciona', 'No Tiene', 'No Tiene', 'Fuera de Validador', 'Funciona', 'Normal', 'Funciona', '8285C644AAFC0E42', 'RR167-023735', 'Tiene', 'Funciona', '2', '', '2017-09-20 20:57:00'),
(12, 33, 2, 19, 'Acer Nueva', 'Funciona', 'Sin Fallo', 'Sin Fallo', '264.33.4039.15', 'Tiene', '10987-0000127', 'Tiene', '02-01-0000127', 'RS-232 Trend Net', 'Funciona', 'Tiene', 'Bien', 'Dentro de Conducto Asidero', 'Compartio con Energia', 'UTP', 'Micro USB Hub(pulpo)', 'Funciona', 'Cable OTG', 'Funciona', 'Tiene', 'Funciona', 'Fuera de Validador', 'Funciona', 'Normal', 'Funciona', '8285C65049FC0E42', 'RR167-052380', 'Tiene', 'Funciona', '2', '', '2017-09-20 21:37:00'),
(13, 82, 3, 16, 'Acer Nueva', 'Funciona', 'Sin Fallo', 'Sin Fallo', '252', 'Tiene', '10987-0000116', 'Tiene', '02-01-0000116', 'Placa', 'Funciona', 'Tiene', 'Bien', 'Dentro de Conducto Asidero', 'Independiente', 'UTP', 'Omega Modificado', 'Funciona', 'Bus de Datos', 'Funciona', 'Tiene', 'Funciona', 'Dentro de Validador', 'Funciona', 'Normal', 'Funciona', '50C59932E28E0A9E', 'RR167-052375', 'Tiene', 'Funciona', '2', 'BUS PARADO POR MT ', '2017-09-20 21:40:00'),
(14, 91, 2, 19, 'Acer Nueva', 'Funciona', 'Sin Fallo', 'Sin Fallo', '231.91.403.15', 'Tiene', '10987-0000103', 'Tiene', '02-01-0000103', 'RS-232 Generico', 'Funciona', 'Tiene', 'Bien', 'Dentro de Conducto Asidero', 'Independiente', 'STP', 'Micro USB Hub(pulpo)', 'Funciona', 'Extra USB', 'Funciona', 'Tiene', 'Funciona', 'Dentro de Validador', 'Funciona', 'Normal', 'Funciona', '50C59915138E0A9E', 'RR167-053049', 'Tiene', 'Funciona', '2', '', '2017-09-20 22:10:00'),
(15, 119, 2, 6, 'Acer Nueva', 'Funciona', 'Sin Fallo', 'Sin Fallo', '254.119.4050.15', 'Tiene', '10987-0000113', 'Tiene', '02-01-0000113', 'RS-232 Generico', 'Funciona', 'Tiene', 'Bien', 'Dentro de Conducto Asidero', 'Independiente', 'STP', 'Klip', 'Funciona', 'Extra USB', 'Funciona', 'Tiene', 'Funciona', 'Dentro de Validador', 'Funciona', 'Normal', 'Funciona', '50C59914EF8E0A9E', 'RR167-043382', 'Tiene', 'Funciona', '1', '', '2017-09-21 09:52:00'),
(16, 138, 3, 4, 'Acer Antiguo', 'Funciona', 'Sin Fallo', 'Sin Fallo', '32.138.3822.15', 'Ilegible', '', 'Tiene', '02-01-0000032', 'RS-232 Generico', 'Funciona', 'Tiene', 'Bien', 'Dentro de Conducto Asidero', 'Independiente', 'Extensor USB', 'Omega Normal', 'Funciona', 'Bus de Datos', 'Funciona', 'Tiene', 'Funciona', 'Dentro de Validador', 'Funciona', 'Normal', 'Funciona', '22CDCE1CB1398D66', 'RR167-012158', 'Tiene', 'Funciona', '2', 'bus parado en patio por mantenimiento, tornillos de carcasa robados no cierran de forma correcta', '2017-09-21 11:00:00'),
(17, 29, 2, 20, 'Acer Antiguo', 'Funciona', 'Sin Fallo', 'Sin Fallo', '30.29.4050.15', 'Tiene', '10987-0000021', 'Tiene', '02-01-0000021', 'No-Tiene', 'No tiene', 'No Tiene', 'No Tiene', 'Dentro de Conducto Asidero', 'Compartio con Energia', 'UTP', 'Omega Normal', 'Funciona', 'Bus de Datos', 'Funciona', 'Tiene', 'Funciona', 'Dentro de Validador', 'Funciona', 'Normal', 'Funciona', '22CDCE1DE0398D66', 'RR167-023661', 'Tiene', 'Funciona', '1', 'Cable de comunicacion UTP dañado, se recomienda cambio por FTP', '2017-09-21 11:31:00'),
(18, 98, 3, 18, 'Acer Nueva', 'Funciona', 'Sin Fallo', 'Sin Fallo', '268.98.3980.15', 'Tiene', '10987-0000152', 'Tiene', '02-01-0000152', 'RS-232 Generico', 'Funciona', 'No Tiene', 'No Tiene', 'Dentro de Conducto Asidero', 'Independiente', 'Extensor USB', 'Omega Normal', 'Funciona', 'Cable OTG', 'Funciona', 'Tiene', 'No funciona', 'Dentro de Validador', 'Funciona', 'Normal', 'Funciona', '8285C65059FC0E42', 'RR167-053054', 'Tiene', 'Funciona', '2', 'BUS PARADO EN PATIO POR MANTENIMIENTO', '2017-09-21 12:22:00'),
(19, 81, 3, 4, 'Acer Antiguo', 'Funciona', 'Sin Fallo', 'Sin Fallo', '12.81.3980.15', 'Ilegible', '', 'Tiene', '02-01-0000061', 'RS-232 Generico', 'Funciona', 'No Tiene', 'No Tiene', 'Dentro de Conducto Asidero', 'Independiente', 'Extensor USB', 'Klip', 'Funciona', 'Extra USB', 'Funciona', 'Tiene', 'Funciona', 'Dentro de Validador', 'Funciona', 'Normal', 'Funciona', '22CDCE45AF398D66', 'RR167-023742', 'Tiene', 'Funciona', '1', 'PARADO EN PATIO POR MANTENIMMIENTO', '2017-09-21 13:26:00'),
(20, 123, 1, 17, 'Quipus', 'Funciona', 'Calentamiento', 'Sin Fallo', '206.123.4049.15', 'Tiene', '10987-0000095', 'Tiene', '02-01-0000095', 'RS-232 Generico', 'Funciona', 'Tiene', 'Bien', 'Dentro de Conducto Asidero', 'Independiente', 'STP', 'Omega Normal', 'Funciona', 'Cable OTG', 'Funciona', 'Tiene', 'No funciona', 'Dentro de Validador', 'Funciona', 'Normal', 'Funciona', '50C5990B3B8E0A9E', 'RR167-023662', 'Tiene', 'Funciona', '2', '', '2017-09-21 15:07:00'),
(21, 113, 1, 17, 'Quipus', 'Funciona', 'Display no Conoce Pulsaciones', 'Bateria no Carga', '205.113.3806.15', 'Tiene', '10987-0000096', 'Tiene', '02-01-0000096', 'RS-232 Generico', 'Funciona', 'No Tiene', 'No Tiene', 'Dentro de Conducto Asidero', 'Independiente', 'Extensor USB', 'Omega Modificado', 'Funciona', 'Cable OTG', 'Funciona', 'Tiene', 'Funciona', 'Dentro de Validador', 'Funciona', 'Normal', 'Funciona', '50C599358C8E0A9E', 'RR167-023673', 'Tiene', 'Funciona', '2', '', '2017-09-21 15:24:00'),
(22, 64, 1, 17, 'Acer Antiguo', 'Funciona', 'Sin Fallo', 'Sin Fallo', '51.64.3970.13', 'Ilegible', '', 'Tiene', '02-01-0000051', 'RS-232 Generico', 'Funciona', 'No Tiene', 'No Tiene', 'Dentro de Conducto Asidero', 'Independiente', 'Extensor USB', 'Omega Normal', 'Funciona', 'Extra USB', 'Funciona', 'Tiene', 'Funciona', 'Dentro de Validador', 'Funciona', 'Normal', 'Funciona', '22CDCE3143398D66', 'RR167-023679', 'Tiene', 'Funciona', '1', '', '2017-09-21 15:41:00'),
(23, 139, 3, 4, 'Acer Nueva', 'Funciona', 'Sin Fallo', 'Sin Fallo', '242.139.3943..15', 'Tiene', '10987-0000112', 'Tiene', '02-01-0000112', 'RS-232 Generico', 'Funciona', 'Tiene', 'Bien', 'Dentro de Conducto Asidero', 'Independiente', 'Extensor USB', 'Micro USB Hub(pulpo)', 'Funciona', 'Cable OTG', 'Funciona', 'Tiene', 'Funciona', 'Dentro de Validador', 'Funciona', 'Normal', 'Funciona', '50C59932DF8E0A9E', 'RR167-043425', 'Tiene', 'Funciona', '2', 'BUS PARADO EN PATIO POR MT ', '2017-09-21 15:53:00'),
(24, 12, 1, 17, 'Acer Antiguo', 'Funciona', 'Sin Fallo', 'Sin Fallo', '2.12.3860.15', 'Ilegible', '', 'Tiene', '02-01-0000002', 'RS-232 Trend Net', 'Funciona', 'Tiene', 'Bien', 'Dentro de Conducto Asidero', 'Compartio con Energia', 'UTP', 'Omega Normal', 'Funciona', 'Bus de Datos', 'Funciona', 'Tiene', 'Funciona', 'Fuera de Validador', 'Funciona', 'Normal', 'Funciona', '50C5990B5F8E0A9E', 'RR167-023721', 'Tiene', 'Funciona', '1', 'Cable lector dañando, exactamente en la parte de la unión. \r\nCarcasa de db9 no es el genérico, es una carcasa de color verde', '2017-09-21 16:07:00'),
(25, 85, 3, 4, 'Acer Antiguo', 'Funciona', 'Sin Fallo', 'Sin Fallo', '67.85.3683.15', 'Tiene', '10987-0000039', 'Tiene', '02-01-0000039', 'RS-232 Generico', 'Funciona', 'No Tiene', 'No Tiene', 'Dentro de Conducto Asidero', 'Independiente', 'Extensor USB', 'Omega Modificado', 'Funciona', 'Extra USB', 'Funciona', 'Tiene', 'Funciona', 'Dentro de Validador', 'Funciona', 'Modificado', 'Funciona', '50C5992A428E0A9E', 'RR167-043375', 'Tiene', 'Funciona', '2', 'BUS PARADO POR MANTENIMIENTO ', '2017-09-21 16:46:00'),
(26, 68, 5, 2, 'Acer Nueva', 'Funciona', 'Sin Fallo', 'Sin Fallo', '240.68.4040.15', 'Tiene', '10987-0000147', 'Tiene', '02-01-0000147', 'RS-232 Generico', 'Funciona', 'Tiene', 'Bien', 'Dentro de Conducto Asidero', 'Independiente', 'Extensor USB', 'Micro USB Hub(pulpo)', 'Funciona', 'Extra USB', 'Funciona', 'Tiene', 'Funciona', 'Dentro de Validador', 'Funciona', 'Normal', 'Funciona', '50C59932EE8E0A9E', '240', 'Tiene', 'Funciona', '2', '', '2017-09-21 17:13:00'),
(27, 131, 3, 4, 'Acer Antiguo', 'Funciona', 'Sin Fallo', 'Sin Fallo', '41.131.3983.15', 'Ilegible', '', 'Tiene', '02-01-0000041', 'RS-232 Generico', 'Funciona', 'No Tiene', 'No Tiene', 'Dentro de Conducto Asidero', 'Independiente', 'Extensor USB', 'Omega Normal', 'Funciona', 'Bus de Datos', 'Funciona', 'Tiene', 'Funciona', 'Dentro de Validador', 'Funciona', 'Normal', 'Funciona', '50C599007E8E0A9E', 'RR167-023727', 'Tiene', 'Funciona', '1', 'BUS PARADO EN PATIO POR INCIDENTE ', '2017-09-21 17:31:00'),
(28, 10, 3, 16, 'Acer Nueva', 'Funciona', 'Sin Fallo', 'Sin Fallo', '212', 'Tiene', '10987-0000105', 'Tiene', '02-01-0000105', 'RS-232 Generico', 'Funciona', 'Tiene', 'Bien', 'Dentro de Conducto Asidero', 'Compartio con Energia', 'UTP', 'Omega Normal', 'Funciona', 'Cable OTG', 'Funciona', 'Tiene', 'Funciona', 'Dentro de Validador', 'Funciona', 'Normal', 'Funciona', '50C599008E8E0A9E', 'RR167-043426', 'Tiene', 'Funciona', '2', 'BUS PARADO POR INCIDENTE (APEDRIADO) /ADAPTADOR RS-232 SIN CABLE DIRECTO AL HUB USB', '2017-09-21 19:03:00'),
(29, 141, 1, 17, 'Acer Nueva', 'Funciona', 'Sin Fallo', 'Sin Fallo', '243.141.4052.15', 'Tiene', '10987-0000137', 'Tiene', '02-01-0000137', 'RS-232 Generico', 'Funciona', 'No Tiene', 'No Tiene', 'Dentro de Conducto Asidero', 'Independiente', 'Extensor USB', 'Micro USB Hub(pulpo)', 'Funciona', 'Extra USB', 'Funciona', 'Tiene', 'Funciona', 'Dentro de Validador', 'Funciona', 'Normal', 'Funciona', '50C59906C68E0A9E', 'RR167-043422', 'Tiene', 'Funciona', '2', 'El bus se encuentra parado por MT', '2017-09-21 19:27:00'),
(30, 27, 1, 17, 'Acer Nueva', 'Funciona', 'Sin Fallo', 'Sin Fallo', '261.27.3943.15', 'Tiene', '10987-0000141', 'Tiene', '02-01-0000141', 'RS-232 Generico', 'Funciona', 'Tiene', 'Bien', 'Dentro de Conducto Asidero', 'Compartio con Energia', 'UTP', 'Micro USB Hub(pulpo)', 'Funciona', 'Extra USB', 'Funciona', 'Tiene', 'Funciona', 'Fuera de Validador', 'Funciona', 'Normal', 'Funciona', '22CDCE3128398D66', 'RR167-052369', 'Tiene', 'Funciona', '2', 'El bus se encuentra parado por MT', '2017-09-21 19:46:00'),
(31, 76, 1, 17, 'Acer Antiguo', 'Funciona', 'Sin Fallo', 'Sin Fallo', '66.76.3833.15', 'Ilegible', '', 'Tiene', '02-01-0000065', 'RS-232 Generico', 'Funciona', 'No Tiene', 'No Tiene', 'Dentro de Conducto Asidero', 'Independiente', 'Extensor USB', 'Omega Normal', 'Funciona', 'Extra USB', 'Funciona', 'Tiene', 'No funciona', 'Dentro de Validador', 'Funciona', 'Normal', 'Funciona', '50C599330A8E0A9E', 'RR167-053050', 'Tiene', 'Funciona', '2', 'El bus se encuentra parado por MT', '2017-09-21 20:03:00'),
(32, 11, 1, 17, 'Acer Antiguo', 'Funciona', 'Sin Fallo', 'Sin Fallo', '', 'Ilegible', '', 'Tiene', '02-01-0000011', 'Placa', 'Funciona', 'No Tiene', 'No Tiene', 'Dentro de Conducto Asidero', 'Compartio con Energia', 'UTP', 'Omega Normal', 'Funciona', 'Bus de Datos', 'Funciona', 'Tiene', 'Funciona', 'Fuera de Validador', 'Funciona', 'Normal', 'Funciona', '6157C51928B98CD5', 'RR167-023671', 'Tiene', 'Funciona', '1', 'Bus parado por MT por tiempo prolongado. Por tal motivo validador no  cuenta con energia', '2017-09-21 20:57:00'),
(33, 57, 1, 17, 'Acer Antiguo', 'Funciona', 'Sin Fallo', 'Sin Fallo', '', 'Ilegible', '', 'Tiene', '02-01-0000012', 'Placa', 'Funciona', 'No Tiene', 'No Tiene', 'Dentro de Conducto Asidero', 'Compartio con Energia', 'UTP', 'Omega Normal', 'Funciona', 'Bus de Datos', 'Funciona', 'Tiene', 'Funciona', 'Fuera de Validador', 'Funciona', 'Normal', 'Funciona', '50C599007B8E0A9E', 'RR167-023759', 'Tiene', 'Funciona', '2', 'Bus parado por MT  desde el mes de julio. Razón por la cual el validador se encuentra sin energia ', '2017-09-21 21:12:00'),
(34, 49, 1, 17, 'Acer Antiguo', 'Funciona', 'Sin Fallo', 'Sin Fallo', '6.49.4028.15', 'Ilegible', '', 'Tiene', '02-01-0000006', 'Placa', 'Funciona', 'No Tiene', 'No Tiene', 'Dentro de Conducto Asidero', 'Compartio con Energia', 'UTP', 'Omega Normal', 'Funciona', 'Bus de Datos', 'Funciona', 'Tiene', 'Funciona', 'Fuera de Validador', 'Funciona', 'Normal', 'Funciona', '50C5990B578E0A9E', 'RR167-023729', 'Tiene', 'Funciona', '1', 'El bus al momento de la revisión se encuentra parado por MT', '2017-09-21 21:32:00'),
(35, 134, 3, 16, 'Acer Nueva', 'Funciona', 'Sin Fallo', 'Sin Fallo', ' 211', 'Tiene', '10987-0000097', 'Tiene', '02-01-0000097', 'RS-232 Generico', 'Funciona', 'Tiene', 'Bien', 'Dentro de Conducto Asidero', 'Independiente', 'UTP', 'Micro USB Hub(pulpo)', 'Funciona', 'Bus de Datos', 'Funciona', 'Tiene', 'Funciona', 'Dentro de Validador', 'Funciona', 'Normal', 'Funciona', '50C59935938E0A9E', 'RR167-052357', 'Tiene', 'Funciona', '2', 'BUS PARADO POR MANTENIMIENTO ', '2017-09-21 21:44:00'),
(36, 117, 5, 2, 'Acer Nueva', 'Funciona', 'Sin Fallo', 'Sin Fallo', '233.117.4049.15', 'Tiene', '02-01-0000115', 'Tiene', '02-01-0000115', 'RS-232 Trend Net', 'Funciona', 'Tiene', 'Bien', 'Dentro de Conducto Asidero', 'Independiente', 'UTP', 'Micro USB Hub(pulpo)', 'Funciona', 'Extra USB', 'Funciona', 'Tiene', 'Funciona', 'Dentro de Validador', 'Funciona', 'Normal', 'Funciona', '50C599330E8E0A9E', '02-01-0000106', 'No Tiene', 'Funciona', '2', '', '2017-09-22 03:47:00'),
(37, 46, 5, 2, 'Acer Antiguo', 'Funciona', 'Sin Fallo', 'Sin Fallo', '47.46.4039.15', 'Ilegible', '', 'Tiene', '02-01-0000047', 'RS-232 Generico', 'Funciona', 'Tiene', 'Bien', 'Dentro de Conducto Asidero', 'Independiente', 'UTP', 'Omega Normal', 'Funciona', 'Extra USB', 'Funciona', 'Tiene', 'Funciona', 'Dentro de Validador', 'Funciona', 'Normal', 'Funciona', '8285C65521FC0E42', '02-01-0000047', 'Tiene', 'Funciona', '2', '', '2017-09-22 03:54:00'),
(38, 72, 5, 2, 'Acer Antiguo', 'Funciona', 'Sin Fallo', 'Sin Fallo', '39.72.4049.15', 'Tiene', '02-01-0000066', 'Tiene', '02-01-0000066', 'RS-232 Generico', 'Funciona', 'Tiene', 'Bien', 'Dentro de Conducto Asidero', 'Independiente', 'UTP', 'Omega Normal', 'Funciona', 'Extra USB', 'Funciona', 'Tiene', 'Funciona', 'Dentro de Validador', 'Funciona', 'Normal', 'Funciona', '50C59932D28E0A9E', '02-01-0000039', 'Tiene', 'Funciona', '1', '', '2017-09-22 04:05:00'),
(39, 109, 5, 2, 'Quipus', 'Funciona', 'Calentamiento', 'Reinicios', '203.109.3992.15', 'Tiene', '02-01-0000085', 'Tiene', '02-01-0000085', 'RS-232 Generico', 'Funciona', 'Tiene', 'Bien', 'Dentro de Conducto Asidero', 'Independiente', 'UTP', 'Omega Modificado', 'Funciona', 'Extra USB', 'Funciona', 'Tiene', 'Funciona', 'Dentro de Validador', 'Funciona', 'Normal', 'Funciona', '50C59932E38E0A9E', '02-01-0000091', 'Tiene', 'Funciona', '2', '', '2017-09-22 04:15:00'),
(40, 88, 5, 2, 'Acer Antiguo', 'Funciona', 'Sin Fallo', 'Sin Fallo', '69.88.3985.15', 'Tiene', '02-01-0000072', 'Tiene', '02-01-0000072', 'RS-232 Generico', 'Funciona', 'Tiene', 'Bien', 'Dentro de Conducto Asidero', 'Independiente', 'UTP', 'Omega Normal', 'Funciona', 'Cable OTG', 'Funciona', 'Tiene', 'Funciona', 'Dentro de Validador', 'Funciona', 'Normal', 'Funciona', '50C5990B738E0A9E', '02-01-0000069', 'Tiene', 'Funciona', '2', '', '2017-09-22 05:03:00'),
(41, 19, 5, 2, 'Acer Antiguo', 'Funciona', 'Sin Fallo', 'Sin Fallo', '235.19.4053.15', 'Tiene', '02-01-0000108', 'Tiene', '02-01-0000108', 'RS-232 Trend Net', 'Funciona', 'Tiene', 'Bien', 'Dentro de Conducto Asidero', 'Compartio con Energia', 'UTP', 'Micro USB Hub(pulpo)', 'Funciona', 'Extra USB', 'Funciona', 'Tiene', 'Funciona', 'Dentro de Validador', 'Funciona', 'Normal', 'Funciona', '50C59906D28E0A9E', '02-01-0000108', 'Tiene', 'Funciona', '2', '', '2017-09-22 05:28:00'),
(43, 38, 2, 19, 'Acer Antiguo', 'Funciona', 'Sin Fallo', 'Sin Fallo', '37.37.4055.15', 'Ilegible', '', 'Tiene', '02-01-0000037', 'RS-232 Generico', 'Funciona', 'Tiene', 'Bien', 'Dentro de Conducto Asidero', 'Compartio con Energia', 'UTP', 'Omega Normal', 'Funciona', 'Bus de Datos', 'Funciona', 'Tiene', 'Funciona', 'Fuera de Validador', 'Funciona', 'Normal', 'Funciona', '22CDCE1CBD398D66', 'RR167-023695', 'Tiene', 'Funciona', '1', 'BUS PARADO POR MT EN PATIO', '2017-09-22 11:11:00'),
(44, 14, 5, 14, 'Acer Antiguo', 'Funciona', 'Sin Fallo', 'Sin Fallo', '48.48.4049.13', 'No tiene', '', 'Tiene', '02-01-0000048', 'Placa', 'Funciona', 'No Tiene', 'No Tiene', 'Dentro de Conducto Asidero', 'Independiente', 'UTP', 'Omega Normal', 'Funciona', 'Cable OTG', 'Funciona', 'Tiene', 'Funciona', 'Fuera de Validador', 'Funciona', 'Normal', 'Funciona', 'RR167-023698', 'v48', 'Tiene', 'Funciona', '2', '', '2017-09-22 11:14:00'),
(45, 127, 3, 4, 'Acer Nueva', 'Funciona', 'Sin Fallo', 'Sin Fallo', '247.127.4049.15', 'Tiene', '10987-0000138', 'Tiene', '02-01-0000138', 'RS-232 Generico', 'Funciona', 'No Tiene', 'No Tiene', 'Dentro de Conducto Asidero', 'Independiente', 'Extensor USB', 'Omega Normal', 'Funciona', 'Conexion Directa a Tablet', 'Funciona', 'Tiene', 'No funciona', 'Dentro de Validador', 'Funciona', 'Normal', 'Funciona', '50C59915178E0A9E', 'RR167052359', 'Tiene', 'Funciona', '2', '', '2017-09-22 11:16:00'),
(46, 108, 3, 18, 'Acer Nueva', 'Funciona', 'Sin Fallo', 'Sin Fallo', '249.108.4049.15', 'Tiene', '10987-0000106', 'Tiene', '02-01-0000106', 'RS-232 Trend Net', 'Funciona', 'No Tiene', 'No Tiene', 'Dentro de Conducto Asidero', 'Independiente', 'Extensor USB', 'Micro USB Hub(pulpo)', 'Funciona', 'Cable OTG', 'Funciona', 'Tiene', 'Funciona', 'Dentro de Validador', 'Funciona', 'Normal', 'Funciona', '50C59932E68E0A9E', 'RR167-052367', 'Tiene', 'Funciona', '2', '', '2017-09-22 11:43:00'),
(47, 23, 2, 20, 'Acer Antiguo', 'No Funciona', 'Sin Fallo', 'Sin Fallo', '17.23.3871.13', 'Ilegible', '', 'Tiene', '02-01-0000017', 'RS-232 Generico', 'Funciona', 'No Tiene', 'No Tiene', 'Dentro de Conducto Asidero', 'Compartio con Energia', 'UTP', 'No Tiene', 'No Tiene', 'No Tiene', 'No Tiene', 'Tiene', 'Funciona', 'Fuera de Validador', 'Funciona', 'Normal', 'Funciona', '6157C51927B98CD5', 'RR167-023663', 'Tiene', 'Funciona', '1', 'BUS PARADO POR MANTENIMIENTO', '2017-09-22 12:00:00'),
(48, 125, 3, 4, 'Acer Nueva', 'Funciona', 'Sin Fallo', 'Sin Fallo', '234.125.4053.15', 'Tiene', '10987-0000102', 'Tiene', '02-01-0000102', 'RS-232 Generico', 'Funciona', 'No Tiene', 'No Tiene', 'Dentro de Conducto Asidero', 'Independiente', 'Extensor USB', 'Micro USB Hub(pulpo)', 'Funciona', 'Cable OTG', 'Funciona', 'Tiene', 'Funciona', 'Dentro de Validador', 'Funciona', 'Normal', 'Funciona', '50C59935808E0A9E', 'RR067-052371', 'Tiene', 'Funciona', '2', '', '2017-09-22 12:15:00'),
(49, 84, 3, 4, 'Acer Nueva', 'Funciona', 'Sin Fallo', 'Sin Fallo', '230.84.4053.15', 'Tiene', '10987-0000107', 'Tiene', '02-01-0000107', 'RS-232 Generico', 'Funciona', 'No Tiene', 'No Tiene', 'Dentro de Conducto Asidero', 'Independiente', 'Extensor USB', 'Klip', 'Funciona', 'Cable OTG', 'Funciona', 'Tiene', 'Funciona', 'Dentro de Validador', 'Funciona', 'Normal', 'Funciona', '50C59906BA8E0A9E', 'RR167-053051', 'Tiene', 'Funciona', '2', '', '2017-09-22 12:36:00'),
(50, 114, 3, 16, 'Quipus', 'Funciona', 'Calentamiento', 'Calentamiento', '197.114.4053.15', 'Tiene', '10987-0000080', 'Tiene', '02-01-0000080', 'RS-232 Generico', 'Funciona', 'No Tiene', 'No Tiene', 'Dentro de Conducto Asidero', 'Independiente', 'Extensor USB', 'Omega Modificado', 'Funciona', 'Cable OTG', 'Funciona', 'Tiene', 'Funciona', 'Dentro de Validador', 'Funciona', 'Modificado', 'Funciona', '50C59933068E0A9E', 'RR167-043386', 'Tiene', 'Funciona', '2', '', '2017-09-22 14:37:00'),
(51, 30, 2, 6, 'Acer Nueva', 'Funciona', 'Sin Fallo', 'Sin Fallo', '237.30.4036.15', 'Tiene', '10987-0000148', 'Tiene', '02-01-0000148', 'RS-232 Generico', 'Funciona', 'Tiene', 'Bien', 'Dentro de Conducto Asidero', 'Compartio con Energia', 'FTP', 'Micro USB Hub(pulpo)', 'Funciona', 'Conexion Directa a Tablet', 'Funciona', 'Tiene', 'Funciona', 'Fuera de Validador', 'Funciona', 'Normal', 'Funciona', '50C599008A8E0A9E', 'RR167-053053', 'Tiene', 'Funciona', '2', 'BUS PARADO EN PATIO POR MT', '2017-09-22 14:48:00'),
(52, 120, 3, 16, 'Acer Nueva', 'Funciona', 'Sin Fallo', 'Sin Fallo', '246.120.4053.15', 'Tiene', '10987-0000140', 'Tiene', '02-01-0000140', 'RS-232 Generico', 'Funciona', 'No Tiene', 'No Tiene', 'Dentro de Conducto Asidero', 'Independiente', 'UTP', 'Micro USB Hub(pulpo)', 'Funciona', 'Bus de Datos', 'Funciona', 'Tiene', 'Funciona', 'Dentro de Validador', 'Funciona', 'Normal', 'Funciona', '50C5990B378E0A9E', 'RR167-052378', 'Tiene', 'Funciona', '2', '', '2017-09-22 15:03:00'),
(53, 128, 3, 16, 'Acer Antiguo', 'Funciona', 'Sin Fallo', 'Sin Fallo', '50.128.4053.15', 'Ilegible', '', 'Tiene', '02-01-0000050', 'RS-232 Generico', 'Funciona', 'No Tiene', 'No Tiene', 'Dentro de Conducto Asidero', 'Independiente', 'UTP', 'Omega Normal', 'Funciona', 'Extra USB', 'Funciona', 'Tiene', 'Funciona', 'Dentro de Validador', 'Funciona', 'Normal', 'Funciona', '22CDCE313B398D66', 'RR167-023664', 'Tiene', 'Funciona', '1', '', '2017-09-22 15:36:00'),
(56, 102, 3, 16, 'Quipus', 'Funciona', 'Calentamiento', 'Bateria no Carga', '201.102.4049.15', 'Tiene', '10987-0000093', 'Tiene', '02-01-0000093', 'RS-232 Generico', 'Funciona', 'No Tiene', 'No Tiene', 'Dentro de Conducto Asidero', 'Independiente', 'UTP', 'Omega Modificado', 'Funciona', 'Cable OTG', 'Funciona', 'Tiene', 'Funciona', 'Dentro de Validador', 'Funciona', 'Normal', 'Funciona', '50C5990B128E0A9E', 'RR167-043376', 'Tiene', 'Funciona', '2', 'BUS TIENE VALIDADOR QUIPUS CALIENTA DEMACIADO ', '2017-09-22 16:02:00'),
(57, 2, 2, 6, 'Acer Antiguo', 'Funciona', 'Sin Fallo', 'Sin Fallo', '40.40.4036.15', 'Ilegible', '', 'Tiene', '02-01-0000040', 'RS-232 Trend Net', 'Funciona', 'Tiene', 'Bien', 'Dentro de Conducto Asidero', 'Compartio con Energia', 'FTP', 'Omega Normal', 'Funciona', 'Extra USB', 'Funciona', 'Tiene', 'Funciona', 'Dentro de Validador', 'Funciona', 'Normal', 'Funciona', '22CDCE312B398D66', 'RR167-023711', 'Tiene', 'Funciona', '2', 'BUS PARADO EN PATIO POR MT', '2017-09-22 16:03:00'),
(58, 69, 6, 15, 'Acer Nueva', 'Funciona', 'Reinicios', 'Sin Fallo', '209.69.4053.15', 'Tiene', '10987-0000100', 'Tiene', '02-01-0000100', 'RS-232 Generico', 'Funciona', 'Tiene', 'Bien', 'Dentro de Conducto Asidero', 'Independiente', 'Extensor USB', 'Micro USB Hub(pulpo)', 'Funciona', 'Extra USB', 'Funciona', 'Tiene', 'Funciona', 'Dentro de Validador', 'Funciona', 'Normal', 'Funciona', '50C59906C28E0A9E', 'RR167-052354', 'Tiene', 'Funciona', '2', '', '2017-09-22 16:05:00'),
(59, 104, 6, 15, 'Acer Nueva', 'Funciona', 'Sin Fallo', 'Sin Fallo', '232.104.4057.15', 'Tiene', '10987-0000110', 'Tiene', '02-01-0000110', 'RS-232 Generico', 'Funciona', 'Tiene', 'Bien', 'Dentro de Conducto Asidero', 'Independiente', 'Extensor USB', 'Micro USB Hub(pulpo)', 'Funciona', 'Extra USB', 'Funciona', 'Tiene', 'Funciona', 'Dentro de Validador', 'Funciona', 'Normal', 'Funciona', '50C5990B068E0A9E', 'RR167-053052', 'Tiene', 'Funciona', '2', '', '2017-09-22 16:31:00'),
(60, 25, 1, 17, 'Acer Antiguo', 'Funciona', 'Sin Fallo', 'Sin Fallo', '62.25.3970.15', 'Ilegible', '', 'Tiene', '02-01-0000023', 'No-Tiene', 'No tiene', 'No Tiene', 'No Tiene', 'Dentro de Conducto Asidero', 'Compartio con Energia', 'UTP', 'No Tiene', 'No Tiene', 'No Tiene', 'No Tiene', 'Tiene', 'No funciona', 'Dentro de Validador', 'Funciona', 'Normal', 'Funciona', '22CDCE312C398D66', 'RR167-023676', 'Tiene', 'Funciona', '1', 'El validador está incompleto. Por lo tanto no está operativo', '2017-09-22 16:42:00'),
(61, 106, 6, 15, 'Acer Antiguo', 'Funciona', 'Sin Fallo', 'Sin Fallo', '31.106.4053.15', 'Ilegible', '', 'Tiene', '02-01-0000031', 'RS-232 Generico', 'Funciona', 'Tiene', 'Bien', 'Dentro de Conducto Asidero', 'Independiente', 'Extensor USB', 'Omega Normal', 'Funciona', 'Cable OTG', 'Funciona', 'Tiene', 'Funciona', 'Dentro de Validador', 'Funciona', 'Normal', 'Funciona', '22CDCE1DD8398D66', 'RR167-023707', 'Tiene', 'Funciona', '2', '', '2017-09-22 16:44:00'),
(62, 50, 8, 11, 'No Tiene', 'No Tiene', 'Sin Fallo', 'Sin Fallo', '', 'No tiene', '', 'No tiene', '', 'No-Tiene', 'No tiene', 'No Tiene', 'No Tiene', 'Fuera del Conducto Asidero', 'Independiente', 'UTP', 'No Tiene', 'No Tiene', 'No Tiene', 'No Tiene', 'No Tiene', 'No Tiene', 'Fuera de Validador', 'Funciona', 'No Tiene', 'No tiene', '', '', 'No Tiene', 'No tiene', 'No Tiene', 'NO SE COMPROBO ESTADO DE FUNCIONAMIENTO DE FUENTE DE ENERGIA PARA VALIDADOR POR FALTA DE ENERGIA.', '2017-09-22 16:49:00'),
(63, 47, 8, 11, 'No Tiene', 'No Tiene', 'Sin Fallo', 'Sin Fallo', '', 'No tiene', '', 'No tiene', '', 'No-Tiene', 'No tiene', 'No Tiene', 'No Tiene', 'Fuera del Conducto Asidero', 'Independiente', 'UTP', 'No Tiene', 'No Tiene', 'No Tiene', 'No Tiene', 'No Tiene', 'No Tiene', 'Fuera de Validador', 'Funciona', 'No Tiene', 'No tiene', '', '', 'No Tiene', 'No tiene', 'No Tiene', 'NO SE COMPROBO ESTADO DE FUNCIONAMIENTO DE FUENTE DE ENERGIA PARA VALIDADOR POR FALTA DE ENERGIA.', '2017-09-22 16:52:00'),
(64, 3, 8, 11, 'No Tiene', 'No Tiene', 'Sin Fallo', 'Sin Fallo', '', 'No tiene', '', 'No tiene', '', 'No-Tiene', 'No tiene', 'No Tiene', 'No Tiene', 'Fuera del Conducto Asidero', 'Independiente', 'UTP', 'No Tiene', 'No Tiene', 'No Tiene', 'No Tiene', 'No Tiene', 'No Tiene', 'Fuera de Validador', 'Funciona', 'No Tiene', 'No tiene', '', '', 'No Tiene', 'No tiene', 'No Tiene', 'NO SE COMPROBO ESTADO DE FUNCIONAMIENTO DE FUENTE DE ENERGIA PARA VALIDADOR POR FALTA DE ENERGIA.', '2017-09-22 16:58:00'),
(65, 112, 6, 15, 'Acer Nueva', 'Funciona', 'Sin Fallo', 'Sin Fallo', '210.112.4057.15', 'Tiene', '10987-0000099', 'Tiene', '02-01-0000099', 'RS-232 Generico', 'Funciona', 'Tiene', 'Bien', 'Dentro de Conducto Asidero', 'Independiente', 'Extensor USB', 'Micro USB Hub(pulpo)', 'Funciona', 'Extra USB', 'Funciona', 'Tiene', 'Funciona', 'Dentro de Validador', 'Funciona', 'Normal', 'Funciona', '50C59932FE8E0A9E', 'RR167-052372', 'Tiene', 'Funciona', '2', '', '2017-09-22 17:18:00'),
(66, 21, 6, 15, 'Acer Nueva', 'Funciona', 'Sin Fallo', 'Sin Fallo', '251.21.4058.15', 'Tiene', '10987-0000132', 'Tiene', '02-01-0000132', 'RS-232 Generico', 'Funciona', 'Tiene', 'Bien', 'Dentro de Conducto Asidero', 'Compartio con Energia', 'UTP', 'Micro USB Hub(pulpo)', 'Funciona', 'Extra USB', 'Funciona', 'Tiene', 'Funciona', 'Fuera de Validador', 'Funciona', 'Normal', 'Funciona', '50C59932D38E0A9E', 'RR167-052363', 'Tiene', 'Funciona', '1', '', '2017-09-22 17:32:00'),
(67, 135, 5, 2, 'Quipus', 'Funciona', 'Calentamiento', 'Reinicios', '207.135.4049.15', 'Tiene', '02-01-0000091', 'Tiene', '02-01-0000091', 'RS-232 Generico', 'Funciona', 'Tiene', 'Bien', 'Dentro de Conducto Asidero', 'Independiente', 'UTP', 'Omega Modificado', 'Funciona', 'Cable OTG', 'Funciona', 'Tiene', 'Funciona', 'Dentro de Validador', 'Funciona', 'Normal', 'Funciona', '50C59932DB8E0A9E', '02-01-0000095', 'Tiene', 'Funciona', '2', '', '2017-09-22 17:39:00'),
(68, 116, 6, 15, 'Acer Nueva', 'Funciona', 'Sin Fallo', 'Sin Fallo', '256.116.4053.15', 'Tiene', '10987-0000124', 'Tiene', '02-01-0000124', 'RS-232 Generico', 'Funciona', 'Tiene', 'Bien', 'Dentro de Conducto Asidero', 'Independiente', 'Extensor USB', 'Klip', 'Funciona', 'Extra USB', 'Funciona', 'Tiene', 'Funciona', 'Dentro de Validador', 'Funciona', 'Normal', 'Funciona', '50C59914F38E0A9E', 'RR167-053046', 'Tiene', 'Funciona', '2', 'Hub klip extreme color verde', '2017-09-22 17:45:00'),
(69, 70, 6, 15, 'Acer Antiguo', 'Funciona', 'Sin Fallo', 'Sin Fallo', '16.70.4053.15', 'Tiene', '10987-0000016', 'Tiene', '02-01-0000016', 'RS-232 Generico', 'Funciona', 'Tiene', 'Bien', 'Dentro de Conducto Asidero', 'Independiente', 'Extensor USB', 'Omega Normal', 'Funciona', 'Bus de Datos', 'Funciona', 'Tiene', 'Funciona', 'Dentro de Validador', 'Funciona', 'Normal', 'Funciona', '50C59900868E0A9E', 'RR167-023682', 'Tiene', 'Funciona', '2', '', '2017-09-22 17:55:00'),
(70, 61, 1, 17, 'Acer Antiguo', 'Funciona', 'Sin Fallo', 'Sin Fallo', '26.26.3970.15', 'Ilegible', '', 'Tiene', '02-01-0000026', 'RS-232 Trend Net', 'Funciona', 'Tiene', 'Bien', 'Dentro de Conducto Asidero', 'Compartio con Energia', 'UTP', 'Omega Normal', 'Funciona', 'Bus de Datos', 'Funciona', 'Tiene', 'Funciona', 'Dentro de Validador', 'Funciona', 'Normal', 'Funciona', '6157C51EE7B98CD5', 'RR167-023715', 'Tiene', 'Funciona', '2', '', '2017-09-22 18:18:00'),
(71, 43, 1, 17, 'No Tiene', 'No Tiene', 'Sin Fallo', 'Sin Fallo', '', 'Ilegible', '', 'Ilegible', '', 'No-Tiene', 'No tiene', 'No Tiene', 'No Tiene', 'Fuera del Conducto Asidero', 'Independiente', 'UTP', 'No Tiene', 'No Tiene', 'No Tiene', 'No Tiene', 'No Tiene', 'No Tiene', 'No tiene', 'No Tiene', 'No Tiene', 'No tiene', '', '', 'No tiene', 'No tiene', 'No Tiene', 'El bus está parado por MT', '2017-09-22 18:44:00'),
(73, 75, 1, 17, 'Quipus', 'Funciona', 'Display no Conoce Pulsaciones', 'Calentamiento', '65.75.3961.15', 'Tiene', '10987-0000076', 'Tiene', '02-01-0000076', 'Placa', 'Funciona', 'No Tiene', 'No Tiene', 'Dentro de Conducto Asidero', 'Independiente', 'Extensor USB', 'Omega Modificado', 'Funciona', 'Cable OTG', 'Funciona', 'Tiene', 'Funciona', 'Dentro de Validador', 'Funciona', 'Modificado', 'Funciona', '8285C62FFEFC0E42', 'RR167-043383', 'Tiene', 'Funciona', '2', 'El validador calienta constantemente, el mismo consecuentemente no acepta pulsaciones.', '2017-09-22 19:20:00'),
(74, 95, 6, 15, 'Acer Antiguo', 'Funciona', 'Sin Fallo', 'Sin Fallo', '73.95.4053.15', 'Tiene', '10987-0000067', 'Tiene', '02-01-0000068', 'RS-232 Generico', 'Funciona', 'Tiene', 'Bien', 'Dentro de Conducto Asidero', 'Independiente', 'Extensor USB', 'Omega Modificado', 'Funciona', 'Extra USB', 'Funciona', 'Tiene', 'Funciona', 'Dentro de Validador', 'Funciona', 'Modificado', 'Funciona', '50C5992A4A8E0A9E', 'RR167-043392', 'Tiene', 'Funciona', '2', '', '2017-09-22 21:34:00'),
(75, 132, 1, 17, 'Acer Antiguo', 'Funciona', 'Sin Fallo', 'Sin Fallo', '64.132.4053.15', 'Ilegible', '', 'Tiene', '02-01-0000064', 'RS-232 Generico', 'Funciona', 'Tiene', 'Bien', 'Dentro de Conducto Asidero', 'Independiente', 'STP', 'Omega Normal', 'Funciona', 'Extra USB', 'Funciona', 'Tiene', 'Funciona', 'Dentro de Validador', 'Funciona', 'Normal', 'Funciona', '22CDCE3138398D66', 'RR167-023666', 'Tiene', 'Funciona', '1', '', '2017-09-22 23:02:00'),
(76, 63, 1, 17, 'Acer Antiguo', 'Funciona', 'Sin Fallo', 'Sin Fallo', '52.63.4053.15', 'Ilegible', '', 'Tiene', '02-01-0000052', 'RS-232 Generico', 'Funciona', 'Tiene', 'Bien', 'Dentro de Conducto Asidero', 'Independiente', 'STP', 'Omega Normal', 'Funciona', 'Bus de Datos', 'Funciona', 'Tiene', 'Funciona', 'Dentro de Validador', 'Funciona', 'Normal', 'Funciona', '50C59932F68E0A9E', 'RR167-023685', 'Tiene', 'Funciona', '2', '', '2017-09-22 23:27:00'),
(77, 96, 1, 17, 'Acer Antiguo', 'Funciona', 'Sin Fallo', 'Sin Fallo', '56.96.4053.15', 'Ilegible', '', 'Tiene', '02-01-0000059', 'RS-232 Generico', 'Funciona', 'No Tiene', 'No Tiene', 'Dentro de Conducto Asidero', 'Independiente', 'Extensor USB', 'Omega Normal', 'Funciona', 'Bus de Datos', 'Funciona', 'Tiene', 'Funciona', 'Dentro de Validador', 'Funciona', 'Normal', 'Funciona', '22CDCE1DBC398D66', 'RR167-023724', 'Tiene', 'Funciona', '2', '', '2017-09-22 23:50:00'),
(78, 93, 1, 17, 'Acer Antiguo', 'Funciona', 'Sin Fallo', 'Sin Fallo', '7.93.4053.15', 'Ilegible', '', 'Tiene', '02-01-0000007', 'RS-232 Generico', 'Funciona', 'No Tiene', 'No Tiene', 'Dentro de Conducto Asidero', 'Independiente', 'Extensor USB', 'Omega Normal', 'Funciona', 'Extra USB', 'Funciona', 'Tiene', 'Funciona', 'Dentro de Validador', 'Funciona', 'Normal', 'Funciona', '50C599358F8E0A9E', 'RR167-023732', 'Tiene', 'Funciona', '2', '', '2017-09-23 00:08:00'),
(80, 67, 1, 17, 'Acer Nueva', 'Funciona', 'Sin Fallo', 'Sin Fallo', '229.67.4053.15', 'Tiene', '10987-0000114', 'Tiene', '02-01-0000114', 'RS-232 Generico', 'Funciona', 'Tiene', 'Bien', 'Dentro de Conducto Asidero', 'Independiente', 'Extensor USB', 'Omega Normal', 'Funciona', 'Extra USB', 'Funciona', 'Tiene', 'Funciona', 'Dentro de Validador', 'Funciona', 'Normal', 'Funciona', '50C59932DA8E0A9E', 'RR167-043433', 'Tiene', 'Funciona', '2', '', '2017-09-23 01:27:00'),
(81, 41, 1, 17, 'Acer Antiguo', 'Funciona', 'Sin Fallo', 'Sin Fallo', '54.54.4053.15', 'Ilegible', '', 'Tiene', '02-01-0000054', 'RS-232 Generico', 'Funciona', 'Tiene', 'Bien', 'Dentro de Conducto Asidero', 'Compartio con Energia', 'UTP', 'Omega Normal', 'Funciona', 'Extra USB', 'Funciona', 'Tiene', 'No funciona', 'Fuera de Validador', 'Funciona', 'Normal', 'Funciona', '22CDCE1CAD398D66', 'RR167-023696', 'Tiene', 'Funciona', '2', '', '2017-09-23 01:41:00'),
(83, 110, 1, 17, 'Acer Antiguo', 'Funciona', 'Reinicios', 'Sin Fallo', '23.110.4053.15', 'Ilegible', '', 'Tiene', '02-01-0000038', 'RS-232 Generico', 'Funciona', 'Tiene', 'Bien', 'Dentro de Conducto Asidero', 'Independiente', 'Extensor USB', 'Klip', 'Funciona', 'Extra USB', 'Funciona', 'Tiene', 'No funciona', 'Dentro de Validador', 'Funciona', 'Normal', 'Funciona', '8285C64DC2FC0E42', 'RR167-023694', 'Tiene', 'Funciona', '1', 'Los reinicios fueron solucionados con el cambio de hub y con el cambio del modulo usb interno de la tablet. \r\nAl momento el sistema ya no presenta el problema citado.', '2017-09-23 02:03:00'),
(84, 59, 1, 17, 'Acer Antiguo', 'Funciona', 'Sin Fallo', 'Sin Fallo', '15.15.4053.15', 'Ilegible', '', 'Tiene', '02-01-0000015', 'Placa', 'Funciona', 'No Tiene', 'No Tiene', 'Dentro de Conducto Asidero', 'Compartio con Energia', 'UTP', 'Klip', 'Funciona', 'Bus de Datos', 'Funciona', 'Tiene', 'No funciona', 'Fuera de Validador', 'Funciona', 'Normal', 'Funciona', '6157C5196AB98CD5', 'RR167-023736', 'Tiene', 'Funciona', '2', '', '2017-09-23 02:35:00'),
(85, 53, 1, 17, 'Acer Antiguo', 'Funciona', 'Sin Fallo', 'Sin Fallo', '4.4.4053.15', 'Ilegible', '', 'Tiene', '02-01-0000004', 'RS-232 Trend Net', 'Funciona', 'Tiene', 'Bien', 'Dentro de Conducto Asidero', 'Compartio con Energia', 'UTP', 'Micro USB Hub(pulpo)', 'Funciona', 'Bus de Datos', 'Funciona', 'Tiene', 'Funciona', 'Fuera de Validador', 'Funciona', 'Normal', 'Funciona', '6157C51869B98CD5', 'RR167-023731', 'Tiene', 'Funciona', '1', 'La caja de validador se encuentra rota debido el desgaste de la misma', '2017-09-23 03:03:00'),
(86, 140, 1, 17, 'Acer Antiguo', 'Funciona', 'Sin Fallo', 'Sin Fallo', '33.140.4059.15', 'Ilegible', '', 'Tiene', '02-01-0000033', 'RS-232 Generico', 'Funciona', 'No Tiene', 'No Tiene', 'Dentro de Conducto Asidero', 'Independiente', 'Extensor USB', 'Omega Normal', 'Funciona', 'Bus de Datos', 'Funciona', 'Tiene', 'Funciona', 'Dentro de Validador', 'Funciona', 'Normal', 'Funciona', '50C59914DF8E0A9E', 'RR167-023716', 'Tiene', 'Funciona', '2', '', '2017-09-23 03:18:00'),
(87, 56, 1, 17, 'Acer Antiguo', 'Funciona', 'Sin Fallo', 'Sin Fallo', '57.57.4053.15', 'Ilegible', '', 'Tiene', '02-01-0000057', 'RS-232 Generico', 'Funciona', 'Tiene', 'Bien', 'Fuera del Conducto Asidero', 'Independiente', 'UTP', 'Omega Normal', 'Funciona', 'Extra USB', 'Funciona', 'Tiene', 'Funciona', 'Fuera de Validador', 'Funciona', 'Normal', 'Funciona', '22CDCE1CBC398D66', 'RR167-023709', 'Tiene', 'Funciona', '1', '', '2017-09-23 03:30:00'),
(88, 55, 1, 17, 'Acer Antiguo', 'Funciona', 'Sin Fallo', 'Sin Fallo', '3.3.4053.15', 'Ilegible', '', 'Tiene', '', 'RS-232 Trend Net', 'Funciona', 'Tiene', 'Roto', 'Dentro de Conducto Asidero', 'Compartio con Energia', 'UTP', 'Omega Normal', 'Funciona', 'Extra USB', 'Funciona', 'Tiene', 'No funciona', 'Fuera de Validador', 'Funciona', 'Normal', 'Funciona', '6157C51F28B98CD5', 'RR167-023672', 'Tiene', 'Funciona', '2', '', '2017-09-23 03:43:00'),
(89, 115, 1, 17, 'Quipus', 'Funciona', 'Calentamiento', 'Display no Conoce Pulsaciones', '198.115.4039.15', 'Tiene', '10987-0000089', 'Tiene', '02-01-0000089', 'RS-232 Generico', 'Funciona', 'No Tiene', 'No Tiene', 'Dentro de Conducto Asidero', 'Independiente', 'Extensor USB', 'Omega Modificado', 'Funciona', 'Cable OTG', 'Funciona', 'Tiene', 'Funciona', 'Dentro de Validador', 'Funciona', 'Modificado', 'Funciona', '50C59932FA8E0A9E', 'RR167-023745', 'Tiene', 'Funciona', '2', 'La batería del validador se encuentra deteriorada y necesita un cambio urgente.\r\n  La batería del validador no carga por lo que necesta ser remplazada loas antes posible.', '2017-09-23 04:15:00'),
(90, 58, 1, 17, 'Acer Antiguo', 'Funciona', 'Sin Fallo', 'Sin Fallo', '56.58.4053.15', 'Ilegible', '', 'Tiene', '02-01-0000024', 'Placa', 'Funciona', 'No Tiene', 'No Tiene', 'Dentro de Conducto Asidero', 'Compartio con Energia', 'UTP', 'Omega Normal', 'Funciona', 'Bus de Datos', 'Funciona', 'Tiene', 'Funciona', 'Dentro de Validador', 'Funciona', 'Normal', 'Funciona', '22CDCE3148398D66', 'RR167-023656', 'Tiene', 'Funciona', '2', '', '2017-09-23 06:49:00'),
(91, 124, 1, 17, 'Quipus', 'Funciona', 'Sin Fallo', 'Sin Fallo', '189.124..4053.15', 'Tiene', '10987-0000083', 'Tiene', '02-01-0000083', 'RS-232 Generico', 'Funciona', 'Tiene', 'Bien', 'Dentro de Conducto Asidero', 'Independiente', 'STP', 'Klip', 'Funciona', 'Cable OTG', 'Funciona', 'Tiene', 'No funciona', 'Dentro de Validador', 'Funciona', 'Normal', 'Funciona', '50C59906CA8E0A9E', 'RR167-023748', 'Tiene', 'Funciona', '2', 'El puerto externo está adaptado para hub modificado', '2017-09-23 07:14:00'),
(92, 79, 3, 16, 'Acer Nueva', 'Funciona', 'Sin Fallo', 'Sin Fallo', '214.79.4059.15', 'Tiene', '10987-0000136', 'Tiene', '02-01-0000136', 'RS-232 Generico', 'Funciona', 'No Tiene', 'No Tiene', 'Dentro de Conducto Asidero', 'Independiente', 'UTP', 'Micro USB Hub(pulpo)', 'Funciona', 'Bus de Datos', 'Funciona', 'No Tiene', 'No Tiene', 'Dentro de Validador', 'Funciona', 'Normal', 'Funciona', '50C599151B8E0A9E', 'RR167-043424', 'Tiene', 'Funciona', '2', '', '2017-09-23 08:48:00'),
(93, 17, 1, 17, 'No Tiene', 'No Tiene', 'Sin Fallo', 'Sin Fallo', '', 'No tiene', '', 'No tiene', '', 'No-Tiene', 'No tiene', 'No Tiene', 'No Tiene', 'Dentro de Conducto Asidero', 'Compartio con Energia', 'UTP', 'No Tiene', 'No Tiene', 'No Tiene', 'No Tiene', 'No Tiene', 'No Tiene', 'No tiene', 'No Tiene', 'No Tiene', 'No tiene', '', '', 'No Tiene', 'No tiene', 'No Tiene', 'El bus se encuentra parado por MT, el mismo no cuenta con validador tampoco cargador', '2017-09-23 08:52:00'),
(94, 20, 1, 17, 'No Tiene', 'No Tiene', 'Sin Fallo', 'Sin Fallo', '', 'No tiene', '', 'No tiene', '', 'No-Tiene', 'No tiene', 'No Tiene', 'No Tiene', 'Dentro de Conducto Asidero', 'Compartio con Energia', 'UTP', 'No Tiene', 'No Tiene', 'No Tiene', 'No Tiene', 'No Tiene', 'No Tiene', 'No tiene', 'No Tiene', 'No Tiene', 'No tiene', '', '', 'No Tiene', 'No tiene', 'No Tiene', 'el bus se encuentra parado por el area de MT, el mismo no cuenta con validador ni cargador del mismo.', '2017-09-23 08:59:00'),
(95, 101, 3, 16, 'Quipus', 'Funciona', 'Calentamiento', 'Bateria no Carga', '193.101.4053.15', 'Tiene', '10987-0000078', 'Tiene', '02-01-0000078', 'RS-232 Generico', 'Funciona', 'No Tiene', 'No Tiene', 'Dentro de Conducto Asidero', 'Independiente', 'UTP', 'Omega Modificado', 'Funciona', 'Cable OTG', 'Funciona', 'Tiene', 'Funciona', 'Dentro de Validador', 'Funciona', 'Normal', 'Funciona', '8285C659DAFC0E42', 'RR167-023746', 'Tiene', 'Funciona', '2', 'Validador es quipus caliente  la pantalla ', '2017-09-23 09:36:00'),
(96, 130, 3, 16, 'Acer Nueva', 'Funciona', 'Sin Fallo', 'Sin Fallo', '248.130.4059.15', 'Tiene', '10987-0000146', 'Tiene', '02-01-0000146', 'RS-232 Trend Net', 'Funciona', 'Tiene', 'Bien', 'Dentro de Conducto Asidero', 'Independiente', 'FTP', 'Omega Normal', 'Funciona', 'Bus de Datos', 'Funciona', 'Tiene', 'Funciona', 'Dentro de Validador', 'Funciona', 'Normal', 'Funciona', '50C59932D78E0A9E', 'RR167-053057', 'Tiene', 'Funciona', '2', 'Puerto RS232 dentro del validador ', '2017-09-23 10:29:00'),
(97, 51, 2, 6, 'Acer Antiguo', 'Funciona', 'Sin Fallo', 'Sin Fallo', '258.51.4039.15', 'Tiene', '10987-0000133', 'Tiene', '02-01-0000133', 'RS-232 Generico', 'Funciona', 'Tiene', 'Bien', 'Dentro de Conducto Asidero', 'Independiente', 'UTP', 'Omega Normal', 'Funciona', 'Extra USB', 'Funciona', 'Tiene', 'Funciona', 'Dentro de Validador', 'Funciona', 'Normal', 'Funciona', '50C5991AF38E0A9E', 'RR167-052368', 'Tiene', 'Funciona', '2', '', '2017-09-23 10:48:00'),
(98, 44, 2, 19, 'Acer Nueva', 'Funciona', 'Sin Fallo', 'Sin Fallo', '238.44.4035.15', 'Tiene', '10987-0000101', 'Tiene', '02-01-0000101', 'RS-232 Generico', 'Funciona', 'Tiene', 'Bien', 'Dentro de Conducto Asidero', 'Independiente', 'UTP', 'Omega Normal', 'Funciona', 'Conexion Directa a Tablet', 'Funciona', 'Tiene', 'Funciona', 'Dentro de Validador', 'Funciona', 'Normal', 'Funciona', '50C5990B4B8E0A9E', 'RR167-043429', 'Tiene', 'Funciona', '2', '', '2017-09-23 12:10:00'),
(99, 13, 1, 20, 'Acer Antiguo', 'Funciona', 'Sin Fallo', 'Sin Fallo', '63.13.4035.15', 'No tiene', '', 'Tiene', '02-01-0000063', 'RS-232 Generico', 'Funciona', 'Tiene', 'Bien', 'Dentro de Conducto Asidero', 'Compartio con Energia', 'UTP', 'Omega Normal', 'Funciona', 'Extra USB', 'Funciona', 'Tiene', 'Funciona', 'Fuera de Validador', 'Funciona', 'Normal', 'Funciona', '50C59932D28E0A9E', 'RR167-023754', 'Tiene', 'Funciona', '2', '', '2017-09-23 13:27:00'),
(100, 66, 3, 16, 'Acer Antiguo', 'Funciona', 'Sin Fallo', 'Sin Fallo', '13.664049.15', 'Ilegible', '', 'Tiene', '02-01-0000013', 'RS-232 Generico', 'Funciona', 'No Tiene', 'No Tiene', 'Dentro de Conducto Asidero', 'Independiente', 'UTP', 'Omega Normal', 'Funciona', 'Conexion Directa a Tablet', 'Funciona', 'Tiene', 'Funciona', 'Dentro de Validador', 'Funciona', 'Normal', 'Funciona', '6157C5192AB98CD5', 'RR167-043384', 'Tiene', 'Funciona', '1', '', '2017-09-23 14:57:00'),
(101, 87, 3, 16, 'Acer Antiguo', 'Funciona', 'Sin Fallo', 'Sin Fallo', '74.87.4059.15', 'Tiene', '10987-0000066', 'Tiene', '02-01-0000067', 'RS-232 Generico', 'Funciona', 'No Tiene', 'No Tiene', 'Dentro de Conducto Asidero', 'Independiente', 'UTP', 'Omega Modificado', 'Funciona', 'Extra USB', 'Funciona', 'Tiene', 'Funciona', 'Dentro de Validador', 'Funciona', 'Normal', 'Funciona', '50C5991AE38E0A9E', 'RR167-043390', 'Tiene', 'Funciona', '2', '', '2017-09-23 16:15:00'),
(102, 22, 3, 16, 'Acer Antiguo', 'Funciona', 'Sin Fallo', 'Sin Fallo', '42.22.4059.15', 'Ilegible', '', 'Tiene', '02-01-0000042', 'RS-232 Generico', 'Funciona', 'Tiene', 'Bien', 'Dentro de Conducto Asidero', 'Independiente', 'UTP', 'Omega Normal', 'Funciona', 'Extra USB', 'Funciona', 'Tiene', 'Funciona', 'Dentro de Validador', 'Funciona', 'Normal', 'Funciona', '8285C63416FC0E42', 'RR167-023741', 'Tiene', 'Funciona', '2', '', '2017-09-23 16:57:00'),
(103, 62, 3, 16, 'Acer Antiguo', 'Funciona', 'Sin Fallo', 'Sin Fallo', '20.62.4059.15', 'Ilegible', '', 'Tiene', '02-01-0000020', 'RS-232 Generico', 'Funciona', 'Tiene', 'Bien', 'Dentro de Conducto Asidero', 'Independiente', 'UTP', 'Omega Normal', 'Funciona', 'Extra USB', 'Funciona', 'Tiene', 'Funciona', 'Dentro de Validador', 'Funciona', 'Normal', 'Funciona', ' 6157C51D6AB98CD5', 'RR167-023691', 'Tiene', 'Funciona', '2', 'CONECTOR RS232 DENTRO DEL  VALIDADOR ', '2017-09-23 17:35:00'),
(104, 129, 3, 16, 'Acer Antiguo', 'Funciona', 'Sin Fallo', 'Sin Fallo', '29.129.4059.15', 'Ilegible', '', 'Tiene', '02-01-0000071', 'RS-232 Generico', 'Funciona', 'No Tiene', 'No Tiene', 'Dentro de Conducto Asidero', 'Independiente', 'UTP', 'Omega Modificado', 'Funciona', 'Cable OTG', 'Funciona', 'Tiene', 'Funciona', 'Dentro de Validador', 'Funciona', 'Normal', 'Funciona', '50C5990B028E0A9E', 'RR167-043391', 'Tiene', 'Funciona', '2', 'codigo GMLP ESTA BORROSO ', '2017-09-23 17:58:00'),
(105, 4, 8, 11, 'Quipus', 'Funciona', 'Sin Fallo', 'Sin Fallo', '', 'Tiene', '10987-0000090', 'Tiene', '02-01-0000090', 'Placa', 'Funciona', 'No Tiene', 'No Tiene', 'Fuera del Conducto Asidero', 'Independiente', 'UTP', 'Omega Modificado', 'Funciona', 'Cable OTG', 'Funciona', 'Tiene', 'Funciona', 'Fuera de Validador', 'Funciona', 'Modificado', 'Funciona', '', '', 'No Tiene', 'No tiene', '2', 'NO SE COMPROBO ESTADO DE FUNCIONAMIENTO DE FUENTE DE ENERGIA PARA VALIDADOR POR FALTA DE ENERGIA. ', '2017-09-23 20:20:00'),
(106, 16, 8, 11, 'Acer Antiguo', 'Funciona', 'Sin Fallo', 'Sin Fallo', '', 'Ilegible', '', 'Tiene', '02-01-0000053', 'Placa', 'Funciona', 'No Tiene', 'No Tiene', 'Fuera del Conducto Asidero', 'Independiente', 'UTP', 'Omega Modificado', 'Funciona', 'Bus de Datos', 'Funciona', 'Tiene', 'Funciona', 'Fuera de Validador', 'Funciona', 'Modificado', 'Funciona', '', '', 'No Tiene', 'No tiene', '2', 'NO SE COMPROBO ESTADO DE FUNCIONAMIENTO DE FUENTE DE ENERGIA PARA VALIDADOR POR FALTA DE ENERGIA. ', '2017-09-23 20:32:00'),
(107, 15, 8, 11, 'Acer Antiguo', 'Funciona', 'Sin Fallo', 'Sin Fallo', '', 'Ilegible', '', 'Tiene', '02-01-0000018', 'Placa', 'Funciona', 'No Tiene', 'No Tiene', 'Fuera del Conducto Asidero', 'Independiente', 'UTP', 'Omega Normal', 'Funciona', 'Bus de Datos', 'Funciona', 'Tiene', 'Funciona', 'Fuera de Validador', 'Funciona', 'Normal', 'Funciona', '', '', 'No Tiene', 'No tiene', '2', 'NO SE COMPROBO ESTADO DE FUNCIONAMIENTO DE FUENTE DE ENERGIA PARA VALIDADOR POR FALTA DE ENERGIA. ', '2017-09-23 20:37:00'),
(108, 40, 8, 11, 'Acer Antiguo', 'Funciona', 'Sin Fallo', 'Sin Fallo', '', 'No tiene', '', 'Tiene', '02-01-0000009', 'Placa', 'Funciona', 'No Tiene', 'No Tiene', 'Fuera del Conducto Asidero', 'Independiente', 'UTP', 'Omega Normal', 'Funciona', 'Bus de Datos', 'Funciona', 'Tiene', 'Funciona', 'Fuera de Validador', 'Funciona', 'Normal', 'Funciona', '', '', 'No Tiene', 'No tiene', '2', 'NO SE COMPROBO ESTADO DE FUNCIONAMIENTO DE FUENTE DE ENERGIA PARA VALIDADOR POR FALTA DE ENERGIA. ', '2017-09-23 20:43:00');
INSERT INTO `cobro` (`idcobro`, `bus_idbus`, `instalacion_idinstalacion`, `usuario_idusuario`, `modelo_tablet`, `estado_operativo`, `descripcion_fallo_1`, `descripcion_fallo_2`, `id_validador`, `codigo_gamlp`, `cod_gamlp`, `codigo_mfs`, `cod_mfs`, `interfaz`, `estado_interfaz`, `conector_db9`, `estado_conector`, `ubicacion_cable_comunicacion`, `estado_cable_comunicacion`, `tipo_cable`, `tipo_hub`, `condicion_hub`, `tipo_conexion_hub`, `estado_conexion_hub`, `ext_usb`, `estado_usb`, `ubicacion_cargador`, `estado_cargador`, `tipo_tarjeta_inteligente`, `estado_tarjeta_inteligente`, `numero_serie`, `id_vsam`, `existencia_vsam`, `estado_vsam`, `tornillos_tapa_validador`, `observaciones`, `fecha`) VALUES
(109, 35, 5, 1, 'Acer Antiguo', 'Funciona', 'Sin Fallo', 'Sin Fallo', '27.27.4048.15', 'Ilegible', '', 'Tiene', '02-01-0000027', 'RS-232 Trend Net', 'Funciona', 'Tiene', 'Bien', 'Dentro de Conducto Asidero', 'Compartio con Energia', 'UTP', 'Omega Normal', 'Funciona', 'Conexion Directa a Tablet', 'Funciona', 'Tiene', 'Funciona', 'Fuera de Validador', 'Funciona', 'Normal', 'Funciona', '6157C51967B98CD5', 'RR167-023730', 'Tiene', 'Funciona', '1', 'CODIGO GMLP, BORROSA NO SE PUEDE OBSERVAR', '2017-09-24 09:30:00'),
(110, 32, 2, 6, 'Acer Antiguo', 'Funciona', 'Sin Fallo', 'Sin Fallo', '8.8.4039.15', 'Ilegible', '', 'Tiene', '02-01-0000008', 'RS-232 Generico', 'Funciona', 'Tiene', 'Bien', 'Dentro de Conducto Asidero', 'Compartio con Energia', 'UTP', 'Omega Normal', 'Funciona', 'Conexion Directa a Tablet', 'Funciona', 'Tiene', 'Funciona', 'Fuera de Validador', 'Funciona', 'Normal', 'Funciona', '6157C51CB9B98CD5', 'RR167-023713', 'Tiene', 'Funciona', '2', '', '2017-09-24 10:03:00'),
(111, 54, 5, 1, 'Acer Antiguo', 'Funciona', 'Sin Fallo', 'Sin Fallo', '', 'Ilegible', '', 'Tiene', '02-01-0000043', 'Placa', 'Funciona', 'No Tiene', 'No Tiene', 'Dentro de Conducto Asidero', 'Independiente', 'UTP', 'Omega Normal', 'Funciona', 'Extra USB', 'Funciona', 'Tiene', 'Funciona', 'Fuera de Validador', 'Funciona', 'Normal', 'Funciona', '22CDCE1DD339866', 'RR167-023681', 'Tiene', 'Funciona', '2', '', '2017-09-24 10:26:00'),
(112, 45, 4, 5, 'Acer Nueva', 'Funciona', 'Sin Fallo', 'Sin Fallo', '267.45.459.15', 'Tiene', '10987-0000119', 'Tiene', '02-01-0000119', 'RS-232 Generico', 'Funciona', 'Tiene', 'Bien', 'Dentro de Conducto Asidero', 'Compartio con Energia', 'FTP', 'Micro USB Hub(pulpo)', 'Funciona', 'Extra USB', 'Funciona', 'Tiene', 'Funciona', 'Fuera de Validador', 'Funciona', 'Normal', 'Funciona', '8285C64D8BFC0E42', 'RR167-052362', 'Tiene', 'Funciona', '2', '', '2017-09-24 10:47:00'),
(113, 90, 2, 6, 'Acer Antiguo', 'Funciona', 'Sin Fallo', 'Sin Fallo', '71.90.4039.15', 'Ilegible', '', 'Tiene', '02-01-0000075', 'RS-232 Generico', 'Funciona', 'Tiene', 'Bien', 'Dentro de Conducto Asidero', 'Compartio con Energia', 'UTP', 'Omega Normal', 'Funciona', 'Extra USB', 'Funciona', 'Tiene', 'Funciona', 'Dentro de Validador', 'Funciona', 'Normal', 'Funciona', '50C59935908E0A9E', 'RR167-043377', 'Tiene', 'Funciona', '2', '', '2017-09-24 10:54:00'),
(114, 48, 2, 20, 'Acer Antiguo', 'Funciona', 'Sin Fallo', 'Sin Fallo', '44.44.4036.15', 'No tiene', '', 'Tiene', '02-01-0000044', 'Placa', 'Funciona', 'No Tiene', 'No Tiene', 'Dentro de Conducto Asidero', 'Independiente', 'FTP', 'Omega Normal', 'Funciona', 'Bus de Datos', 'Funciona', 'Tiene', 'Funciona', 'Fuera de Validador', 'Funciona', 'Normal', 'Funciona', '22CDCE1DDC398D66', 'RR167-023719', 'Tiene', 'Funciona', '2', '', '2017-09-24 12:07:00'),
(115, 99, 4, 5, 'Quipus', 'Funciona', 'Bateria no Carga', 'Calentamiento', '190.99.4059.15', 'Tiene', '10987-0000081', 'Tiene', '02-01-0000081', 'RS-232 Generico', 'Funciona', 'Tiene', 'Bien', 'Dentro de Conducto Asidero', 'Independiente', 'Extensor USB', 'Omega Modificado', 'Funciona', 'Cable OTG', 'Funciona', 'Tiene', 'Funciona', 'Dentro de Validador', 'Funciona', 'Modificado', 'Funciona', '8285C6447CFC0E42', 'RR167-043388', 'Tiene', 'Funciona', '2', '', '2017-09-24 12:32:00'),
(116, 122, 5, 1, 'Acer Antiguo', 'Funciona', 'Sin Fallo', 'Sin Fallo', '28.122.3872.15', 'Tiene', '10987-0000028', 'Tiene', '02-01-0000028', 'RS-232 Generico', 'Funciona', 'Tiene', 'Bien', 'Dentro de Conducto Asidero', 'Independiente', 'Extensor USB', 'Omega Normal', 'Funciona', 'Extra USB', 'Funciona', 'Tiene', 'Funciona', 'Dentro de Validador', 'Funciona', 'Normal', 'Funciona', '50C59906EA8E0A9E', 'RR167-023686', 'Tiene', 'Funciona', '2', '', '2017-09-24 13:39:00'),
(117, 97, 4, 10, 'Acer Antiguo', 'Funciona', 'Sin Fallo', 'Sin Fallo', '75.97.4059.15', 'Tiene', '10987-0000061', 'Tiene', '02-01-0000062', 'RS-232 Generico', 'Funciona', 'Tiene', 'Bien', 'Dentro de Conducto Asidero', 'Independiente', 'Extensor USB', 'Klip', 'Funciona', 'Extra USB', 'Funciona', 'Tiene', 'Funciona', 'Dentro de Validador', 'Funciona', 'Normal', 'Funciona', '8285C64478FC0E42', 'RR167-023705', 'Tiene', 'Funciona', '2', '', '2017-09-24 15:27:00'),
(118, 105, 3, 4, 'Quipus', 'Funciona', 'Bateria no Carga', 'Calentamiento', '195.105.3530.15', 'Tiene', '10987-0000079', 'Tiene', '02-01-0000079', 'RS-232 Generico', 'Funciona', 'Tiene', 'Roto', 'Dentro de Conducto Asidero', 'Independiente', 'FTP', 'Omega Normal', 'Funciona', 'Cable OTG', 'Funciona', 'No Tiene', 'No funciona', 'Dentro de Validador', 'Funciona', 'Normal', 'Funciona', '50C59932DE8E0A9E', 'RR-167-023697', 'Tiene', 'Funciona', '2', 'BUS PARADO EN PATIO POR MANTENIMIENTO', '2017-09-24 15:50:00'),
(119, 80, 3, 4, 'Quipus', 'Funciona', 'Calentamiento', 'Reinicios', '191.80.4059.15', 'Tiene', '10987-0000088', 'Tiene', '02-01-0000088', 'RS-232 Generico', 'Funciona', 'No Tiene', 'No Tiene', 'Dentro de Conducto Asidero', 'Independiente', 'Extensor USB', 'Omega Modificado', 'Funciona', 'Cable OTG', 'Funciona', 'Tiene', 'Funciona', 'Dentro de Validador', 'Funciona', 'Normal', 'Funciona', '50C5990B438E0A9E', 'RR-167-023690', 'Tiene', 'Funciona', '2', '', '2017-09-24 16:51:00'),
(120, 24, 4, 10, 'No Tiene', 'No Tiene', 'Sin Fallo', 'Sin Fallo', '', 'No tiene', '', 'No tiene', '', 'No-Tiene', 'No tiene', 'No Tiene', 'No Tiene', 'Dentro de Conducto Asidero', 'Independiente', 'UTP', 'No Tiene', 'No Tiene', 'No Tiene', 'No Tiene', 'No Tiene', 'No Tiene', 'No tiene', 'No Tiene', 'No Tiene', 'No tiene', '', '', 'No Tiene', 'No tiene', 'No Tiene', 'EL BUS ESTA PARADO POR MT, NO TIENE VALIDADOR YA QUE SE LO SACO PARA OTRO BUS', '2017-09-24 17:16:00'),
(121, 103, 6, 11, 'Quipus', 'Funciona', 'Calentamiento', 'Reinicios', '194.103.4035.15', 'Tiene', '10987-0000077', 'Tiene', '02-01-0000077', 'RS-232 Generico', 'Funciona', 'Tiene', 'Bien', 'Dentro de Conducto Asidero', 'Independiente', 'UTP', 'Omega Modificado', 'Funciona', 'Cable OTG', 'Funciona', 'Tiene', 'Funciona', 'Dentro de Validador', 'Funciona', 'Modificado', 'Funciona', '50C5990AFE8E0A9E', 'RR167-043380', 'Tiene', 'Funciona', '2', '', '2017-09-24 17:53:00'),
(122, 9, 2, 6, 'Acer Antiguo', 'No Funciona', 'Sin Fallo', 'Sin Fallo', '22.9.3871.15', 'No tiene', '', 'Tiene', '02-01-0000022', 'No-Tiene', 'No tiene', 'No Tiene', 'No Tiene', 'Dentro de Conducto Asidero', 'Compartio con Energia', 'UTP', 'No Tiene', 'No Tiene', 'No Tiene', 'No Tiene', 'Tiene', 'No funciona', 'No tiene', 'No Tiene', 'Normal', 'Funciona', '50C5990B4F8E0A9E', 'RR167-023670', 'Tiene', 'Funciona', '1', 'BUS PARADO EN PATIO POR MANTENIMIENTO', '2017-09-24 17:57:00'),
(123, 8, 4, 10, 'Acer Antiguo', 'Funciona', 'Reinicios', 'Sin Fallo', '58.58.4059.15', 'No tiene', '', 'Tiene', '02-01-0000058', 'RS-232 Generico', 'Funciona', 'No Tiene', 'No Tiene', 'Dentro de Conducto Asidero', 'Independiente', 'FTP', 'Klip', 'Funciona', 'Extra USB', 'Funciona', 'No Tiene', 'No Tiene', 'Fuera de Validador', 'Funciona', 'Normal', 'Funciona', '22CDCE1DC4398D66', 'RR167-023740', 'Tiene', 'Funciona', '1', '', '2017-09-24 18:07:00'),
(124, 34, 4, 5, 'Acer Antiguo', 'Funciona', 'Reinicios', 'Sin Fallo', '60.34.4059.15', 'Ilegible', '', 'Tiene', '02-01-0000056', 'RS-232 Generico', 'Funciona', 'Tiene', 'Bien', 'Dentro de Conducto Asidero', 'Independiente', 'FTP', 'Omega Normal', 'Funciona', 'Extra USB', 'Funciona', 'Tiene', 'Funciona', 'Fuera de Validador', 'Funciona', 'Normal', 'Funciona', '8285C659DEFC0E42', 'RR167-023704', 'Tiene', 'Funciona', '2', '', '2017-09-25 06:54:00'),
(125, 121, 4, 10, 'Acer Nueva', 'Funciona', 'Sin Fallo', 'Sin Fallo', '253.121.4059.15', 'Tiene', '10987-0000109', 'Tiene', '02-01-0000109', 'RS-232 Generico', 'Funciona', 'No Tiene', 'No Tiene', 'Dentro de Conducto Asidero', 'Independiente', 'Extensor USB', 'Micro USB Hub(pulpo)', 'Funciona', 'Extra USB', 'Funciona', 'Tiene', 'Funciona', 'Dentro de Validador', 'Funciona', 'Normal', 'Funciona', '50C59914E78E0A9E', 'RR167-053044', 'Tiene', 'Funciona', '2', '', '2017-09-25 10:12:00'),
(126, 78, 5, 14, 'No Tiene', 'No Tiene', 'Sin Fallo', 'Sin Fallo', '', 'No tiene', '', 'No tiene', '', 'No-Tiene', 'No tiene', 'No Tiene', 'No Tiene', 'Dentro de Conducto Asidero', 'Independiente', 'UTP', 'No Tiene', 'No Tiene', 'No Tiene', 'No Tiene', 'No Tiene', 'No Tiene', 'No tiene', 'No Tiene', 'Normal', 'No tiene', '', '', 'No Tiene', 'No tiene', 'No Tiene', 'bus no cuenta con validador', '2017-09-25 10:23:00'),
(127, 7, 4, 10, 'Acer Antiguo', 'Funciona', 'Sin Fallo', 'Sin Fallo', '35.35.4059.15', 'Ilegible', '', 'Tiene', '02-01-0000035', 'RS-232 Trend Net', 'Funciona', 'Tiene', 'Bien', 'Dentro de Conducto Asidero', 'Independiente', 'FTP', 'Omega Normal', 'Funciona', 'Bus de Datos', 'Funciona', 'Tiene', 'Funciona', 'Fuera de Validador', 'Funciona', 'Normal', 'Funciona', '22CDCE314B398D66', 'RR167-023734', 'Tiene', 'Funciona', '2', '', '2017-09-25 11:01:00'),
(128, 71, 7, 6, 'Quipus', 'Funciona', 'Reinicios', 'Calentamiento', '', 'Tiene', '10987-0000084', 'Tiene', '02-01-0000084', 'RS-232 Generico', 'Funciona', 'Tiene', 'Bien', 'Dentro de Conducto Asidero', 'Independiente', 'FTP', 'Omega Modificado', 'No funciona', 'Cable OTG', 'Funciona', 'Tiene', 'Funciona', 'Dentro de Validador', 'Funciona', 'Modificado', 'Funciona', '50C59924E88E0A9E', 'RR167-023712', 'Tiene', 'Funciona', '2', 'BUS PARADO EN FABROS, INALCANSABLE PARA ENERGIZAR EL BUS', '2017-09-25 11:22:00'),
(129, 73, 5, 14, 'Acer Nueva', 'Funciona', 'Sin Fallo', 'Sin Fallo', '255.73.5059.15', 'Tiene', '10987-0000145', 'Tiene', '02-01-0000145', 'RS-232 Generico', 'Funciona', 'No Tiene', 'No Tiene', 'Dentro de Conducto Asidero', 'Independiente', 'UTP', 'Omega Normal', 'Funciona', 'Cable OTG', 'Funciona', 'Tiene', 'Funciona', 'Dentro de Validador', 'Funciona', 'Normal', 'Funciona', 'RR167-052382', '255', 'Tiene', 'Funciona', '2', '', '2017-09-25 11:37:00'),
(130, 52, 4, 10, 'Acer Antiguo', 'Funciona', 'Sin Fallo', 'Sin Fallo', '45.45.4059.15', 'Ilegible', '', 'Tiene', '02-01-0000045', 'Placa', 'Funciona', 'No Tiene', 'No Tiene', 'Dentro de Conducto Asidero', 'Compartio con Energia', 'UTP', 'Omega Normal', 'Funciona', 'Bus de Datos', 'Funciona', 'Tiene', 'Funciona', 'Fuera de Validador', 'Funciona', 'Normal', 'Funciona', '22CDCE1DE4398D66', 'RR167-023669', 'Tiene', 'Funciona', '2', '', '2017-09-25 11:52:00'),
(131, 65, 5, 14, 'Acer Antiguo', 'Funciona', 'Sin Fallo', 'Sin Fallo', '14.65.4059.15', 'No tiene', '', 'Tiene', '02-01-0000014', 'RS-232 Trend Net', 'Funciona', 'No Tiene', 'No Tiene', 'Dentro de Conducto Asidero', 'Independiente', 'UTP', 'Omega Normal', 'Funciona', 'Cable OTG', 'Funciona', 'Tiene', 'Funciona', 'Dentro de Validador', 'Funciona', 'Normal', 'Funciona', 'RR167-023706', '14', 'Tiene', 'Funciona', '1', '', '2017-09-25 11:54:00'),
(132, 1, 1, 17, 'Acer Nueva', 'Funciona', 'Sin Fallo', 'Sin Fallo', '250.1.4036.15', 'Tiene', '10987-0000144', 'Tiene', '02-01-0000144', 'RS-232 Generico', 'Funciona', 'Tiene', 'Bien', 'Dentro de Conducto Asidero', 'Independiente', 'UTP', 'Micro USB Hub(pulpo)', 'Funciona', 'Extra USB', 'Funciona', 'Tiene', 'Funciona', 'Dentro de Validador', 'Funciona', 'Normal', 'Funciona', '50C59935888E0A9E', 'RR167-053048', 'Tiene', 'Funciona', '2', 'El bus empezo a operar recientemente el 22 de septiembre del presente, por lo que al momento el sistema de cobro se encuentra en seguimiento..', '2017-09-25 12:45:00'),
(133, 137, 1, 17, 'Acer Nueva', 'Funciona', 'Sin Fallo', 'Sin Fallo', '239.137.4046.15', 'Tiene', '10987-0000111', 'Tiene', '02-01-0000111', 'RS-232 Generico', 'Funciona', 'No Tiene', 'No Tiene', 'Dentro de Conducto Asidero', 'Independiente', 'Extensor USB', 'Micro USB Hub(pulpo)', 'Funciona', 'Extra USB', 'Funciona', 'Tiene', 'Funciona', 'Dentro de Validador', 'Funciona', 'Normal', 'Funciona', '50C59932EA8E0A9E', 'RR167-043419', 'Tiene', 'Funciona', '2', 'El bus entro en funcionamiento el día 21 de septiembre por lo que actualmente el sistema de cobro se encuenta en seguimiento...', '2017-09-25 12:50:00'),
(134, 31, 5, 2, 'Acer Antiguo', 'Funciona', 'Sin Fallo', 'Sin Fallo', '', 'No tiene', '', 'Tiene', '02-01-0000073', 'RS-232 Generico', 'Funciona', 'Tiene', 'Bien', 'Fuera del Conducto Asidero', 'Independiente', 'UTP', 'Omega Normal', 'Funciona', 'Cable OTG', 'Funciona', 'Tiene', 'Funciona', 'Fuera de Validador', 'Funciona', 'Normal', 'Funciona', '50C5990B6F8E0A9E', 'RR167-043389', 'Tiene', 'Funciona', '2', '', '2017-09-25 12:54:00'),
(135, 83, 1, 17, 'Acer Antiguo', 'Funciona', 'Sin Fallo', 'Sin Fallo', '46.83.4053.15', 'Ilegible', '', 'Tiene', '02-01-0000046', 'RS-232 Generico', 'Funciona', 'No Tiene', 'No Tiene', 'Dentro de Conducto Asidero', 'Independiente', 'Extensor USB', 'Omega Normal', 'Funciona', 'Extra USB', 'Funciona', 'Tiene', 'Funciona', 'Dentro de Validador', 'Funciona', 'Normal', 'Funciona', '8285C63002FC0E42', 'RR167-023657', 'Tiene', 'Funciona', '2', '', '2017-09-25 12:56:00'),
(136, 36, 8, 15, 'Acer Antiguo', 'No Funciona', 'Sin Fallo', 'Sin Fallo', '', 'Ilegible', ' ', 'Tiene', '02-01-0000049', 'Placa', 'Funciona', 'No Tiene', 'No Tiene', 'Dentro de Conducto Asidero', 'Compartio con Energia', 'UTP', 'Omega Normal', 'Funciona', 'Extra USB', 'Funciona', 'Tiene', 'Funciona', 'Fuera de Validador', 'Funciona', 'Normal', 'Funciona', '22CDCE314F398D66', '49', 'No Tiene', 'No tiene', '2', 'Placa USB con RELE/  Sin tarjeta VSAM en el lector', '2017-09-25 12:59:00'),
(137, 39, 1, 17, 'Acer Antiguo', 'No Funciona', 'Sin Fallo', 'Sin Fallo', '', 'Ilegible', '', 'Tiene', '02-01-0000060', 'No-Tiene', 'No tiene', 'Tiene', 'Roto', 'Dentro de Conducto Asidero', 'Compartio con Energia', 'UTP', 'Omega Modificado', 'No funciona', 'Bus de Datos', 'No funciona', 'Tiene', 'No funciona', 'Fuera de Validador', 'Funciona', 'Modificado', 'Funciona', '', 'RR167-023743', 'No Tiene', 'No tiene', '1', 'El bus se encuentra parado por MT. el mismo no cuenta con VSAM, por lo que no es posible obtener el ID de validador.', '2017-09-25 13:59:00'),
(138, 60, 2, 6, 'Acer Antiguo', 'No Funciona', 'Sin Fallo', 'Sin Fallo', '25.60.3809.15', 'No tiene', '', 'Tiene', '02-01-0000025', 'No-Tiene', 'No tiene', 'No Tiene', 'No Tiene', 'Dentro de Conducto Asidero', 'Independiente', 'UTP', 'No Tiene', 'No Tiene', 'No Tiene', 'No Tiene', 'Tiene', 'Funciona', 'Fuera de Validador', 'Funciona', 'Normal', 'Funciona', '6157C50FEFB98CD5', 'RR167-023692', 'Tiene', 'Funciona', '1', 'BUS PARADO EN PATIO POR MANTENIMIENTO.', '2017-09-25 17:36:00'),
(139, 86, 4, 7, 'Quipus', 'Funciona', 'Calentamiento', 'Reinicios', '200.86.4059.15', 'Tiene', '10987-0000092', 'Tiene', '02-01-0000092', 'RS-232 Generico', 'Funciona', 'Tiene', 'Bien', 'Dentro de Conducto Asidero', 'Independiente', 'Extensor USB', 'Omega Normal', 'Funciona', 'Cable OTG', 'Funciona', 'Tiene', 'Funciona', 'Dentro de Validador', 'Funciona', 'Modificado', 'Funciona', '50C5991AE78E0A9E', 'RR167-023708', 'Tiene', 'Funciona', '2', '', '2017-09-25 18:07:00'),
(140, 26, 4, 7, 'Acer Antiguo', 'Funciona', 'Sin Fallo', 'Sin Fallo', '1.1.4057.15', 'Ilegible', '', 'Tiene', '02-01-0000001', 'RS-232 Trend Net', 'Funciona', 'Tiene', 'Bien', 'Dentro de Conducto Asidero', 'Independiente', 'UTP', 'Omega Normal', 'Funciona', 'Bus de Datos', 'Funciona', 'Tiene', 'Funciona', 'Fuera de Validador', 'Funciona', 'Normal', 'Funciona', '6157C51AA8B98CD5', 'RR167-023738', 'Tiene', 'Funciona', '2', '', '2017-09-25 18:24:00'),
(141, 37, 4, 7, 'Acer Antiguo', 'Funciona', 'Sin Fallo', 'Sin Fallo', '36.36.4057.15', 'Ilegible', '', 'Tiene', '02-01-0000036', 'RS-232 Trend Net', 'Funciona', 'Tiene', 'Bien', 'Dentro de Conducto Asidero', 'Independiente', 'FTP', 'Omega Normal', 'Funciona', 'Extra USB', 'Funciona', 'Tiene', 'Funciona', 'Fuera de Validador', 'Funciona', 'Normal', 'Funciona', '22CDCE3153398D66', 'RR167-023693', 'Tiene', 'Funciona', '1', '', '2017-09-25 18:37:00'),
(142, 133, 2, 6, 'Acer Antiguo', 'Funciona', 'Sin Fallo', 'Sin Fallo', '55.133.4047.15', 'No tiene', '', 'Tiene', '02-01-0000055', 'RS-232 Generico', 'Funciona', 'No Tiene', 'No Tiene', 'Dentro de Conducto Asidero', 'Independiente', 'FTP', 'Omega Normal', 'Funciona', 'Extra USB', 'Funciona', 'Tiene', 'Funciona', 'Dentro de Validador', 'Funciona', 'Normal', 'Funciona', '22CDCE3133398D66', 'RR167-023683', 'Tiene', 'Funciona', '2', '', '2017-09-25 18:52:00'),
(143, 118, 7, 6, 'Quipus', 'Intermitente', 'Reinicios', 'Calentamiento', '199.118.3806.15', 'Tiene', '10987-0000086', 'Tiene', '02-01-0000086', 'RS-232 Generico', 'Funciona', 'Tiene', 'Bien', 'Dentro de Conducto Asidero', 'Independiente', 'STP', 'Omega Modificado', 'Funciona', 'Cable OTG', 'Funciona', 'Tiene', 'Funciona', 'Dentro de Validador', 'Funciona', 'Modificado', 'Funciona', '50C5992A528E0A9E', 'RR167-023687', 'Tiene', 'Funciona', '2', '', '2017-09-25 19:00:00'),
(144, 107, 7, 20, 'Quipus', 'Funciona', 'Reinicios', 'Calentamiento', '202.107.3796.15', 'Tiene', '10987-0000087', 'Tiene', '02-01-0000087', 'RS-232 Generico', 'Funciona', 'No Tiene', 'No Tiene', 'Dentro de Conducto Asidero', 'Independiente', 'STP', 'Omega Normal', 'Funciona', 'Cable OTG', 'Funciona', 'Tiene', 'No funciona', 'Dentro de Validador', 'Funciona', 'Normal', 'Funciona', '50C5990B0A8E0A9E', 'RR167-023699', 'Tiene', 'Funciona', '2', '', '2017-09-25 19:37:00'),
(145, 74, 7, 20, 'Acer Antiguo', 'Funciona', 'Sin Fallo', 'Sin Fallo', '', 'Tiene', '10987-0000098', 'Tiene', '02-01-0000098', 'RS-232 Generico', 'Funciona', 'Tiene', 'Bien', 'Dentro de Conducto Asidero', 'Independiente', 'STP', 'Omega Normal', 'Funciona', 'Conexion Directa a Tablet', 'Funciona', 'Tiene', 'Funciona', 'Dentro de Validador', 'Funciona', 'Normal', 'Funciona', '50C59932D68E0A9E', 'RR167-052377', 'Tiene', 'Funciona', '2', '', '2017-09-25 20:16:00'),
(146, 77, 2, 6, 'No Tiene', 'No Tiene', 'Sin Fallo', 'Sin Fallo', '', 'No tiene', '', 'No tiene', '', 'No-Tiene', 'No tiene', 'No Tiene', 'No Tiene', 'Dentro de Conducto Asidero', 'Independiente', 'STP', 'No Tiene', 'No Tiene', 'No Tiene', 'No Tiene', 'No Tiene', 'No Tiene', 'No tiene', 'No Tiene', 'No Tiene', 'No tiene', '', '', 'No Tiene', 'No tiene', 'No Tiene', 'COVIMOTORS BUS PARADO ALLI POR REFACCION DE CAJA ZF. NO CUENTA CON VALIDADOR', '2017-09-25 20:41:00'),
(147, 126, 2, 6, 'Acer Antiguo', 'Funciona', 'Sin Fallo', 'Sin Fallo', '21.126.3992.15', 'Ilegible', '', 'Tiene', '02-01-0000030', 'Placa', 'Funciona', 'No Tiene', 'No Tiene', 'Dentro de Conducto Asidero', 'Independiente', 'STP', 'Omega Normal', 'Funciona', 'Bus de Datos', 'Funciona', 'Tiene', 'Funciona', 'Dentro de Validador', 'Funciona', 'Normal', 'Funciona', '6157C51DAAB98CD5', 'RR167-023684', 'Tiene', 'Funciona', '2', 'COVIMOTORS BUS PARADO POR ARREGLO DE CAJA ZF', '2017-09-25 21:08:00'),
(148, 136, 5, 2, 'Quipus', 'Funciona', 'Calentamiento', 'Reinicios', '208', 'Tiene', '02-01-0000094', 'Tiene', '02-01-0000094', 'RS-232 Generico', 'Funciona', 'Tiene', 'Bien', 'Dentro de Conducto Asidero', 'Independiente', 'UTP', 'Omega Normal', 'Funciona', 'Cable OTG', 'Funciona', 'Tiene', 'Funciona', 'Dentro de Validador', 'Funciona', 'Normal', 'Funciona', '02-01-0000096', '50C59906E28E0A9E', 'Tiene', 'Funciona', '2', '', '2017-09-25 23:52:00'),
(156, 89, 2, 6, 'Acer Antiguo', 'Funciona', 'Sin Fallo', 'Sin Fallo', '70.89.4049.15', 'Tiene', '10987-0000068', 'Tiene', '02-01-0000069', 'RS-232 Generico', 'Funciona', 'No Tiene', 'No Tiene', 'Dentro de Conducto Asidero', 'Independiente', 'STP', 'Omega Normal', 'Funciona', 'Extra USB', 'Funciona', 'Tiene', 'Funciona', 'Dentro de Validador', 'Funciona', 'Normal', 'Funciona', '50C5990B0E8E0A9E', 'RR167-043387', 'Tiene', 'Funciona', '2', '', '2017-09-26 09:29:00');

-- --------------------------------------------------------

--
-- Estructura de tabla para la tabla `electrico`
--

CREATE TABLE `electrico` (
  `idelectrico` int(11) NOT NULL,
  `bus_idbus` int(11) NOT NULL,
  `instalacion_idinstalacion` int(11) NOT NULL,
  `usuario_idusuario` int(11) NOT NULL,
  `inversor` varchar(45) NOT NULL,
  `serie_inversor` varchar(45) DEFAULT NULL,
  `codigo_gamlp` varchar(45) NOT NULL,
  `cod_gamlp` varchar(45) NOT NULL,
  `toma_energia_conductor` varchar(45) NOT NULL,
  `cableado_energia` varchar(45) NOT NULL,
  `estado_inversor` varchar(45) NOT NULL,
  `obs` varchar(800) NOT NULL,
  `fecha` datetime NOT NULL
) ENGINE=InnoDB DEFAULT CHARSET=utf8;

--
-- Volcado de datos para la tabla `electrico`
--

INSERT INTO `electrico` (`idelectrico`, `bus_idbus`, `instalacion_idinstalacion`, `usuario_idusuario`, `inversor`, `serie_inversor`, `codigo_gamlp`, `cod_gamlp`, `toma_energia_conductor`, `cableado_energia`, `estado_inversor`, `obs`, `fecha`) VALUES
(1, 94, 3, 4, 'No Tiene', '', 'Ilegible', '', 'Bien', 'Bien', 'Funciona', 'SIN INVERSOR ', '2017-09-20 11:30:00'),
(2, 99, 4, 10, 'Funciona', '', 'No tiene', '', 'Bien', 'Bien', 'Funciona', '', '2017-09-20 11:44:00'),
(3, 121, 4, 10, 'Funciona', '', 'No tiene', '', 'Bien', 'Bien', 'Funciona', '', '2017-09-20 11:59:00'),
(4, 119, 2, 6, 'Funciona', '', 'No tiene', '', 'Bien', 'Bien', 'Funciona', 'sin codigo gamlp ni numero de serie.', '2017-09-21 10:46:00'),
(5, 138, 3, 4, 'Funciona', '', 'No tiene', '', 'Bien', 'Bien', 'Funciona', 'A SOLICITUD DE PERSONAL DE MANTENIMIENTO SE SACO INVERSOR PARA CAMBIO A OTRO BUS', '2017-09-21 11:43:00'),
(6, 82, 3, 18, 'Funciona', 'F94000852', 'Ilegible', '', 'Bien', 'Bien', 'Funciona', '', '2017-09-21 11:57:00'),
(7, 29, 2, 20, 'Funciona', '', 'Si Tiene Llena el Siguiente Cuadro', '10976-0000028', 'Bien', 'Bien', 'Funciona', 'BUS PARADO POR MANTENIMIENTO EN PATIO HACE BASTANTE TIEMPO.', '2017-09-21 12:03:00'),
(8, 98, 3, 18, 'Funciona', 'F94000807', 'No tiene', '', 'Bien', 'Bien', 'Funciona', 'BUS PARADO EN PATIO POR MANTENIMIENTO ', '2017-09-21 13:13:00'),
(9, 111, 2, 6, 'Funciona', '', 'No tiene', '', 'Bien', 'Bien', 'Funciona', '', '2017-09-21 13:44:00'),
(10, 5, 2, 6, 'Funciona', '', 'Si Tiene Llena el Siguiente Cuadro', '10976-0000004', 'Bien', 'Bien', 'Funciona', '', '2017-09-21 13:54:00'),
(11, 91, 2, 6, 'Funciona', '', 'No tiene', '', 'Bien', 'Bien', 'Funciona', '', '2017-09-21 14:35:00'),
(13, 81, 3, 4, 'No Tiene', '', 'No tiene', '', 'Bien', 'Bien', 'Funciona', 'PERSONAL TICS MARCELA ONTIVEROS ENVIA FORMULARIO DE VERIFICACION DE SISTEMAS EN CUAL INDICA QUE EL BUS NO CUENTA CON INVERSOR, EL BA INGRESA A PATIO IRPAVI EL DIA 18 DE SEPTIEMBRE ', '2017-09-21 15:31:00'),
(14, 139, 3, 4, 'No Tiene', '', 'No tiene', '', 'Bien', 'Bien', 'Funciona', 'BUS PARADO EN PATIO POR MANTENIMIENTO, ', '2017-09-21 16:28:00'),
(15, 85, 3, 4, 'No Tiene', '', 'Ilegible', '', 'Bien', 'Bien', 'Funciona', 'BUS PARADO POR MANTENIMIENTO', '2017-09-21 17:07:00'),
(16, 131, 3, 16, 'Funciona', 'SC5007640', 'No tiene', '', 'Bien', 'Bien', 'Funciona', 'PARADO POR INCIDENTE (APEDRIADO) ', '2017-09-21 18:38:00'),
(17, 117, 5, 14, 'Funciona', '', 'No tiene', '', 'Bien', 'Bien', 'Funciona', '', '2017-09-22 03:14:00'),
(18, 46, 5, 14, 'Funciona', '', 'Si Tiene Llena el Siguiente Cuadro', '10976-0000045', 'Bien', 'Bien', 'Funciona', '', '2017-09-22 04:12:00'),
(19, 72, 5, 14, 'Funciona', '', 'No tiene', '', 'Bien', 'Bien', 'Funciona', '', '2017-09-22 04:14:00'),
(20, 109, 5, 14, 'Funciona', '', 'No tiene', '', 'Bien', 'Bien', 'Funciona', '', '2017-09-22 04:16:00'),
(21, 88, 5, 14, 'Funciona', '', 'No tiene', '', 'Bien', 'Bien', 'Funciona', '', '2017-09-22 05:05:00'),
(22, 19, 5, 2, 'Funciona', '', 'Si Tiene Llena el Siguiente Cuadro', '10976-0000018', 'Bien', 'Bien', 'Funciona', '', '2017-09-22 05:36:00'),
(23, 65, 5, 14, 'Funciona', '', 'No tiene', '', 'Bien', 'Bien', 'Funciona', '', '2017-09-22 06:48:00'),
(24, 59, 1, 8, 'Funciona', '', 'Si Tiene Llena el Siguiente Cuadro', '10976-0000024', 'Detereorado', 'Detereorando', 'Funciona', '', '2017-09-22 10:03:00'),
(25, 83, 1, 8, 'Funciona', '', 'No tiene', '', 'Bien', 'Bien', 'Funciona', '', '2017-09-22 10:04:00'),
(26, 132, 1, 8, 'Funciona', '', 'No tiene', '', 'Bien', 'Bien', 'Funciona', '', '2017-09-22 10:06:00'),
(27, 123, 1, 8, 'Funciona', '', 'No tiene', '', 'Bien', 'Bien', 'Funciona', '', '2017-09-22 10:08:00'),
(28, 63, 1, 8, 'Funciona', '', 'No tiene', '', 'Bien', 'Bien', 'Funciona', '', '2017-09-22 10:09:00'),
(29, 96, 1, 8, 'Funciona', '', 'No tiene', '', 'Bien', 'Bien', 'Funciona', '', '2017-09-22 10:10:00'),
(30, 115, 1, 8, 'Funciona', '', 'No tiene', '', 'Bien', 'Bien', 'Funciona', '', '2017-09-22 10:11:00'),
(31, 42, 1, 8, 'Funciona', '', 'Si Tiene Llena el Siguiente Cuadro', '10976-0000041', 'Detereorado', 'Bien', 'Funciona', '', '2017-09-22 10:13:00'),
(32, 58, 1, 8, 'Funciona', '', 'Si Tiene Llena el Siguiente Cuadro', '10976-0000057', 'Bien', 'Bien', 'Funciona', '', '2017-09-22 10:14:00'),
(33, 124, 1, 8, 'Funciona', '', 'No tiene', '', 'Bien', 'Bien', 'Funciona', '', '2017-09-22 10:15:00'),
(34, 18, 1, 8, 'Funciona', '', 'Si Tiene Llena el Siguiente Cuadro', '10976-0000017', 'Bien', 'Bien', 'Funciona', '', '2017-09-22 10:16:00'),
(35, 55, 1, 8, 'Funciona', '', 'Si Tiene Llena el Siguiente Cuadro', '10976-0000054', 'Bien', 'Bien', 'Funciona', '', '2017-09-22 10:17:00'),
(36, 140, 1, 8, 'Funciona', '', 'No tiene', '', 'Bien', 'Bien', 'Funciona', '', '2017-09-22 10:18:00'),
(37, 41, 1, 8, 'Funciona', '', 'Si Tiene Llena el Siguiente Cuadro', '10976-0000040', 'Bien', 'Bien', 'Funciona', '', '2017-09-22 10:19:00'),
(38, 53, 1, 8, 'Funciona', '', 'Si Tiene Llena el Siguiente Cuadro', '10976-0000052', 'Bien', 'Bien', 'Funciona', '', '2017-09-22 10:21:00'),
(39, 110, 1, 8, 'Funciona', '', 'No tiene', '', 'Bien', 'Bien', 'Funciona', '', '2017-09-22 10:24:00'),
(40, 67, 1, 8, 'Funciona', '', 'No tiene', '', 'Bien', 'Bien', 'Funciona', '', '2017-09-22 10:29:00'),
(41, 137, 1, 8, 'Funciona', '', 'No tiene', '', 'Bien', 'Bien', 'Funciona', '', '2017-09-22 10:30:00'),
(42, 60, 2, 19, 'Funciona', '', 'Si Tiene Llena el Siguiente Cuadro', '10568-0000742', 'Bien', 'Bien', 'Funciona', 'EL CODIGO GAMLP QUE SE TIENE EN INVERSOR CORRESPONDE A TELEVISION DE 17 PULGADAS NO ASI AL EQUIPO EN EL QUE SE ENCUENTRA COLOCADO. BUS PARADO POR MANTENIMIENTO.', '2017-09-22 10:59:00'),
(43, 68, 5, 14, 'Funciona', '', 'No tiene', '', 'Bien', 'Bien', 'Funciona', '', '2017-09-22 10:59:00'),
(44, 127, 3, 4, 'Funciona', '', 'No tiene', '', 'Bien', 'Bien', 'Funciona', '', '2017-09-22 11:32:00'),
(45, 38, 2, 19, 'Funciona', '', 'Si Tiene Llena el Siguiente Cuadro', '10976-0000037', 'Bien', 'Bien', 'Funciona', 'BUS PARADO POR MANTENIMIENTO EN PATIO', '2017-09-22 11:49:00'),
(46, 14, 5, 14, 'Funciona', 'R75009447', 'Si Tiene Llena el Siguiente Cuadro', '10976-0000013', 'Bien', 'Bien', 'Funciona', '', '2017-09-22 11:51:00'),
(47, 108, 3, 18, 'Funciona', '', 'No tiene', '', 'Bien', 'Bien', 'Funciona', '', '2017-09-22 12:05:00'),
(48, 23, 2, 20, 'Funciona', '', 'Si Tiene Llena el Siguiente Cuadro', '10976-0000022', 'Bien', 'Bien', 'Funciona', 'BUS PARADO POR MANTENIMIENTO EN PATIO', '2017-09-22 12:21:00'),
(49, 125, 3, 4, 'Funciona', '', 'No tiene', '', 'Bien', 'Bien', 'Funciona', '', '2017-09-22 12:27:00'),
(50, 84, 3, 4, 'Funciona', '', 'No tiene', '', 'Bien', 'Bien', 'Funciona', '', '2017-09-22 12:55:00'),
(51, 129, 3, 18, 'Funciona', '', 'No tiene', '', 'Bien', 'Bien', 'Funciona', '', '2017-09-22 13:19:00'),
(52, 102, 3, 18, 'Funciona', '', 'No tiene', '', 'Bien', 'Bien', 'Funciona', '', '2017-09-22 13:32:00'),
(53, 114, 3, 16, 'Funciona', '', 'No tiene', '', 'Bien', 'Bien', 'Funciona', '', '2017-09-22 15:21:00'),
(54, 30, 2, 6, 'Funciona', '', 'Si Tiene Llena el Siguiente Cuadro', '10976-0000029', 'Bien', 'Bien', 'Funciona', 'BUS PARADO POR MANTENIMIENTO EN PATIO', '2017-09-22 15:48:00'),
(55, 128, 3, 16, 'Funciona', '', 'No tiene', '', 'Bien', 'Bien', 'Funciona', '', '2017-09-22 15:56:00'),
(56, 2, 2, 6, 'Funciona', '', 'Si Tiene Llena el Siguiente Cuadro', '10976-0000001', 'Bien', 'Bien', 'Funciona', 'BUS PARADO EN PATIO POR MT', '2017-09-22 16:29:00'),
(57, 6, 2, 20, 'Funciona', '', 'Si Tiene Llena el Siguiente Cuadro', '10976-0000005', 'Bien', 'Bien', 'Funciona', '', '2017-09-23 08:31:00'),
(58, 32, 2, 6, 'Funciona', '', 'Si Tiene Llena el Siguiente Cuadro', '10976-0000031', 'Bien', 'Bien', 'Funciona', '', '2017-09-23 10:09:00'),
(59, 28, 2, 20, 'Funciona', '', 'Si Tiene Llena el Siguiente Cuadro', '1076-000048', 'Detereorado', 'Bien', 'Funciona', 'EN CODIGO GAMLP, INVERSOR CORRESPONDE A BA-029', '2017-09-23 10:28:00'),
(60, 13, 2, 20, 'Funciona', 'R75009380', 'Si Tiene Llena el Siguiente Cuadro', '10976-0000012', 'Detereorado', 'Bien', 'Funciona', '', '2017-09-23 10:37:00'),
(61, 51, 2, 6, 'Funciona', 'R75009504', 'Si Tiene Llena el Siguiente Cuadro', '10976-0000050', 'Bien', 'Bien', 'Funciona', '', '2017-09-23 11:09:00'),
(62, 70, 6, 9, 'Funciona', '', 'No tiene', '', 'Bien', 'Bien', 'Funciona', 'inversor del BA-138 cambiado en fecha 09/02/2017', '2017-09-23 11:14:00'),
(63, 44, 2, 19, 'Funciona', 'R35014674', 'Si Tiene Llena el Siguiente Cuadro', '10976-0000043', 'Bien', 'Bien', 'Funciona', '', '2017-09-23 12:40:00'),
(64, 90, 2, 20, 'Funciona', '', 'No tiene', '', 'Bien', 'Bien', 'Funciona', '', '2017-09-23 14:11:00'),
(65, 87, 3, 4, 'Funciona', '', 'No tiene', '', 'Bien', 'Bien', 'Funciona', '', '2017-09-24 07:38:00'),
(66, 62, 3, 4, 'Funciona', '', 'No tiene', '', 'Bien', 'Bien', 'Funciona', '', '2017-09-24 08:07:00'),
(67, 79, 3, 4, 'Funciona', '', 'No tiene', '', 'Bien', 'Bien', 'Funciona', '', '2017-09-24 08:12:00'),
(68, 66, 3, 4, 'Funciona', '', 'No tiene', '', 'Bien', 'Bien', 'Funciona', '', '2017-09-24 08:24:00'),
(69, 101, 3, 4, 'Funciona', '', 'Ilegible', '', 'Bien', 'Bien', 'Funciona', '', '2017-09-24 08:26:00'),
(70, 120, 3, 4, 'Funciona', '', 'No tiene', '', 'Bien', 'Bien', 'Funciona', '', '2017-09-24 08:27:00'),
(71, 33, 2, 6, 'Funciona', 'R75009728', 'Si Tiene Llena el Siguiente Cuadro', '10976-0000032', 'Bien', 'Bien', 'Funciona', '', '2017-09-24 09:55:00'),
(72, 35, 5, 1, 'Funciona', 'R55083706', 'Si Tiene Llena el Siguiente Cuadro', '10976-0000034', 'Bien', 'Bien', 'Funciona', '', '2017-09-24 10:13:00'),
(73, 54, 1, 1, 'Funciona', 'R75009289', 'Si Tiene Llena el Siguiente Cuadro', '10976-0000053', 'Bien', 'Bien', 'Funciona', '', '2017-09-24 11:01:00'),
(74, 9, 2, 20, 'Funciona', '', 'Ilegible', '', 'Mal', 'Detereorando', 'No Funciona', 'BUS PARADO EN PATIO POR MANTENIMIENTO', '2017-09-24 11:50:00'),
(75, 45, 4, 5, 'Funciona', '', 'Si Tiene Llena el Siguiente Cuadro', '10976-0000044', 'Bien', 'Bien', 'Funciona', '', '2017-09-24 11:52:00'),
(76, 48, 2, 19, 'Funciona', 'R75009560', 'Si Tiene Llena el Siguiente Cuadro', '10976-0000047', 'Bien', 'Bien', 'Funciona', '', '2017-09-24 13:07:00'),
(78, 22, 3, 4, 'Funciona', '', 'Si Tiene Llena el Siguiente Cuadro', '10976-0000021', 'Bien', 'Bien', 'Funciona', '', '2017-09-24 14:44:00'),
(79, 8, 4, 10, 'Funciona', '', 'Si Tiene Llena el Siguiente Cuadro', '10976-0000007', 'Bien', 'Bien', 'Funciona', '', '2017-09-24 15:57:00'),
(80, 105, 3, 4, 'No Tiene', '', 'No tiene', '', 'Bien', 'Bien', 'Funciona', 'BUS PARADO POR MANTENIMIENTO NO CUENTA CON INVERSOR ', '2017-09-24 16:13:00'),
(81, 10, 1, 4, 'Funciona', '', 'Si Tiene Llena el Siguiente Cuadro', '10976-0000009', 'Bien', 'Bien', 'Funciona', 'BUS PARADO EN PATIO POR INCIDENTE (APEDREADO)', '2017-09-24 16:41:00'),
(82, 24, 4, 10, 'Funciona', '', 'Si Tiene Llena el Siguiente Cuadro', '10976-0000006', 'Bien', 'Bien', 'Funciona', 'BUS PARADO POR MANTENIMIENTO', '2017-09-24 17:56:00'),
(83, 103, 6, 9, 'Funciona', '', 'Ilegible', '', 'Bien', 'Bien', 'Funciona', 'Bus parado por MT bus con inversor operable', '2017-09-25 06:45:00'),
(84, 95, 6, 9, 'Funciona', '', 'No tiene', '', 'Bien', 'Bien', 'Funciona', 'Usa una toma de corriente funcional y un cable de energia anulado', '2017-09-25 07:14:00'),
(85, 73, 5, 14, 'No Tiene', '', 'No tiene', '', 'Bien', 'Bien', 'Funciona', '', '2017-09-25 07:39:00'),
(86, 34, 4, 5, 'Funciona', '', 'Si Tiene Llena el Siguiente Cuadro', '10976-0000033', 'Bien', 'Bien', 'Funciona', '', '2017-09-25 07:55:00'),
(87, 1, 1, 8, 'Funciona', '', 'No tiene', '', 'Bien', 'Bien', 'Funciona', '', '2017-09-25 10:08:00'),
(88, 78, 5, 14, 'No Tiene', '', 'No tiene', '', 'Bien', 'Bien', 'Funciona', '', '2017-09-25 10:17:00'),
(89, 75, 1, 8, 'Funciona', '', 'No Tiene', '', 'Bien', 'Bien', 'No Funciona', 'Inversor prestado del Ba 73', '2017-09-25 10:40:00'),
(90, 71, 7, 6, 'No Tiene', '', 'No tiene', '', 'Bien', 'Bien', 'No Funciona', '', '2017-09-25 11:06:00'),
(91, 97, 4, 10, 'Funciona', '', 'No tiene', '', 'Bien', 'Bien', 'Funciona', '', '2017-09-25 11:41:00'),
(98, 122, 5, 14, 'No Tiene', '', 'No tiene', '', 'Bien', 'Bien', 'Funciona', '', '2017-09-25 12:26:00'),
(99, 52, 4, 10, 'Funciona', '', 'Si Tiene Llena el Siguiente Cuadro', '10976-0000051', 'Bien', 'Bien', 'Funciona', '', '2017-09-25 13:10:00'),
(100, 135, 5, 14, 'Funciona', '', 'No tiene', '', 'Bien', 'Bien', 'Funciona', '', '2017-09-25 13:22:00'),
(103, 133, 2, 20, 'Funciona', '', 'No tiene', '', 'Bien', 'Bien', 'Funciona', '', '2017-09-25 13:55:00'),
(104, 11, 1, 8, 'Funciona', '', 'Si Tiene Llena el Siguiente Cuadro', '10976-0000010', 'Bien', 'Bien', 'Funciona', 'BUS PARADO POR MANTENIMIENTO', '2017-09-25 14:00:00'),
(105, 12, 1, 8, 'Funciona', '', 'Si Tiene Llena el Siguiente Cuadro', '10976-0000042', 'Bien', 'Detereorando', 'Funciona', 'BUS PARADO POR CHAPA Y PINTURA', '2017-09-25 14:10:00'),
(106, 20, 1, 8, 'Funciona', '', 'Si Tiene Llena el Siguiente Cuadro', '10976-0000019', 'Detereorado', 'Bien', 'Funciona', 'BUS PARADO POR MANTENIMIENTO, NO SE PUEDE VERIFICAR EL FUNCIONAMIENTO DEL INVERSOR', '2017-09-25 14:13:00'),
(107, 25, 1, 8, 'No Tiene', '', 'No tiene', '', 'Detereorado', 'Bien', 'No Funciona', 'AL MOMENTO DEL RELEVAMIENTO NO SE ENCONTRÓ INVERSOR EN EL BUS', '2017-09-25 14:16:00'),
(108, 27, 1, 8, 'Funciona', '', 'Si Tiene Llena el Siguiente Cuadro', '10976-0000026', 'Detereorado', 'Bien', 'Funciona', 'BUS PARADO POR MANTENIMIENTO', '2017-09-25 14:18:00'),
(109, 39, 1, 8, 'Funciona', '', 'Si Tiene Llena el Siguiente Cuadro', '10976-0000038', 'Detereorado', 'Bien', 'Funciona', 'BUS PARADO POR MANTENIMIENTO, DESDE HACE VARIOS MESES', '2017-09-25 14:24:00'),
(110, 57, 1, 8, 'Funciona', '', 'Si Tiene Llena el Siguiente Cuadro', '10976-0000056', 'Bien', 'Bien', 'Funciona', 'BUS PARADO POR MANTENIMIENTO', '2017-09-25 14:27:00'),
(111, 49, 1, 8, 'Funciona', '', 'Si Tiene Llena el Siguiente Cuadro', '10976-0000027', 'Detereorado', 'Bien', 'Funciona', 'BUS PARADO POR CHAPA Y PINTURA', '2017-09-25 14:29:00'),
(112, 43, 1, 8, 'No Funciona', '', 'No tiene', '', 'Detereorado', 'Bien', 'No Funciona', 'BUS PARADO POR MANTENIMIENTO, originalmente del BA-012 y el del ba-43 esta en el Ba-012', '2017-09-25 15:03:00'),
(113, 36, 8, 15, 'Funciona', 'R75009515', 'Si Tiene Llena el Siguiente Cuadro', '0976-0000035', 'Bien', 'Bien', 'Funciona', 'El bus no tiene energia', '2017-09-25 15:06:00'),
(114, 64, 1, 8, 'Funciona', '', 'No tiene', '', 'Bien', 'Bien', 'Funciona', 'BUS PARADO POR MANTENIMIENTO', '2017-09-25 15:11:00'),
(115, 76, 1, 8, 'Funciona', '', 'No tiene', '', 'Bien', 'Bien', 'Funciona', 'BUS PARADO POR CHAPA Y PINTURA', '2017-09-25 15:14:00'),
(116, 92, 1, 8, 'No Tiene', '', 'No tiene', '', 'Bien', 'Bien', 'Funciona', 'EL BUS NO CUENTA CON INVERSOR', '2017-09-25 15:16:00'),
(117, 17, 1, 8, 'Sin Probar (Sin Bateria)', '', 'Si Tiene Llena el Siguiente Cuadro', '10976-0000016', 'Bien', 'Bien', 'Funciona', 'BUS PARADO POR MANTENIMIENTO, NO SE PUEDE PROBAR EL FUNCIONAMIENTO.', '2017-09-25 15:34:00'),
(118, 56, 1, 8, 'Funciona', '', 'Si Tiene Llena el Siguiente Cuadro', '10976-0000055', 'Detereorado', 'Bien', 'Funciona', '', '2017-09-25 16:06:00'),
(119, 61, 1, 8, 'Funciona', '', 'Si Tiene Llena el Siguiente Cuadro', '10976-0000060', 'Bien', 'Bien', 'Funciona', '', '2017-09-25 16:13:00'),
(120, 130, 3, 16, 'Funciona', '', 'No tiene', '', 'Bien', 'Bien', 'Funciona', '', '2017-09-25 16:52:00'),
(121, 141, 1, 8, 'Funciona', '', 'No tiene', '', 'Bien', 'Bien', 'Funciona', 'Inversor Prestado del Ba-075', '2017-09-25 17:05:00'),
(122, 86, 4, 7, 'Funciona', '', 'No tiene', '', 'Bien', 'Bien', 'Funciona', '', '2017-09-25 18:20:00'),
(123, 134, 3, 16, 'Funciona', 'SA5131400', 'No tiene', '', 'Bien', 'Bien', 'Funciona', 'BUS PARADO POR MANTENIMIENTO ', '2017-09-25 18:21:00'),
(124, 7, 4, 10, 'Funciona', '', 'Si Tiene Llena el Siguiente Cuadro', '10976-0000023', 'Bien', 'Bien', 'Funciona', '', '2017-09-25 19:02:00'),
(125, 80, 3, 16, 'Funciona', '', 'No tiene', '', 'Bien', 'Bien', 'Funciona', 'BUS PARADO EN EL PATIO POR MANTENIMIENTO ', '2017-09-25 19:06:00'),
(126, 37, 4, 7, 'Funciona', '', 'Si Tiene Llena el Siguiente Cuadro', '10976-0000036', 'Bien', 'Bien', 'Funciona', '', '2017-09-25 19:12:00'),
(127, 118, 7, 6, 'Funciona', '', 'No tiene', '', 'Bien', 'Bien', 'Funciona', '', '2017-09-25 19:24:00'),
(128, 107, 7, 20, 'Funciona', '', 'No tiene', '', 'Bien', 'Bien', 'Funciona', '', '2017-09-25 20:01:00'),
(129, 74, 7, 20, 'Funciona', '', 'No tiene', '', 'Bien', 'Bien', 'Funciona', 'BUS PARADO EN FABROS SIN BATERIA Y ENERGIA.', '2017-09-25 20:35:00'),
(130, 77, 2, 6, 'Funciona', '', 'No tiene', '', 'Bien', 'Bien', 'Funciona', 'COVIMOTORS BUS PARADO ALLI POR ARREGLO DE CAJA ZF', '2017-09-25 21:00:00'),
(131, 21, 6, 15, 'Funciona', 'R35015013', 'Si Tiene Llena el Siguiente Cuadro', '10976-0000020', 'Bien', 'Bien', 'Funciona', '', '2017-09-25 21:02:00'),
(132, 100, 6, 15, 'Funciona', '', 'No tiene', '', 'Bien', 'Bien', 'Funciona', 'Sin codigo GMLP', '2017-09-25 21:05:00'),
(133, 116, 6, 15, 'Funciona', '', 'No tiene', '', 'Bien', 'Bien', 'Funciona', 'Sin codigo GMLP', '2017-09-25 21:07:00'),
(134, 112, 6, 15, 'Funciona', '', 'No tiene', '', 'Bien', 'Bien', 'Funciona', 'Sin codigo GMLP', '2017-09-25 21:11:00'),
(135, 104, 6, 15, 'Funciona', '', 'No tiene', '', 'Bien', 'Bien', 'Funciona', 'Sin codigo GMLP', '2017-09-25 21:12:00'),
(136, 106, 6, 15, 'Funciona', '', 'No tiene', '', 'Bien', 'Bien', 'Funciona', 'Sin codigo GMLP', '2017-09-25 21:13:00'),
(137, 126, 2, 6, 'Funciona', '', 'No tiene', '', 'Bien', 'Bien', 'Funciona', 'COVIMOTORS BUS PARADO ALLI POR REPARACION DE CAJA ZF', '2017-09-25 21:29:00'),
(138, 69, 6, 15, 'Funciona', '', 'No tiene', '', 'Bien', 'Bien', 'Funciona', 'SIN CÓDIGO GAMLP.', '2017-09-25 21:39:00'),
(139, 26, 4, 7, 'Funciona', '', 'Si Tiene Llena el Siguiente Cuadro', '10976-0000025', 'Bien', 'Bien', 'Funciona', '', '2017-09-25 21:44:00'),
(140, 31, 5, 2, 'Sin Probar (Sin Bateria)', '', 'No tiene', '', 'Bien', 'Bien', 'No Funciona', 'no se verifico el sistema por falta de batería y por que se encuentra en mantenimiento', '2017-09-25 22:26:00'),
(141, 136, 5, 2, 'Funciona', '', 'No tiene', '', 'Bien', 'Bien', 'Funciona', '', '2017-09-25 23:21:00'),
(142, 89, 2, 6, 'Funciona', '', 'No tiene', '', 'Bien', 'Bien', 'Funciona', 'COVIMOTORS, BUS PARADO POR ARREGLO DE CAJA ZF', '2017-09-26 09:48:00'),
(143, 113, 1, 3, 'Funciona', '', 'No tiene', '', 'Bien', 'Bien', 'Funciona', '', '2017-09-26 10:25:00'),
(144, 93, 1, 3, 'Funciona', '', 'No tiene', '', 'Bien', 'Bien', 'Funciona', '', '2017-09-26 10:26:00'),
(145, 50, 8, 3, 'Funciona', '', 'Si Tiene Llena el Siguiente Cuadro', '1976-0000049', 'Bien', 'Bien', 'Funciona', '', '2017-09-26 11:02:00'),
(146, 47, 8, 3, 'Funciona', '', 'Si Tiene Llena el Siguiente Cuadro', '10976-0000046', 'Bien', 'Bien', 'Funciona', 'Bus parado por mt', '2017-09-26 13:31:00'),
(147, 3, 8, 3, 'Funciona', '', 'Si Tiene Llena el Siguiente Cuadro', '10976-0000002', 'Bien', 'Bien', 'Funciona', 'Bus parado por mt', '2017-09-26 13:33:00'),
(148, 4, 8, 3, 'Funciona', '', 'Si Tiene Llena el Siguiente Cuadro', '1976-0000003', 'Bien', 'Bien', 'Funciona', 'Bus parado por mt', '2017-09-26 13:36:00'),
(149, 16, 8, 3, 'Funciona', '', 'Si Tiene Llena el Siguiente Cuadro', '10976-0000015', 'Bien', 'Bien', 'Funciona', 'Bus parado por mt', '2017-09-26 13:38:00'),
(150, 15, 8, 3, 'Funciona', '', 'Si Tiene Llena el Siguiente Cuadro', '10976-0000014', 'Bien', 'Bien', 'Funciona', 'Bus parado por mt', '2017-09-26 13:40:00'),
(151, 40, 8, 3, 'Funciona', '', 'Si Tiene Llena el Siguiente Cuadro', '10976-0000039', 'Bien', 'Bien', 'Funciona', 'Bus parado por mt', '2017-09-26 13:42:00');

-- --------------------------------------------------------

--
-- Estructura de tabla para la tabla `geolocalizacion`
--

CREATE TABLE `geolocalizacion` (
  `idgeolocalizacion` int(11) NOT NULL,
  `bus_idbus` int(11) NOT NULL,
  `instalacion_idinstalacion` int(11) NOT NULL,
  `usuario_idusuario` int(11) NOT NULL,
  `estado_operativo_gps` varchar(45) NOT NULL,
  `ubicacion` varchar(45) NOT NULL,
  `imei` varchar(45) NOT NULL,
  `numero_serie` varchar(45) NOT NULL,
  `codigo_gamlp` varchar(45) NOT NULL,
  `cod_gamlp` varchar(45) DEFAULT NULL,
  `sim_card` varchar(45) NOT NULL,
  `numero_sim_card` varchar(45) DEFAULT NULL,
  `numero_serie_sim_card` varchar(45) DEFAULT NULL,
  `gps` varchar(45) NOT NULL,
  `gsm` varchar(45) NOT NULL,
  `handset` varchar(45) NOT NULL,
  `estado_handset` varchar(45) NOT NULL,
  `conector_gps` varchar(45) NOT NULL,
  `display_handset` varchar(45) NOT NULL,
  `botones_handset` varchar(45) NOT NULL,
  `carcasa_handset` varchar(45) NOT NULL,
  `porta_handset` varchar(45) NOT NULL,
  `visualizacion_sistema_gps` varchar(45) NOT NULL,
  `obs` varchar(800) NOT NULL,
  `fecha` datetime NOT NULL
) ENGINE=InnoDB DEFAULT CHARSET=utf8;

--
-- Volcado de datos para la tabla `geolocalizacion`
--

INSERT INTO `geolocalizacion` (`idgeolocalizacion`, `bus_idbus`, `instalacion_idinstalacion`, `usuario_idusuario`, `estado_operativo_gps`, `ubicacion`, `imei`, `numero_serie`, `codigo_gamlp`, `cod_gamlp`, `sim_card`, `numero_sim_card`, `numero_serie_sim_card`, `gps`, `gsm`, `handset`, `estado_handset`, `conector_gps`, `display_handset`, `botones_handset`, `carcasa_handset`, `porta_handset`, `visualizacion_sistema_gps`, `obs`, `fecha`) VALUES
(1, 111, 2, 6, 'Funciona', 'Conductor', '013949003242891', '41743120049', 'No tiene', '', 'Tiene', '69705987', '8959103000-323027974', 'Funciona', 'Funciona', 'Tiene', 'Funciona', 'Bien', 'Bien', 'Ilegibles', 'Bien', 'Tiene', 'Pulsos Constantes', '', '2017-09-20 14:18:00'),
(2, 119, 2, 6, 'Funciona', 'Conductor', '013949003367821', '41743120169', 'No tiene', '', 'Tiene', '69725182', '8959103000-323027453', 'Funciona', 'Funciona', 'Tiene', 'Funciona', 'Bien', 'Bien', 'Legibles', 'Bien', 'Reparado', 'Pulsos Constantes', '', '2017-09-21 09:58:00'),
(3, 127, 3, 18, 'Funciona', 'Conductor', '13949003250068', '41743120035', 'No tiene', '', 'Tiene', '69725222', '8959103000-323027479', 'Funciona', 'Funciona', 'Tiene', 'Funciona', 'Bien', 'Bien', 'Legibles', 'Bien', 'Tiene', 'Pulsos Constantes', 'con tapa de SIM', '2017-09-21 10:14:00'),
(4, 79, 3, 4, 'Funciona', 'Conductor', '13949003241869', '41743120192', 'No tiene', '', 'Tiene', '69729328', '8959103000-323027651', 'Funciona', 'Funciona', 'Tiene', 'Funciona', 'Bien', 'Bien', 'Legibles', 'Bien', 'Tiene', 'Pulsos Constantes', '', '2017-09-21 10:14:00'),
(5, 125, 3, 18, 'Funciona', 'Conductor', '13949003246959', '41743120093', 'No tiene', '', 'Tiene', '69712926', '8959103000-323097778', 'Funciona', 'Funciona', 'Tiene', 'Funciona', 'Bien', 'Bien', 'Legibles', 'Bien', 'Tiene', 'Pulsos Constantes', 'con tapa de SIM', '2017-09-21 10:17:00'),
(6, 114, 3, 4, 'Funciona', 'Puerta', '13949003242958', '41743120138', 'No tiene', '', 'Tiene', '69712758', '8959103000-323027800', 'Funciona', 'Funciona', 'Tiene', 'Funciona', 'Bien', 'Bien', 'Legibles', 'Bien', 'Tiene', 'Pulsos Constantes', '', '2017-09-21 10:17:00'),
(7, 101, 3, 18, 'Funciona', 'Conductor', '13949003237073', '41743120194', 'No tiene', '', 'Tiene', '69725211', '8959103000-323027461', 'Funciona', 'Funciona', 'Tiene', 'Funciona', 'Bien', 'Bien', 'Legibles', 'Bien', 'Tiene', 'Pulsos Constantes', 'con tapa de SIM', '2017-09-21 10:19:00'),
(8, 120, 3, 4, 'Funciona', 'Conductor', '13949003230896', '41743120143', 'No tiene', '', 'Tiene', '69704651', '8959103000-323028055', 'Funciona', 'Funciona', 'Tiene', 'Funciona', 'Bien', 'Bien', 'Legibles', 'Bien', 'Tiene', 'Pulsos Constantes', '', '2017-09-21 10:19:00'),
(9, 130, 3, 4, 'Funciona', 'Conductor', '13949003250795', '41743120260', 'No tiene', '', 'Tiene', '69728823', '8959103000-323027636', 'Funciona', 'Funciona', 'Tiene', 'Funciona', 'Bien', 'Bien', 'Legibles', 'Bien', 'Tiene', 'Pulsos Constantes', '', '2017-09-21 10:21:00'),
(10, 108, 3, 18, 'Funciona', 'Conductor', '13949003250035', '41743120023', 'No tiene', '', 'Tiene', '69725178', '8959103000-323027446', 'Funciona', 'Funciona', 'Tiene', 'Funciona', 'Bien', 'Bien', 'Legibles', 'Bien', 'Tiene', 'Pulsos Constantes', 'con tapa de SIM', '2017-09-21 10:22:00'),
(11, 84, 3, 4, 'Funciona', 'Conductor', '13949003232256', '41743120064', 'No tiene', '', 'Tiene', '69704946', '8959103000-323028030', 'Funciona', 'Funciona', 'Tiene', 'Funciona', 'Bien', 'Bien', 'Legibles', 'Bien', 'Tiene', 'Pulsos Constantes', '', '2017-09-21 10:24:00'),
(12, 129, 3, 18, 'Funciona', 'Conductor', '13949003232330', '41743120242', 'No tiene', '', 'Tiene', '69701619', '8959103000-323028121', 'Funciona', 'Funciona', 'Tiene', 'Funciona', 'Bien', 'Bien', 'Legibles', 'Bien', 'Tiene', 'Pulsos Constantes', 'sin tapa de SIM', '2017-09-21 10:24:00'),
(13, 102, 3, 4, 'Funciona', 'Conductor', '13949003367045', '41743120226', 'No tiene', '', 'Tiene', '69713593', '8959103000-323027701', 'Funciona', 'Funciona', 'Tiene', 'Funciona', 'Bien', 'Bien', 'Legibles', 'Bien', 'Tiene', 'Pulsos Constantes', '', '2017-09-21 10:26:00'),
(14, 128, 3, 18, 'Funciona', 'Conductor', '13949003338392', '41743120209', 'No tiene', '', 'Tiene', '69702215', '8959103000-323028097', 'Funciona', 'Funciona', 'Tiene', 'Funciona', 'Bien', 'Bien', 'Legibles', 'Bien', 'Tiene', 'Pulsos Constantes', 'sin tapa de SIM', '2017-09-21 10:26:00'),
(15, 66, 3, 4, 'Funciona', 'Conductor', '13949003230789', '41743120129', 'No tiene', '', 'Tiene', '69710548', '8959103000-323027883', 'Funciona', 'Funciona', 'Tiene', 'Funciona', 'Bien', 'Bien', 'Legibles', 'Mal', 'Tiene', 'Pulsos Constantes', 'Plástico Protector de Pantalla Quebrado ', '2017-09-21 10:30:00'),
(16, 22, 3, 18, 'No Funciona', 'Puerta', '13227001848427', '41735020618', 'Ilegible', '', 'Tiene', '69722272', '8959103000-234024599', 'Funciona', 'Funciona', 'No Tiene', 'No Funciona', 'No Tiene', 'No Tiene', 'No Tiene', 'Mal', 'Tiene', 'Sin Pulsos', 'GPS averiado no enciende ni carga batería, ultimo pulso el 21 de julio', '2017-09-21 10:32:00'),
(17, 62, 3, 18, 'Funciona', 'Conductor', '13949003230714', '41743120202', 'No tiene', '', 'Tiene', '69724416', '8959103000-323027420', 'Funciona', 'Funciona', 'Tiene', 'Funciona', 'Bien', 'Bien', 'Legibles', 'Bien', 'Tiene', 'Pulsos Constantes', 'sin tapa de SIM', '2017-09-21 10:34:00'),
(18, 82, 3, 18, 'Funciona', 'Conductor', '13949003250282', '41743120175', 'No tiene', '', 'Tiene', '69713497', ' 8959103000-323027719 ', 'Funciona', 'Funciona', 'Tiene', 'Funciona', 'Bien', 'Bien', 'Legibles', 'Bien', 'Tiene', 'Pulsos Intermitentes', 'bus parado en patio por mantenimiento', '2017-09-21 10:37:00'),
(19, 29, 2, 20, 'Funciona', 'Puerta', '013227001801970', '41735020015', 'Si Tiene Llena el Siguiente Cuadro', '10575-0000240', 'No tiene', '69722308', '895910300-0234024938', 'Funciona', 'Funciona', 'Tiene', 'Intermitencia', 'Reparado', 'Mal', 'Legibles', 'Bien', 'No Tiene', 'Pulsos Intermitentes', '', '2017-09-21 11:25:00'),
(20, 98, 3, 18, 'Funciona', 'Conductor', '13949003363135', '41743120157', 'No tiene', '', 'Tiene', '69701427', '8959103000-323028147', 'Funciona', 'Funciona', 'Tiene', 'Funciona', 'Bien', 'Bien', 'Legibles', 'Bien', 'Tiene', 'Pulsos Constantes', 'BUS PARADO EN PATIO POR MANTENIMIENTO', '2017-09-21 12:44:00'),
(21, 81, 3, 4, 'Funciona', 'Conductor', '13949003242883', '41743120091', 'No tiene', '', 'Tiene', '69705427', '8959103000-323028014', 'Funciona', 'Funciona', 'Tiene', 'Funciona', 'Bien', 'Bien', 'Legibles', 'Bien', 'Tiene', 'Pulsos Constantes', 'PARADO EN PATIO POR MANTENIMIENTO', '2017-09-21 13:47:00'),
(22, 131, 3, 16, 'Funciona', 'Conductor', '13949003226399', '41743120107', 'No tiene', '', 'Tiene', '69728087', '8959103000-323027586', 'Funciona', 'Funciona', 'Tiene', 'Funciona', 'Bien', 'Bien', 'Legibles', 'Bien', 'Tiene', 'Pulsos Constantes', 'BUS PARADO POR INCIDENTE (APEDREADO)', '2017-09-21 18:30:00'),
(23, 117, 5, 14, 'Funciona', 'Conductor', '013949003226928', '41743120200', 'No tiene', '', 'Tiene', '60708541', '8959103000323027958', 'Funciona', 'No Funciona', 'Tiene', 'Funciona', 'Bien', 'Bien', 'Legibles', 'Bien', 'Tiene', 'Pulsos Constantes', 'GSM  con problemas de antena ', '2017-09-22 03:02:00'),
(24, 46, 5, 14, 'Funciona', 'Puerta', '013227004988733', '41735020598', 'Si Tiene Llena el Siguiente Cuadro', '10575-0000229', 'Tiene', '69722313', '8959103000-234024987', 'Funciona', 'No Funciona', 'Tiene', 'Funciona', 'Bien', 'Bien', 'Legibles', 'Bien', 'Tiene', 'Pulsos Constantes', 'antena de gsm dañada', '2017-09-22 03:56:00'),
(25, 72, 5, 14, 'Funciona', 'Conductor', '013949003250720', '41743120006', 'No tiene', '', 'Tiene', '69709585', '8959103000323027925', 'Funciona', 'Funciona', 'Tiene', 'Funciona', 'Bien', 'Bien', 'Legibles', 'Bien', 'Tiene', 'Pulsos Constantes', '', '2017-09-22 04:01:00'),
(26, 109, 5, 14, 'Funciona', 'Conductor', '013949003250514', '41743120104', 'No tiene', '', 'Tiene', '69706365', '8959103000323027966', 'Funciona', 'Funciona', 'Tiene', 'Funciona', 'Bien', 'Bien', 'Legibles', 'Bien', 'Tiene', 'Pulsos Constantes', '', '2017-09-22 04:08:00'),
(27, 88, 5, 14, 'Funciona', 'Conductor', '013949003242792', '41743120061', 'No tiene', '', 'Tiene', '69711321', '8959103000323027875', 'Funciona', 'Funciona', 'Tiene', 'Funciona', 'Bien', 'Bien', 'Legibles', 'Bien', 'Tiene', 'Pulsos Constantes', '', '2017-09-22 05:11:00'),
(28, 19, 1, 14, 'Funciona', 'Conductor', '013227005596840', '41735020144', 'No tiene', '', 'Tiene', '69722275', '8959103000234024623', 'Funciona', 'Funciona', 'Tiene', 'Funciona', 'Bien', 'Bien', 'Legibles', 'Bien', 'Tiene', 'Pulsos Constantes', '', '2017-09-22 05:37:00'),
(29, 60, 2, 19, 'Funciona', 'Puerta', '013227005434273', '41735020546', 'Si Tiene Llena el Siguiente Cuadro', '10575-0000246', 'Tiene', '69722319', '8959103000-234129885', 'No Funciona', 'Funciona', 'No Tiene', 'No Funciona', 'No Tiene', 'No Tiene', 'No Tiene', 'Mal', 'Tiene', 'Sin Pulsos', 'bus parado por mantenimiento. no cuenta con heandset , no cuenta con energia.', '2017-09-22 10:03:00'),
(30, 68, 5, 14, 'Funciona', 'Conductor', '013949003308296', '41743120150', 'Ilegible', '', 'Tiene', '69710258', '8959103000323027909', 'Funciona', 'Funciona', 'Tiene', 'Funciona', 'Bien', 'Bien', 'Legibles', 'Bien', 'Tiene', 'Pulsos Constantes', '', '2017-09-22 10:56:00'),
(31, 38, 2, 19, 'Funciona', 'Puerta', '013227005036094', '41735020391', 'Ilegible', '', 'Tiene', '69722289', '8959103000-234024748', 'Funciona', 'Funciona', 'Tiene', 'Funciona', 'Bien', 'Bien', 'Legibles', 'Bien', 'Tiene', 'Pulsos Constantes', 'BUS PARADO POR MT EN PATIO', '2017-09-22 11:21:00'),
(32, 14, 5, 14, 'Funciona', 'Puerta', '013227005463280', '41735020065', 'Ilegible', '10575-0000282', 'Tiene', '69722270', '895910300-0234024573', 'Funciona', 'Funciona', 'Tiene', 'Funciona', 'Bien', 'Bien', 'Legibles', 'Bien', 'Tiene', 'Pulsos Constantes', '', '2017-09-22 11:41:00'),
(33, 23, 2, 20, 'Funciona', 'Puerta', '013227005593052', '41735020418', 'Si Tiene Llena el Siguiente Cuadro', '10575-0000258', 'Tiene', '69722287', '8959103000-234024722', 'Funciona', 'Funciona', 'No Tiene', 'No Funciona', 'No Tiene', 'No Tiene', 'No Tiene', 'Mal', 'Tiene', 'Pulsos Constantes', 'BUS PARADO POR MANTENIMIENTO', '2017-09-22 12:06:00'),
(34, 135, 5, 14, 'Funciona', 'Conductor', '013227001824519', '', 'No tiene', '', 'Tiene', '69732255', '8959103000323027362', 'Funciona', 'Funciona', 'Tiene', 'Funciona', 'Bien', 'Bien', 'Legibles', 'Bien', 'Tiene', 'Pulsos Constantes', '', '2017-09-22 12:42:00'),
(35, 30, 2, 6, 'Funciona', 'Puerta', '013227005498773', '41735020061', 'Si Tiene Llena el Siguiente Cuadro', '10575-0000267', 'Tiene', '', '8959103000-323032081', 'Funciona', 'Funciona', 'Tiene', 'Funciona', 'Bien', 'Bien', 'Legibles', 'Bien', 'Tiene', 'Pulsos Constantes', 'BUS PARADO EN PATIO POR MT', '2017-09-22 14:55:00'),
(36, 2, 2, 6, 'Funciona', 'Puerta', '013227005573427', '41735020092', 'Si Tiene Llena el Siguiente Cuadro', '10575-0000222', 'Tiene', '69722291', '8959103000-234024763', 'Funciona', 'Funciona', 'Tiene', 'Funciona', 'Bien', 'Bien', 'Legibles', 'Bien', 'Tiene', 'Pulsos Constantes', 'BUS PARADO EN PATIO POR MT', '2017-09-22 16:12:00'),
(37, 21, 6, 9, 'Funciona', 'Puerta', '013227005439504', '', 'Si Tiene Llena el Siguiente Cuadro', '10575-0000244', 'Tiene', '', '0234024870', 'Funciona', 'Funciona', 'Tiene', 'Funciona', 'Bien', 'Bien', 'Legibles', 'Bien', 'Tiene', 'Pulsos Constantes', 'no cuenta con saldo para verficar linea, no se nota la serie del gps mvt600', '2017-09-23 07:10:00'),
(38, 56, 1, 17, 'Funciona', 'Puerta', '013227005492040', '41735020567', 'Ilegible', '', 'Tiene', '69722277', '8959103000234024649', 'Funciona', 'Funciona', 'Tiene', 'Funciona', 'Bien', 'Bien', 'Legibles', 'Bien', 'Tiene', 'Pulsos Constantes', 'No hay la tapa se sim de GPS', '2017-09-23 07:43:00'),
(39, 28, 2, 6, 'Funciona', 'Puerta', '013227001851801', '41735020136', 'Ilegible', '', 'Tiene', '69722310', '8959103000-2234024953', 'Funciona', 'Funciona', 'Tiene', 'Funciona', 'Bien', 'Bien', 'Legibles', 'Bien', 'Reparado', 'Pulsos Constantes', '', '2017-09-23 07:46:00'),
(40, 5, 2, 20, 'Funciona', 'Puerta', '013227005036847', '41735020417', 'Si Tiene Llena el Siguiente Cuadro', '10575-0000225', 'Tiene', '69722294', '8959103000-234024797', 'Funciona', 'Funciona', 'Tiene', 'Funciona', 'Reparado', 'Bien', 'Legibles', 'Bien', 'Tiene', 'Pulsos Constantes', '', '2017-09-23 08:46:00'),
(41, 33, 2, 19, 'Funciona', 'Puerta', '013227005596857', '41735020569', 'Si Tiene Llena el Siguiente Cuadro', '10575-0000224', 'Tiene', '69722292', '8959103000-234024771', 'Funciona', 'Funciona', 'Tiene', 'Funciona', 'Bien', 'Bien', 'Legibles', 'Bien', 'Tiene', 'Pulsos Constantes', '', '2017-09-23 08:54:00'),
(42, 91, 2, 19, 'Funciona', 'Conductor', '013949003308627', '41743120247', 'No tiene', '', 'Tiene', '69711902', '8959103000-3230278', 'Funciona', 'Funciona', 'Tiene', 'Funciona', 'Bien', 'Bien', 'Legibles', 'Bien', 'Tiene', 'Pulsos Constantes', '', '2017-09-23 09:31:00'),
(43, 32, 2, 6, 'Funciona', 'Puerta', '013227005019553', '41735020239', 'Si Tiene Llena el Siguiente Cuadro', '10575-0000257', 'Tiene', '69722360', '895910300-0234024854', 'Funciona', 'Funciona', 'Tiene', 'Funciona', 'Bien', 'Bien', 'Legibles', 'Bien', 'Tiene', 'Pulsos Constantes', '', '2017-09-23 09:54:00'),
(44, 70, 6, 9, 'Funciona', 'Conductor', '013949003242586', '', 'Ilegible', '', 'Tiene', '69712862', '323027784', 'Funciona', 'Funciona', 'Tiene', 'Funciona', 'Bien', 'Bien', 'Legibles', 'Bien', 'Reparado', 'Pulsos Constantes', 'tiene colado el protector de pantalla', '2017-09-23 10:38:00'),
(45, 51, 2, 6, 'No Tiene', 'Puerta', '', '', 'No tiene', '', 'No tiene', '', '', 'Funciona', 'Funciona', 'Tiene', 'No Funciona', 'Bien', 'Bien', 'Legibles', 'Bien', 'Tiene', 'Sin Pulsos', '', '2017-09-23 10:55:00'),
(46, 55, 1, 17, 'Funciona', 'Puerta', '013227001846298', '41735020414', 'Ilegible', '', 'Tiene', '69722305', '8959103000234024904', 'Funciona', 'Funciona', 'Tiene', 'Funciona', 'Bien', 'Bien', 'Legibles', 'Bien', 'Tiene', 'Pulsos Constantes', 'El modulo gps no cuenta con la tapa ni el tornillo del seguro de la tapa', '2017-09-23 11:09:00'),
(48, 90, 2, 19, 'Funciona', 'Conductor', '013949003242719', '41743120022', 'No tiene', '', 'Tiene', '69708752', '8959103000-323027933', 'Funciona', 'Funciona', 'Tiene', 'Funciona', 'Bien', 'Bien', 'Legibles', 'Bien', 'Tiene', 'Pulsos Constantes', '', '2017-09-23 11:32:00'),
(49, 53, 1, 17, 'Funciona', 'Puerta', '013227005530708', '41735020568', 'Si Tiene Llena el Siguiente Cuadro', '10575-0000272', 'Tiene', '69722276', '8959103000234024631', 'Funciona', 'Funciona', 'Tiene', 'Funciona', 'Reparado', 'Bien', 'Legibles', 'Bien', 'Tiene', 'Pulsos Constantes', 'Modulo gps completo', '2017-09-23 12:09:00'),
(50, 44, 2, 19, 'Funciona', 'Puerta', '013227005019629', '41735020396', 'No tiene', '', 'Tiene', '69722298', '8959103000-234024839', 'Funciona', 'Funciona', 'Tiene', 'Funciona', 'Bien', 'Bien', 'Legibles', 'Bien', 'Tiene', 'Pulsos Constantes', '', '2017-09-23 12:19:00'),
(51, 13, 2, 20, 'Funciona', 'Puerta', '013227005504281', '41735020132', 'No tiene', '', 'Tiene', '69722323', '895910300-0234129851', 'Funciona', 'Funciona', 'Tiene', 'Funciona', 'Bien', 'Bien', 'Legibles', 'Bien', 'Reparado', 'Pulsos Constantes', '', '2017-09-23 13:37:00'),
(52, 47, 8, 11, 'Funciona', 'Puerta', '013227005036540', '41735020128', 'Si Tiene Llena el Siguiente Cuadro', '10575-0000247', 'Tiene', '69722306', '8959103000-234024912', 'Funciona', 'Funciona', 'Tiene', 'Funciona', 'Bien', 'Bien', 'Legibles', 'Bien', 'Tiene', 'Pulsos Constantes', 'NO TIENE TAPA DE SIM.', '2017-09-23 18:28:00'),
(53, 3, 8, 11, 'Funciona', 'Puerta', '013227005038884', '41735020131', 'Si Tiene Llena el Siguiente Cuadro', '10575-0000242', 'Tiene', '69722288', '895910300-0234024730', 'Funciona', 'Funciona', 'Tiene', 'Funciona', 'Bien', 'Bien', 'Legibles', 'Mal', 'Tiene', 'Pulsos Constantes', 'NO TIENE TAPA DE SIM, CARCASA QUEBRADA ALTURA DISPLAY.', '2017-09-23 18:41:00'),
(54, 4, 8, 11, 'Funciona', 'Puerta', '013227005037795', '41735020115', 'Si Tiene Llena el Siguiente Cuadro', '10575-0000239', 'Tiene', '69722304', '895910300-0234024896', 'Funciona', 'Funciona', 'Tiene', 'Funciona', 'Reparado', 'Bien', 'Legibles', 'Bien', 'Tiene', 'Pulsos Constantes', 'NO TIENE TAPA PARA SIM.', '2017-09-23 19:01:00'),
(55, 16, 8, 11, 'Funciona', 'Puerta', '013227004982843', '41735020432', 'Si Tiene Llena el Siguiente Cuadro', '10575-0000237', 'Tiene', '69722301', '895910300-0234024862', 'Funciona', 'Funciona', 'Tiene', 'Funciona', 'Bien', 'Bien', 'Legibles', 'Bien', 'Tiene', 'Pulsos Constantes', 'NO TIENE TAPA PARA SIM.', '2017-09-23 19:16:00'),
(56, 15, 8, 11, 'Funciona', 'Puerta', '013227005578871', '41735020607', 'Si Tiene Llena el Siguiente Cuadro', '10575-0000230', 'Tiene', '69722314', '895910300-0234024995', 'Funciona', 'Funciona', 'Tiene', 'Funciona', 'Bien', 'Bien', 'Legibles', 'Bien', 'Tiene', 'Pulsos Constantes', 'NO TIENE TAPARA PARA SIM.', '2017-09-23 19:28:00'),
(57, 40, 8, 11, 'Funciona', 'Puerta', '013227005495886', '41735020289', 'Si Tiene Llena el Siguiente Cuadro', '10575-0000266', 'Tiene', '69722311', '895910300-0234024961', 'Funciona', 'Funciona', 'Tiene', 'Funciona', 'Bien', 'Bien', 'Legibles', 'Bien', 'Tiene', 'Pulsos Constantes', '', '2017-09-23 19:54:00'),
(58, 115, 1, 3, 'Funciona', 'Conductor', '013949003230672', '41743120114', 'No tiene', '', 'Tiene', '69710442', '8959103000323027891', 'Funciona', 'Funciona', 'Tiene', 'Funciona', 'Bien', 'Bien', 'Legibles', 'Bien', 'Tiene', 'Pulsos Constantes', '', '2017-09-24 06:56:00'),
(59, 140, 1, 3, 'Funciona', 'Conductor', '012896001087110', '44453220274', 'Ilegible', '', 'Tiene', '69713090', '8959103000323027396', 'Funciona', 'Funciona', 'Tiene', 'Funciona', 'Bien', 'Bien', 'Legibles', 'Bien', 'Tiene', 'Pulsos Constantes', 'Antena gps conector roto pero funciona', '2017-09-24 07:13:00'),
(60, 87, 3, 4, 'Funciona', 'Conductor', '013949003250415', '41743120116', 'No tiene', '', 'Tiene', '69726547', '8959103000-323027545', 'Funciona', 'Funciona', 'Tiene', 'Funciona', 'Bien', 'Bien', 'Legibles', 'Bien', 'Tiene', 'Pulsos Constantes', '', '2017-09-24 07:37:00'),
(61, 58, 1, 3, 'Funciona', 'Conductor', '', '41735020375', 'Si Tiene Llena el Siguiente Cuadro', '10575-0000255', 'Tiene', '69722324', '8959103000234129844', 'Funciona', 'Funciona', 'Tiene', 'Funciona', 'Bien', 'Bien', 'Legibles', 'Bien', 'Reparado', 'Pulsos Constantes', 'Imei ilegible', '2017-09-24 07:38:00'),
(62, 67, 1, 3, 'Funciona', 'Conductor', '013949003245449', '41743120243', 'Ilegible', '', 'Tiene', '69727712', '8959103000323027578', 'Funciona', 'Funciona', 'Tiene', 'Funciona', 'Bien', 'Bien', 'Legibles', 'Bien', 'Reparado', 'Pulsos Constantes', '', '2017-09-24 07:51:00'),
(63, 96, 1, 3, 'Funciona', 'Conductor', '013949003242776', '', 'Ilegible', '', 'Tiene', '69713225', '8959103000323027743', 'Funciona', 'Funciona', 'Tiene', 'Funciona', 'Bien', 'Bien', 'Legibles', 'Bien', 'Tiene', 'Pulsos Constantes', '', '2017-09-24 08:03:00'),
(64, 93, 1, 3, 'Funciona', 'Conductor', '013949003353391', '41743120172', 'No tiene', '', 'Tiene', '69730675', '8959103000323027685', 'Funciona', 'Funciona', 'Tiene', 'Funciona', 'Bien', 'Bien', 'Legibles', 'Bien', 'Tiene', 'Pulsos Constantes', '', '2017-09-24 08:13:00'),
(65, 123, 1, 3, 'Funciona', 'Conductor', '013949003241299', '41743120062', 'No tiene', '', 'Tiene', '69701693', '8959103000323028113', 'Funciona', 'Funciona', 'Tiene', 'Funciona', 'Bien', 'Bien', 'Legibles', 'Bien', 'Tiene', 'Pulsos Constantes', 'Sin tapa de gps', '2017-09-24 08:28:00'),
(66, 132, 1, 3, 'Funciona', 'Conductor', '013949003226910', '41743120195', 'No tiene', '', 'Tiene', '69729903', '8959103000323027677', 'Funciona', 'Funciona', 'Tiene', 'Funciona', 'Bien', 'Bien', 'Legibles', 'Bien', 'Tiene', 'Pulsos Constantes', 'Sin tapa de sim de gps', '2017-09-24 08:43:00'),
(67, 83, 1, 3, 'Funciona', 'Conductor', '013949003230532', '41743120085', 'No tiene', '', 'Tiene', '69705924', '8959103000323027982', 'Funciona', 'Funciona', 'Tiene', 'Funciona', 'Bien', 'Bien', 'Legibles', 'Bien', 'Reparado', 'Pulsos Constantes', 'Sin tapa de sim de gps', '2017-09-24 09:01:00'),
(68, 1, 1, 3, 'Funciona', 'Puerta', '013227005557339', '41735020267', 'Ilegible', '', 'Tiene', '69722287', '8959103000234024698', 'Funciona', 'Funciona', 'Tiene', 'No Funciona', 'Bien', 'Bien', 'Legibles', 'Bien', 'Reparado', 'Pulsos Intermitentes', '', '2017-09-24 09:23:00'),
(69, 35, 5, 1, 'Funciona', 'Puerta', '013227005591882', '41735020073', 'Si Tiene Llena el Siguiente Cuadro', '10575-0000256', 'Tiene', '69722281', '8959103000-234024680', 'Funciona', 'Funciona', 'Tiene', 'Funciona', 'Bien', 'Bien', 'Legibles', 'Bien', 'Tiene', 'Pulsos Constantes', '', '2017-09-24 09:45:00'),
(70, 59, 1, 3, 'Funciona', 'Conductor', '013227005001650', '41735020572', 'Ilegible', '', 'Tiene', '69722326', '8959103000234129828', 'Funciona', 'Funciona', 'Tiene', 'Funciona', 'Bien', 'Bien', 'Legibles', 'Bien', 'Tiene', 'Pulsos Constantes', '', '2017-09-24 09:46:00'),
(71, 63, 1, 3, 'Funciona', 'Conductor', '013949003242768', '41743120021', 'No tiene', '', 'Tiene', '69729855', '8959103000323027669', 'Funciona', 'Funciona', 'Tiene', 'Funciona', 'Bien', 'Bien', 'Legibles', 'Bien', 'Tiene', 'Pulsos Constantes', '', '2017-09-24 09:58:00'),
(72, 54, 5, 1, 'Funciona', 'Puerta', '013227005042761', '41735020288', 'Ilegible', '10575-0000271', 'Tiene', '69722265', '895910300-0234024524', 'Funciona', 'Funciona', 'Tiene', 'Funciona', 'Bien', 'Bien', 'Legibles', 'Bien', 'Tiene', 'Pulsos Constantes', '', '2017-09-24 10:44:00'),
(73, 41, 1, 3, 'Funciona', 'Puerta', '013227005494764', '41735020550', 'Si Tiene Llena el Siguiente Cuadro', '10575-0000252', 'Tiene', '69722325', '8959103000234129836', 'Funciona', 'Funciona', 'Tiene', 'Funciona', 'Bien', 'Bien', 'Legibles', 'Bien', 'Tiene', 'Pulsos Constantes', '', '2017-09-24 10:50:00'),
(74, 6, 2, 20, 'Funciona', 'Puerta', '', '41735020390', 'Si Tiene Llena el Siguiente Cuadro', '10575-0000273', 'Tiene', '69722295', '8959103000-0234024805', 'Funciona', 'Funciona', 'Tiene', 'Funciona', 'Bien', 'Bien', 'Legibles', 'Bien', 'Tiene', 'Pulsos Constantes', '', '2017-09-24 11:02:00'),
(75, 45, 4, 5, 'Funciona', 'Puerta', '866771027167674', '44460220227', 'Si Tiene Llena el Siguiente Cuadro', '10575-0000322', 'Tiene', '69722280', '8959103000-323031984', 'Funciona', 'Funciona', 'Tiene', 'Funciona', 'Bien', 'Bien', 'Legibles', 'Bien', 'Reparado', 'Pulsos Constantes', 'No tiene tapa de protección de SIM', '2017-09-24 11:09:00'),
(76, 137, 1, 3, 'Funciona', 'Conductor', '013227005481621', '', 'No tiene', '', 'Tiene', '69712632', '8959103000323027818', 'Funciona', 'Funciona', 'Tiene', 'Funciona', 'Bien', 'Bien', 'Legibles', 'Bien', 'Tiene', 'Pulsos Constantes', 'No tiene numero de serie de gps', '2017-09-24 11:21:00'),
(77, 9, 2, 20, 'Funciona', 'Puerta', '866771027169738', '44460220179', 'Si Tiene Llena el Siguiente Cuadro', '10575-0000319', 'No tiene', '', '', 'Funciona', 'Funciona', 'Tiene', 'No Funciona', 'Reparado', 'Bien', 'Legibles', 'Bien', 'Tiene', 'Sin Pulsos', '', '2017-09-24 11:39:00'),
(78, 76, 1, 3, 'Funciona', 'Conductor', '013949003230367', '41743120078', 'No tiene', '', 'Tiene', '69725925', '8959103000323027503', 'Funciona', 'Funciona', 'Tiene', 'Funciona', 'Bien', 'Bien', 'Legibles', 'Bien', 'Tiene', 'Pulsos Constantes', '', '2017-09-24 11:45:00'),
(79, 61, 1, 3, 'Funciona', 'Puerta', '013227005050699', '41735020552', 'Si Tiene Llena el Siguiente Cuadro', '10575-0000276', 'Tiene', '69722279', '8959103000234024664', 'Funciona', 'Funciona', 'Tiene', 'No Funciona', 'Mal', 'Bien', 'Legibles', 'Mal', 'Tiene', 'Pulsos Constantes', 'Sin pantalla de hadset', '2017-09-24 11:53:00'),
(80, 48, 2, 19, 'Funciona', 'Puerta', '013227005037449', '41735020274', 'Si Tiene Llena el Siguiente Cuadro', '10575-0000233', 'Tiene', '', '8959103000-234024516', 'Funciona', 'Funciona', 'Tiene', 'Funciona', 'Bien', 'Bien', 'Legibles', 'Bien', 'Tiene', 'Pulsos Constantes', '', '2017-09-24 12:24:00'),
(92, 69, 6, 11, 'Funciona', 'Conductor', '013949003229906', '41743120037', 'No tiene', '', 'Tiene', '69704652', '8959103000-323028048', 'Funciona', 'Funciona', 'Tiene', 'Funciona', 'Bien', 'Bien', 'Legibles', 'Bien', 'Tiene', 'Pulsos Constantes', '', '2017-09-24 13:26:00'),
(93, 113, 1, 3, 'Funciona', 'Conductor', '013949003370734', '41743120207', 'No tiene', '', 'Tiene', '69725794', '8959103000323027495', 'Funciona', 'Funciona', 'Tiene', 'Funciona', 'Bien', 'Bien', 'Legibles', 'Bien', 'Tiene', 'Pulsos Constantes', '', '2017-09-24 13:44:00'),
(94, 75, 1, 3, 'Funciona', 'Conductor', '013949003335521', '41743120214', 'Ilegible', '', 'Tiene', '69709871', '8959103000323027917', 'Funciona', 'Funciona', 'Tiene', 'Funciona', 'Bien', 'Bien', 'Legibles', 'Bien', 'Reparado', 'Pulsos Constantes', '', '2017-09-24 13:55:00'),
(95, 92, 1, 3, 'Funciona', 'Conductor', '013949003310649', '41743120153', 'No tiene', '', 'Tiene', '69728535', '8959103000323027594', 'Funciona', 'Funciona', 'Tiene', 'Funciona', 'Bien', 'Bien', 'Legibles', 'Bien', 'Tiene', 'Pulsos Constantes', '', '2017-09-24 14:48:00'),
(96, 138, 3, 4, 'Funciona', 'Conductor', '13777001176751', '44453220370', 'No tiene', '', 'Tiene', '69712080', '8959103000-323027842', 'Funciona', 'Funciona', 'Tiene', 'Funciona', 'Bien', 'Bien', 'Legibles', 'Bien', 'Tiene', 'Sin Pulsos', 'Bus parado por mantenimiento, batería de gps completamente descargada', '2017-09-24 15:01:00'),
(97, 110, 1, 3, 'Funciona', 'Conductor', '013949003246967', '41743120098', 'No tiene', '', 'Tiene', '69713090', '8959103000323027768', 'Funciona', 'Funciona', 'Tiene', 'Funciona', 'Bien', 'Bien', 'Legibles', 'Bien', 'Tiene', 'Pulsos Constantes', '', '2017-09-24 15:06:00'),
(98, 139, 3, 4, 'Funciona', 'Conductor', '12896005629479', '', 'No tiene', '', 'Tiene', '69712851', '8959103000-323027792', 'Funciona', 'Funciona', 'Tiene', 'Funciona', 'Bien', 'Bien', 'Legibles', 'Bien', 'Tiene', 'Sin Pulsos', 'BUS PARADO POR MANTENIMIENTO, BATERIA DE GPS DESCARGADA', '2017-09-24 15:17:00'),
(99, 124, 1, 3, 'Funciona', 'Conductor', '013949003246736', '41743120111', 'No tiene', '', 'Tiene', '69712307', '8959103000323027834', 'Funciona', 'Funciona', 'Tiene', 'Funciona', 'Bien', 'Bien', 'Legibles', 'Bien', 'Tiene', 'Pulsos Constantes', '', '2017-09-24 15:38:00'),
(100, 105, 3, 4, 'Funciona', 'Conductor', '13949003241893', '41743120197', 'No tiene', '', 'Tiene', '69730685', '8959103000-323027693', 'Funciona', 'Funciona', 'Tiene', 'Funciona', 'Bien', 'Bien', 'Legibles', 'Bien', 'Tiene', 'Pulsos Intermitentes', 'BUS PARADO EN PATIO POR MANTENIMEINTO', '2017-09-24 16:01:00'),
(101, 85, 3, 4, 'Funciona', 'Conductor', '', '', 'Ilegible', '', 'Tiene', '', '', 'Funciona', 'Funciona', 'Tiene', 'Funciona', 'Bien', 'Bien', 'Legibles', 'Bien', 'Tiene', 'Pulsos Constantes', '', '2017-09-24 16:17:00'),
(102, 10, 3, 4, 'Funciona', 'Puerta', '013227005487198', '41735020112', 'Ilegible', '', 'Tiene', '69722303', '8959103000-234024888', 'Funciona', 'Funciona', 'Tiene', 'Funciona', 'Bien', 'Bien', 'Legibles', 'Bien', 'Tiene', 'Sin Pulsos', 'BUS PARADO EN PATIO POR INCIDENTE (APEDREADO) / BATERIA DE GPS COMPLETAMENTE DESCARGADA', '2017-09-24 16:32:00'),
(103, 80, 3, 4, 'Funciona', 'Conductor', '013949003351486', '41743120261', 'No tiene', '', 'Tiene', '69711622', '8959103000-323027867', 'Funciona', 'Funciona', 'Tiene', 'Funciona', 'Bien', 'Bien', 'Legibles', 'Bien', 'Tiene', 'Pulsos Intermitentes', '', '2017-09-24 17:04:00'),
(104, 20, 1, 3, 'Funciona', 'Puerta', '013227004999714', '41735020420', 'Si Tiene Llena el Siguiente Cuadro', '10575-0000279', 'Tiene', '69722296', '8959103000234024813', 'Funciona', 'Funciona', 'Tiene', 'No Funciona', 'Mal', 'Bien', 'Legibles', 'Bien', 'Tiene', 'Pulsos Constantes', 'Bus parado por mt', '2017-09-24 17:17:00'),
(105, 39, 1, 3, 'Funciona', 'Puerta', '013227004992602', '41735020599', 'Si Tiene Llena el Siguiente Cuadro', '10575-0000226', 'Tiene', '69722278', '89591030000234024656', 'Funciona', 'Funciona', 'Tiene', 'Funciona', 'Reparado', 'Bien', 'Legibles', 'Bien', 'Tiene', 'Pulsos Constantes', 'Parado por mt', '2017-09-24 17:22:00'),
(106, 43, 1, 3, 'Funciona', 'Puerta', '013227004993907', '41735020213', 'Si Tiene Llena el Siguiente Cuadro', '10575-0000254', 'Tiene', '69722293', '8959103000234024789', 'Funciona', 'Funciona', 'Tiene', 'No Funciona', 'No Tiene', 'Bien', 'Legibles', 'Bien', 'Tiene', 'Pulsos Constantes', 'Bus parado por mt', '2017-09-24 17:31:00'),
(107, 24, 4, 10, 'No Funciona', 'Puerta', '013227004324541', '41735020209', 'Si Tiene Llena el Siguiente Cuadro', '10575-0000228', 'Tiene', '69722312', '8959103000-234024979', 'No Funciona', 'No Funciona', 'Tiene', 'No Funciona', 'Mal', 'Bien', 'Legibles', 'Bien', 'Tiene', 'Sin Pulsos', 'BUS PARADO POR MANTENIMIENTO', '2017-09-24 17:36:00'),
(108, 25, 1, 3, 'Funciona', 'Puerta', '013227005572304', '41735020416', 'Si Tiene Llena el Siguiente Cuadro', '10575-0000259', 'Tiene', '69722299', '89591030000234024847', 'Funciona', 'Funciona', 'Tiene', 'Funciona', 'Bien', 'Bien', 'Legibles', 'Bien', 'Tiene', 'Pulsos Constantes', ' Bus parado por mt', '2017-09-24 17:38:00'),
(109, 42, 1, 6, 'Funciona', 'Puerta', '013227005492016', '41735020530', 'Si Tiene Llena el Siguiente Cuadro', '10575-0000250', 'Tiene', '69722320', '8959103000-234129877', 'Funciona', 'Funciona', 'Tiene', 'Funciona', 'Bien', 'Bien', 'Legibles', 'Bien', 'Tiene', 'Pulsos Constantes', '', '2017-09-24 17:43:00'),
(110, 11, 1, 3, 'Funciona', 'Puerta', '013227005022110', '41735020389', 'Si Tiene Llena el Siguiente Cuadro', '10575-0000274', 'Tiene', '69722284', '89591030000234024714', 'Funciona', 'Funciona', 'Tiene', 'No Funciona', 'Mal', 'Bien', 'Legibles', 'Bien', 'Tiene', 'Pulsos Constantes', 'Bus parado por mt', '2017-09-24 17:44:00'),
(111, 141, 1, 3, 'Funciona', 'Conductor', '013226005357559', '44453220436', 'No tiene', '', 'Tiene', '69722296', '89591030000323028154', 'Funciona', 'Funciona', 'Tiene', 'Funciona', 'Bien', 'Bien', 'Legibles', 'Bien', 'Tiene', 'Pulsos Constantes', 'Bus parado por mt', '2017-09-24 17:48:00'),
(112, 17, 1, 3, 'Funciona', 'Puerta', '886771027160638', '', 'No tiene', '', 'Tiene', '69722318', '89591030000234129893', 'Funciona', 'Funciona', 'Tiene', 'Funciona', 'No Tiene', 'Bien', 'Legibles', 'Bien', 'Tiene', 'Pulsos Constantes', 'Bus paradp por mt, no tiene njmero de serie', '2017-09-24 18:07:00'),
(113, 12, 1, 3, 'Funciona', 'Puerta', '013227005449792', '41735020188', 'Si Tiene Llena el Siguiente Cuadro', '10575-0000223', 'Tiene', '69722283', '895910300-0308710032', 'Funciona', 'Funciona', 'Tiene', 'Funciona', 'Bien', 'Bien', 'Legibles', 'Bien', 'Tiene', 'Pulsos Constantes', 'Bus parado por mt', '2017-09-24 18:25:00'),
(114, 8, 4, 10, 'Funciona', 'Puerta', '013227005463314', '41735020215', 'Si Tiene Llena el Siguiente Cuadro', '10575-0000253', 'Tiene', '69722309', '8959103000-234024946', 'Funciona', 'Funciona', 'Tiene', 'Funciona', 'Bien', 'Bien', 'Legibles', 'Bien', 'Reparado', 'Pulsos Constantes', '', '2017-09-24 18:26:00'),
(115, 27, 1, 3, 'Funciona', 'Puerta', '013227005040534', '41i35020064', 'Ilegible', '', 'Tiene', '69722307', '8959103000-234024920', 'Funciona', 'Funciona', 'Tiene', 'Funciona', 'Bien', 'Bien', 'Legibles', 'Bien', 'Tiene', 'Pulsos Constantes', 'Parado por mt', '2017-09-24 18:33:00'),
(116, 57, 1, 3, 'Funciona', 'Puerta', '013227005498864', '41735020561', 'Ilegible', '', 'Tiene', '69722274', '895910300-0308710032', 'Funciona', 'Funciona', 'Tiene', 'Funciona', 'Bien', 'Bien', 'Legibles', 'Bien', 'Tiene', 'Pulsos Constantes', 'Bus parado por mt', '2017-09-24 18:40:00'),
(117, 49, 1, 3, 'Funciona', 'Puerta', '013227005430644', '41735020081', 'Si Tiene Llena el Siguiente Cuadro', '10575-0000251', 'Tiene', '69722317', '8959103000234129901', 'Funciona', 'Funciona', 'Tiene', 'Funciona', 'Bien', 'Bien', 'Legibles', 'Bien', 'Tiene', 'Pulsos Constantes', '', '2017-09-24 18:45:00'),
(118, 64, 1, 3, 'Funciona', 'Conductor', '013949003245324', '41743120230', 'No tiene', '', 'Tiene', '69713411', '8959103000323493564', 'Funciona', 'Funciona', 'Tiene', 'Funciona', 'Bien', 'Bien', 'Legibles', 'Bien', 'Tiene', 'Pulsos Constantes', '', '2017-09-24 18:53:00'),
(119, 50, 8, 11, 'Funciona', 'Puerta', '013227001858970', '41735020087', 'Ilegible', '', 'Tiene', '69722316', '895910300-0234129919', 'Funciona', 'Funciona', 'Tiene', 'Funciona', 'Bien', 'Bien', 'Legibles', 'Bien', 'Tiene', 'Pulsos Constantes', '', '2017-09-24 21:56:00'),
(120, 103, 6, 9, 'Funciona', 'Conductor', '013949003245936', '', 'Ilegible', '', 'Tiene', '69704359', '323028063', 'Funciona', 'Funciona', 'Tiene', 'Funciona', 'Bien', 'Bien', 'Legibles', 'Bien', 'Tiene', 'Pulsos Constantes', 'sin tapa ptotectora en gps descubierto sim pero funcional', '2017-09-25 07:00:00'),
(121, 34, 4, 5, 'Funciona', 'Puerta', '013227005489624', '41735020590', 'Si Tiene Llena el Siguiente Cuadro', '10575-0000261', 'Tiene', '69722269', '8959103000-234024565', 'Funciona', 'Funciona', 'Tiene', 'Funciona', 'Bien', 'Bien', 'Legibles', 'Bien', 'Tiene', 'Pulsos Constantes', '', '2017-09-25 07:09:00'),
(122, 121, 4, 10, 'No Funciona', 'Conductor', '013949003227140', '41743120033', 'No tiene', '', 'Tiene', '69712545', '8959103000-323027826', 'No Funciona', 'Funciona', 'Tiene', 'Funciona', 'Bien', 'Bien', 'Legibles', 'Bien', 'Tiene', 'Sin Pulsos', 'GPS con problemas al mandar pulsos a la pagina.', '2017-09-25 09:59:00'),
(123, 78, 5, 14, 'No Funciona', 'Conductor', '013949003338368', '41743120213', 'No tiene', '', 'Tiene', '69708549', '8959103000323027941', 'No Funciona', 'No Funciona', 'Tiene', 'Funciona', 'Bien', 'Bien', 'Legibles', 'Bien', 'Tiene', 'Sin Pulsos', 'no tiene tapa protectora de SIM en gps.\r\nno se pudo sacar Numero de SIM  ya q', '2017-09-25 10:21:00'),
(124, 94, 3, 19, 'Funciona', 'Conductor', '013949003230805', '41743120133', 'No tiene', '', 'Tiene', '69713208', '8959103000323027750', 'Funciona', 'Funciona', 'Tiene', 'Funciona', 'Bien', 'Bien', 'Legibles', 'Bien', 'Tiene', 'Pulsos Constantes', '', '2017-09-25 10:27:00'),
(125, 134, 3, 19, 'Funciona', 'Conductor', '013949003241083', '41743120180', 'No tiene', '', 'Tiene', '69724375', '8959103000323027412', 'Funciona', 'Funciona', 'Tiene', 'Funciona', 'Bien', 'Bien', 'Legibles', 'Bien', 'Tiene', 'Pulsos Constantes', '', '2017-09-25 10:53:00'),
(126, 71, 7, 6, 'Funciona', 'Conductor', '013949003232355', '41743120094', 'No tiene', '', 'Tiene', '69726028', '8959103000-323027511', 'Funciona', 'Funciona', 'Tiene', 'Funciona', 'Bien', 'Bien', 'Legibles', 'Bien', 'Tiene', 'Pulsos Constantes', '', '2017-09-25 11:00:00'),
(127, 95, 6, 11, 'Funciona', 'Conductor', '13949003242859', '', 'No tiene', '', 'Tiene', '69726061', '8959103000-323027529', 'Funciona', 'Funciona', 'Tiene', 'Funciona', 'Bien', 'Bien', 'Legibles', 'Bien', 'Tiene', 'Pulsos Constantes', '', '2017-09-25 12:57:00'),
(128, 122, 1, 14, 'Funciona', 'Conductor', '013949003250506', '41743120145', 'Ilegible', '', 'Tiene', '69705862', '8959103000323027990', 'Funciona', 'Funciona', 'Tiene', 'Funciona', 'Bien', 'Bien', 'Legibles', 'Bien', 'Tiene', 'Pulsos Constantes', '', '2017-09-25 12:59:00'),
(129, 18, 1, 17, 'Funciona', 'Puerta', '013227001802101', '41735020071', 'Ilegible', '', 'Tiene', '69722321', '8959103000234129869', 'Funciona', 'Funciona', 'Tiene', 'Funciona', 'Bien', 'Bien', 'Legibles', 'Bien', 'Tiene', 'Pulsos Constantes', '', '2017-09-25 13:02:00'),
(133, 52, 4, 10, 'Funciona', 'Puerta', '013227005538750', '41735020566', 'Si Tiene Llena el Siguiente Cuadro', '10575-0000238', 'Tiene', '69722268', '8959103000-234024557', 'Funciona', 'Funciona', 'Tiene', 'Funciona', 'Bien', 'Bien', 'Legibles', 'Bien', 'Tiene', 'Pulsos Constantes', '', '2017-09-25 13:09:00'),
(134, 112, 6, 11, 'Funciona', 'Conductor', '13949003230797', '', 'No tiene', '', 'Tiene', '69724716', '8959103000-323027438', 'Funciona', 'Funciona', 'Tiene', 'Funciona', 'Bien', 'Bien', 'Legibles', 'Bien', 'Tiene', 'Pulsos Constantes', '', '2017-09-25 13:12:00'),
(135, 104, 6, 11, 'Funciona', 'Conductor', '13949003245407', '', 'No tiene', '', 'Tiene', '69732250', '8959103000-323027370', 'Funciona', 'Funciona', 'Tiene', 'Funciona', 'Bien', 'Bien', 'Legibles', 'Bien', 'Tiene', 'Pulsos Constantes', '', '2017-09-25 13:21:00'),
(136, 36, 8, 15, 'Funciona', 'Puerta', '013227005022128', '41735020125', 'Si Tiene Llena el Siguiente Cuadro', '10575-0000235', 'Tiene', '69722297', '8959103000-234024821', 'Funciona', 'Funciona', 'Tiene', 'Funciona', 'Bien', 'Bien', 'Legibles', 'Bien', 'Tiene', 'Pulsos Constantes', 'Sin tapa SIM en case del MODULO GPS,  SIN TORNILLOS EMPOTRE PARA EL EQUIPO GPS', '2017-09-25 13:42:00'),
(138, 97, 4, 10, 'Funciona', 'Conductor', '013949003230250', '41743120083', 'No tiene', '', 'Tiene', '69727591', '8959103000-323027560', 'Funciona', 'Funciona', 'Tiene', 'Funciona', 'Bien', 'Bien', 'Legibles', 'Bien', 'Tiene', 'Pulsos Constantes', '', '2017-09-25 15:24:00'),
(139, 86, 4, 7, 'Funciona', 'Conductor', '013949003238006', '41743120212', 'Ilegible', '', 'Tiene', '69703229', '8959103000-323028029', 'Funciona', 'Funciona', 'Tiene', 'Funciona', 'Bien', 'Bien', 'Legibles', 'Bien', 'Tiene', 'Pulsos Constantes', '', '2017-09-25 18:12:00'),
(140, 99, 4, 10, 'Funciona', 'Conductor', '013949003367268', '41743120108', 'No tiene', '', 'Tiene', '69705723', '8959103000-323028006', 'Funciona', 'Funciona', 'Tiene', 'Funciona', 'Bien', 'Bien', 'Legibles', 'Bien', 'Tiene', 'Pulsos Constantes', '', '2017-09-25 18:21:00'),
(141, 26, 4, 7, 'Funciona', 'Puerta', '013227005568047', '41735020388', 'Si Tiene Llena el Siguiente Cuadro', '10575-0000236', 'Tiene', '69722267', '8959103000-234024540', 'Funciona', 'Funciona', 'Tiene', 'Funciona', 'Bien', 'Bien', 'Legibles', 'Bien', 'Tiene', 'Pulsos Constantes', '', '2017-09-25 18:28:00'),
(142, 133, 2, 20, 'Funciona', 'Conductor', '013949003230243', '41743120069', 'No tiene', '', 'Tiene', '69722295', '8959103000-323027487', 'Funciona', 'Funciona', 'Tiene', 'Funciona', 'Bien', 'Bien', 'Legibles', 'Bien', 'Tiene', 'Pulsos Constantes', '', '2017-09-25 18:29:00'),
(143, 118, 7, 6, 'Funciona', 'Conductor', '013949003370221', '41743120198', 'No tiene', '', 'Tiene', '69724211', '8959103000-323027404', 'Funciona', 'Funciona', 'Tiene', 'Funciona', 'Bien', 'Bien', 'Legibles', 'Bien', 'Tiene', 'Pulsos Constantes', '', '2017-09-25 19:09:00'),
(144, 7, 4, 10, 'Funciona', 'Puerta', '013227005496694', '41735020565', 'Si Tiene Llena el Siguiente Cuadro', '10575-0000263', 'Tiene', '69722266', '8959103000-234024532', 'Funciona', 'Funciona', 'Tiene', 'Funciona', 'Reparado', 'Bien', 'Legibles', 'Bien', 'Tiene', 'Pulsos Constantes', '', '2017-09-25 19:16:00'),
(145, 107, 7, 20, 'Funciona', 'Conductor', '0139490033551585', '41743120251', 'No tiene', '', 'Tiene', '69703643', '8959103000-323028071', 'Funciona', 'Funciona', 'Tiene', 'Funciona', 'Bien', 'Bien', 'Legibles', 'Bien', 'Tiene', 'Pulsos Constantes', '', '2017-09-25 19:44:00'),
(146, 74, 7, 20, 'Funciona', 'Conductor', '013949003246876', '41743120103', 'No tiene', '', 'Tiene', '69729305', '8959103000-323027644', 'Funciona', 'Funciona', 'Tiene', 'Funciona', 'Bien', 'Mal', 'Legibles', 'Bien', 'Tiene', 'Pulsos Constantes', '', '2017-09-25 20:21:00'),
(147, 77, 2, 6, 'Funciona', 'Conductor', '013949003246934', '41743120245', 'No tiene', '', 'Tiene', '69713461', '8959103000-323027727', 'Funciona', 'Funciona', 'Tiene', 'Funciona', 'Bien', 'Bien', 'Legibles', 'Bien', 'Tiene', 'Pulsos Constantes', 'COVIMOTORS BUS PARADO POR ARREGLO DE CAJA ZF', '2017-09-25 20:48:00'),
(148, 37, 4, 7, 'Funciona', 'Puerta', '013227005596725', '41735020575', 'Ilegible', '', 'Tiene', '69722271', '8959103000-234024581', 'Funciona', 'Funciona', 'Tiene', 'Funciona', 'Bien', 'Bien', 'Legibles', 'Bien', 'Tiene', 'Pulsos Constantes', '', '2017-09-25 21:13:00'),
(149, 126, 2, 6, 'Funciona', 'Conductor', '013949003241315', '41743120057', 'No tiene', '', 'Tiene', '69701522', '8959103000-323028139', 'Funciona', 'Funciona', 'Tiene', 'Funciona', 'Bien', 'Bien', 'Legibles', 'Bien', 'Tiene', 'Pulsos Constantes', 'COVIMOR PARADO ALLI POR ARREGLO DE CAJA ZF', '2017-09-25 21:16:00'),
(150, 100, 6, 15, 'Funciona', 'Conductor', '013949003308288', '41743120250', 'No tiene', '', 'Tiene', '69701930', '8959103000-323028105', 'Funciona', 'Funciona', 'Tiene', 'Funciona', 'Bien', 'Bien', 'Legibles', 'Bien', 'Tiene', 'Pulsos Constantes', '', '2017-09-25 21:30:00'),
(151, 106, 6, 15, 'Funciona', 'Conductor', '013949003241133', '41743120072', 'Ilegible', '', 'Tiene', '69732224', '8959103000-323027388', 'Funciona', 'Funciona', 'Tiene', 'Funciona', 'Bien', 'Bien', 'Legibles', 'Bien', 'Tiene', 'Pulsos Constantes', '', '2017-09-25 21:34:00'),
(152, 116, 6, 15, 'Funciona', 'Conductor', '013949003232389', '41743120099', 'No tiene', '', 'Tiene', '69728622', '8959103000-323027610', 'Funciona', 'Funciona', 'Tiene', 'Funciona', 'Bien', 'Bien', 'Legibles', 'Bien', 'Tiene', 'Pulsos Constantes', '', '2017-09-25 21:37:00'),
(153, 31, 5, 2, 'No Funciona', 'Puerta', '013227005454891', '41735020193', 'Si Tiene Llena el Siguiente Cuadro', '41735020195', 'Tiene', '75292451', '8959103000-323099478', 'No Tiene', 'No Tiene', 'Tiene', 'No Funciona', 'Bien', 'Bien', 'Legibles', 'Bien', 'Tiene', 'Sin Pulsos', 'no se verifico el sistema por falta de batería', '2017-09-25 22:12:00'),
(154, 65, 5, 2, 'Funciona', 'Conductor', '013949003246728', '41743120124', 'No tiene', '', 'Tiene', '75294453', '8959103000323094487', 'Funciona', 'Funciona', 'Tiene', 'Funciona', 'Bien', 'Bien', 'Legibles', 'Bien', 'Tiene', 'Pulsos Constantes', '', '2017-09-25 23:07:00'),
(155, 73, 5, 2, 'Funciona', 'Conductor', '013949003230904', '41743120134', 'Ilegible', '', 'Tiene', '75294929', '8959103000323027602', 'Funciona', 'Funciona', 'Tiene', 'Funciona', 'Bien', 'Bien', 'Legibles', 'Bien', 'Tiene', 'Pulsos Constantes', '', '2017-09-25 23:09:00'),
(156, 89, 2, 6, 'Funciona', 'Conductor', '013949003241026', '41743120003', 'No tiene', '', 'Tiene', '69727041', '8959103000-323027558', 'Funciona', 'Funciona', 'Tiene', 'Funciona', 'Bien', 'Bien', 'Legibles', 'Bien', 'Tiene', 'Pulsos Constantes', 'COVIMOTORS, BUS PARADO POR REFACCION DE CAJA ZF', '2017-09-26 09:35:00'),
(157, 136, 5, 14, 'Funciona', 'Conductor', '013227005463561', '44453220495', 'Ilegible', '', 'Tiene', '69705092', '8959103000323028022', 'Funciona', 'Funciona', 'Tiene', 'Funciona', 'Bien', 'Bien', 'Legibles', 'Bien', 'Tiene', 'Pulsos Constantes', '', '2017-09-26 10:29:00');

-- --------------------------------------------------------

--
-- Estructura de tabla para la tabla `instalacion`
--

CREATE TABLE `instalacion` (
  `idinstalacion` int(11) NOT NULL,
  `nombre_instalacion` varchar(45) NOT NULL,
  `abreviado` varchar(45) NOT NULL
) ENGINE=InnoDB DEFAULT CHARSET=utf8;

--
-- Volcado de datos para la tabla `instalacion`
--

INSERT INTO `instalacion` (`idinstalacion`, `nombre_instalacion`, `abreviado`) VALUES
(1, 'CHASQUIPAMPA', 'CHA'),
(2, 'INKALLOJETA', 'INK'),
(3, 'IRPAVI II', 'IRP'),
(4, 'SALOME', 'SAL'),
(5, 'KALAJAHUIRA', 'KAL'),
(6, 'CAJA FERROVIARIA', 'CFE'),
(7, 'FABROS', 'FRB'),
(8, 'AUQUISAMAÑA', 'AUQ');

-- --------------------------------------------------------

--
-- Estructura de tabla para la tabla `internet`
--

CREATE TABLE `internet` (
  `idInternet` int(11) NOT NULL,
  `bus_idbus` int(11) NOT NULL,
  `instalacion_idinstalacion` int(11) NOT NULL,
  `usuario_idusuario` int(11) NOT NULL,
  `estado` varchar(45) NOT NULL,
  `router_existencia` varchar(45) NOT NULL,
  `rout_num_serie` varchar(45) NOT NULL,
  `rout_num_imei` varchar(45) NOT NULL,
  `rout_estado` varchar(45) NOT NULL,
  `rout_ubicacion` varchar(45) NOT NULL,
  `rout_cargador` varchar(45) NOT NULL,
  `sim` varchar(45) NOT NULL,
  `sim_ubicacion` varchar(45) NOT NULL,
  `sim_numero` varchar(45) NOT NULL,
  `sim_serie` varchar(45) NOT NULL,
  `abrazaderas` varchar(45) NOT NULL,
  `cloud` varchar(45) NOT NULL,
  `cloud_estado` varchar(45) NOT NULL,
  `cloud_numero` varchar(45) NOT NULL,
  `cloud_serie` varchar(45) NOT NULL,
  `cloud_cargador` varchar(45) NOT NULL,
  `obs` varchar(800) NOT NULL,
  `fecha` datetime NOT NULL
) ENGINE=InnoDB DEFAULT CHARSET=utf8;

--
-- Volcado de datos para la tabla `internet`
--

INSERT INTO `internet` (`idInternet`, `bus_idbus`, `instalacion_idinstalacion`, `usuario_idusuario`, `estado`, `router_existencia`, `rout_num_serie`, `rout_num_imei`, `rout_estado`, `rout_ubicacion`, `rout_cargador`, `sim`, `sim_ubicacion`, `sim_numero`, `sim_serie`, `abrazaderas`, `cloud`, `cloud_estado`, `cloud_numero`, `cloud_serie`, `cloud_cargador`, `obs`, `fecha`) VALUES
(1, 94, 3, 16, 'Funciona', 'Tiene', 'Z3K6R14327000215', '866053010307561', 'Funciona', 'Baulera', 'Tiene', 'No Tiene', 'Bus-Router', '', 'Bien', '1', 'Tiene', 'Funciona', '94', '163259783', 'Tiene', 'SIM  operativo de Internet se presto al BA-62', '2017-09-19 15:27:00'),
(2, 98, 3, 16, 'Funciona', 'Tiene', 'Z3K6R14327000305', '866053010303412', 'Funciona', 'Baulera', 'Tiene', 'No Tiene', 'Simon', '', 'No tiene', '2', 'Tiene', 'Funciona', '98', '163259788', 'Tiene', 'Sim Card se entrego a SIMON', '2017-09-20 09:33:00'),
(3, 99, 4, 10, 'Funciona', 'Tiene', 'Z3K6R14327000224', '866053010307652', 'Funciona', 'Baulera', 'Tiene', 'Tiene', 'Bus-Router', '75296950', '8959103000-323094826', '2', 'Tiene', 'Funciona', '99', '163259730', 'Tiene', '', '2017-09-20 14:43:00'),
(4, 82, 3, 16, 'Funciona', 'Tiene', 'Z3K6R14327000412', '866053010304485', 'Funciona', 'Baulera', 'Tiene', 'Tiene', 'Bus-Router', '75295535', '8959103000-323094651', '2', 'Tiene', 'Funciona', '82', '163259768', 'Tiene', 'BUS PARADO POR MT ', '2017-09-20 22:07:00'),
(8, 119, 2, 6, 'Funciona', 'Tiene', 'Z3K6R14327000322', '866053010303586', 'Funciona', 'Baulera', 'Tiene', 'Tiene', 'Bus-Router', '75297932', '8559103000-323090022', '2', 'Tiene', 'Funciona', '119', '163259930', 'Tiene', '', '2017-09-21 10:41:00'),
(9, 138, 3, 4, 'No funciona', 'Tiene', 'Z3K6R14327000017', '866053010305581', 'Funciona', 'Baulera', 'Tiene', 'No Tiene', 'Extraviado', '', '', '2', 'Tiene', 'Funciona', '138', '163259950', 'Tiene', 'SIM EXTRAVIADO NO SE TIENE REFERENCIAS DE CAMBIO O PRÉSTAMO SE INFORMO DE ESTE CASO AL INGENIERO PABLO CROVO ', '2017-09-21 11:38:00'),
(10, 29, 2, 20, 'Funciona', 'Tiene', 'Z3K6R14327000022', '866053010305631', 'Funciona', 'Detras del Conductor', 'Tiene', 'No Tiene', 'Simon', '', '', '2', 'No tiene', 'No funciona', '', '', 'No tiene', '', '2017-09-21 11:56:00'),
(11, 111, 2, 6, 'Funciona', 'Tiene', 'Z3K6R14327000150', '866053010306910', 'Funciona', 'Baulera', 'Tiene', 'Tiene', 'Bus-Router', '75297624', '8959103000-323094941', '2', 'Tiene', 'Funciona', '111', '163258768', 'Tiene', '', '2017-09-21 14:14:00'),
(12, 91, 2, 6, 'Funciona', 'Tiene', 'Z3K6R14327000102', '866053010306431', 'Funciona', 'Baulera', 'Tiene', 'Tiene', 'Bus-Router', '75296342', '8959103000-323094743', '2', 'Tiene', 'Funciona', '91', '163259780', 'Tiene', '', '2017-09-21 14:31:00'),
(13, 81, 3, 4, 'Funciona', 'Tiene', 'Z3K6R14327000125', '866053010306662', 'Funciona', 'Baulera', 'Tiene', 'No Tiene', 'Bus-Router', '', '', '2', 'Tiene', 'Funciona', '81', '163259767', 'Tiene', 'EL SIM SE ENTREGO A PERSONAL DE SIMON', '2017-09-21 14:34:00'),
(14, 88, 5, 10, 'Funciona', 'Tiene', 'Z3K6R14327000231', '866053010307728', 'Funciona', 'Baulera', 'Tiene', 'Tiene', 'Bus-Router', '75296262', '8959103000-323094719', '2', 'Tiene', 'Funciona', '88', '163259774', 'Tiene', '', '2017-09-21 15:57:00'),
(15, 117, 5, 10, 'Funciona', 'Tiene', 'Z3K6R14327000298', '866053010303347', 'Funciona', 'Baulera', 'Tiene', 'Tiene', 'Bus-Router', '75297796', '8959103000-323090006', '2', 'Tiene', 'Funciona', '117', '163259928', 'Tiene', '', '2017-09-21 16:01:00'),
(16, 109, 5, 10, 'Funciona', 'Tiene', 'Z3K6R14327000456', '866053010304923', 'Funciona', 'Baulera', 'Tiene', 'Tiene', 'Bus-Router', '75297515', '8959103000-323094925', '2', 'Tiene', 'Funciona', '109', '163259920', 'Tiene', '', '2017-09-21 16:10:00'),
(17, 72, 5, 10, 'Funciona', 'Tiene', 'Z3K6R14327000432', '866053010304683', 'Funciona', 'Baulera', 'Tiene', 'Tiene', 'Bus-Router', '75294874', '8959103000-323094552', '2', 'Tiene', 'Funciona', '72', '163259757', 'Tiene', '', '2017-09-21 16:13:00'),
(18, 46, 5, 10, 'No funciona', 'Tiene', 'Z3K6R14327000308', '866053010303446', 'Funciona', 'Detras del Conductor', 'Tiene', 'No Tiene', 'Simon', '75293323', '8959103000-323099627', '2', 'Tiene', 'Funciona', 'S/N', 'OM5PAC60901457', 'Tiene', '', '2017-09-21 16:21:00'),
(19, 139, 1, 4, 'Funciona', 'Tiene', 'Z3K6R14327000079', '866053010306209', 'Funciona', 'Baulera', 'Tiene', 'Tiene', 'Bus-Router', '75299196', '8959103000-323090220', '2', 'Tiene', 'Funciona', '139', '163259951', 'Tiene', 'BUS PARADO EN PATIO POR MANTENIMIENTO ', '2017-09-21 16:22:00'),
(20, 19, 5, 10, 'No funciona', 'No tiene', '', '', 'No funciona', 'Detras del Conductor', 'No Tiene', 'No Tiene', 'Simon', '75291067', '8959103000-323099353', 'No tiene', 'No tiene', 'Funciona', '', '', 'No tiene', '', '2017-09-21 16:24:00'),
(21, 65, 5, 10, 'Funciona', 'Tiene', 'Z3K6R14327000199', '866053010307405', 'Funciona', 'Baulera', 'Tiene', 'Tiene', 'Bus-Router', '75294453', '8959103000-323094487', '2', 'Tiene', 'Funciona', '65', '163259796', 'Tiene', '', '2017-09-21 16:27:00'),
(22, 85, 3, 4, 'Funciona', 'Tiene', 'Z3K6R14327000367', '866053010304030', 'Funciona', 'Baulera', 'Tiene', 'Tiene', 'Bus-Router', '75295680', '8959103000-323094685', '2', 'Tiene', 'Funciona', '85', '173209172', 'Tiene', 'BUS PARADO POR MANTENIMIENTO', '2017-09-21 17:03:00'),
(23, 131, 3, 16, 'No funciona', 'Tiene', 'Z3K6R14327000310', '866053010303461', 'No funciona', 'Baulera', 'Tiene', 'Tiene', 'Bus-Router', '75298577', '8959103000-323090147', '2', 'Tiene', 'Funciona', '20', '163259906', 'Tiene', 'BUS PARADO POR INCIDENTE (APEDREADO )/ PROBLEMAS EN EL ROUTER PUERTOS LAN AVERIADOS NO MANDAN SEÑAL ', '2017-09-21 18:26:00'),
(24, 132, 1, 8, 'Funciona', 'Tiene', 'Z36KR14327000326', '866053010303628', 'Funciona', 'Baulera', 'Tiene', 'Tiene', 'Bus-Router', '75298581', '8959103000323090154', '2', 'Tiene', 'Funciona', '132', '163259944', 'Tiene', '', '2017-09-22 08:17:00'),
(25, 123, 1, 8, 'Funciona', 'Tiene', 'Z36KR14327000103', '866053010306449', 'Funciona', 'Baulera', 'Tiene', 'Tiene', 'Bus-Router', '75298231', '8959103000-323090063', '2', 'Tiene', 'Funciona', '12', '', 'Tiene', '', '2017-09-22 08:22:00'),
(28, 63, 1, 8, 'Funciona', 'Tiene', 'Z36KR14327000306', '866053010303420', 'Funciona', 'Baulera', 'Tiene', 'Tiene', 'Bus-Router', '75294426', '8959103000323094461', '2', 'Tiene', 'Funciona', '63', '163259794', 'Tiene', '', '2017-09-22 08:35:00'),
(29, 83, 1, 8, 'Funciona', 'Tiene', 'Z36KR14327000480', '866053010305169', 'Funciona', 'Baulera', 'Tiene', 'Tiene', 'Bus-Router', '75295582', '8959103000323094669', '2', 'Tiene', 'Funciona', '83', 'OM5PC60901456', 'Tiene', '', '2017-09-22 08:41:00'),
(30, 115, 1, 8, 'Funciona', 'Tiene', 'Z36KR14327000274', '866053010303107', 'Funciona', 'Baulera', 'Tiene', 'Tiene', 'Bus-Router', '75297728', '8959103000-323094982', '2', 'Tiene', 'Funciona', '115', '163259926', 'Tiene', '', '2017-09-22 08:44:00'),
(31, 124, 1, 8, 'Funciona', 'Tiene', 'Z36KR14327000214', '866053010307553', 'Funciona', 'Baulera', 'Tiene', 'Tiene', 'Bus-Router', '75298340', '8959103000-323090071', '2', 'Tiene', 'Funciona', '124', '163259935', 'Tiene', '', '2017-09-22 08:47:00'),
(32, 67, 1, 8, 'Funciona', 'Tiene', 'Z36KR14327000342', '866053010303784', 'Funciona', 'Baulera', 'Tiene', 'Tiene', 'Bus-Router', '75294591', '8959103000323094503', '2', 'Tiene', 'Funciona', '67', '163259799', 'Tiene', '', '2017-09-22 08:49:00'),
(33, 55, 1, 8, 'No funciona', 'Tiene', 'Z36KR14327000245', '866053010302810', 'Funciona', 'Detras del Conductor', 'Tiene', 'Tiene', 'Bus-Router', '75293741', '8959103000323099718', '1', 'Tiene', 'Intermitente', '55', '163259881', 'No tiene', '', '2017-09-22 08:53:00'),
(34, 56, 1, 8, 'Funciona', 'Tiene', 'Z36KR14327000068', '866053010306092', 'Funciona', 'Detras del Conductor', 'Tiene', 'Tiene', 'Bus-Router', '75293801', '8959103000323099700', '2', 'Tiene', 'Funciona', '56', '163259882', 'Tiene', '', '2017-09-22 08:57:00'),
(35, 93, 1, 8, 'Funciona', 'Tiene', 'Z36KR14327000128', '866053010306696', 'Funciona', 'Baulera', 'Tiene', 'Tiene', 'Bus-Router', '75296381', '8959103000323094768', '2', 'Tiene', 'Funciona', '93', '163259782', 'Tiene', '', '2017-09-22 09:03:00'),
(36, 58, 1, 8, 'Funciona', 'Tiene', 'Z36KR14327000198', '866053010307397', 'Funciona', 'Detras del Conductor', 'Tiene', 'Tiene', 'Bus-Router', '75294060', '8959103000323094412', '2', 'Tiene', 'Funciona', '58', '163259884', 'Tiene', '', '2017-09-22 09:06:00'),
(37, 59, 1, 8, 'Funciona', 'Tiene', 'Z36KR14327000174', '866053010307157', 'Funciona', 'Detras del Conductor', 'Tiene', 'Tiene', 'Bus-Router', '75294290', '8959103000323094420', '2', 'Tiene', 'Funciona', '59', '163259789', 'Tiene', '', '2017-09-22 09:09:00'),
(38, 41, 1, 8, 'Funciona', 'Tiene', 'Z36KR14327000181', '866053010307223', 'Funciona', 'Detras del Conductor', 'Tiene', 'Tiene', 'Bus-Router', '75292839', '8959103000-323099577', '2', 'Tiene', 'Funciona', '41', '163259866', 'Tiene', '', '2017-09-22 09:13:00'),
(39, 137, 1, 8, 'Funciona', 'Tiene', 'Z36KR14327000315', '866053010303511', 'Funciona', 'Baulera', 'Tiene', 'Tiene', 'Bus-Router', '75298897', '8959103000323090204', '2', 'Tiene', 'Funciona', '137', '163259949', 'Tiene', '', '2017-09-22 09:16:00'),
(40, 110, 1, 8, 'Funciona', 'Tiene', 'Z36KR14327000333', '866053010303693', 'Funciona', 'Baulera', 'Tiene', 'Tiene', 'Bus-Router', '75297615', '8959103000-323094933', '2', 'Tiene', 'Funciona', '110', '163259921', 'Tiene', '', '2017-09-22 09:19:00'),
(41, 140, 1, 8, 'Funciona', 'Tiene', 'Z36KR14327000465', '866053010305011', 'Funciona', 'Baulera', 'Tiene', 'Tiene', 'Bus-Router', '75299200', '8959103000323090238', '2', 'Tiene', 'Funciona', '140', '163259952', 'Tiene', '', '2017-09-22 09:31:00'),
(42, 61, 1, 8, 'Funciona', 'Tiene', 'Z36KR14327000449', '866053010304857', 'Funciona', 'Detras del Conductor', 'Tiene', 'Tiene', 'Bus-Router', '75294389', '8959103000323094446', '2', 'Tiene', 'Funciona', '61', '163259792', 'Tiene', '', '2017-09-22 09:50:00'),
(43, 53, 1, 8, 'Funciona', 'Tiene', 'Z36KR14327000331', '866053010303677', 'Funciona', 'Detras del Conductor', 'Tiene', 'Tiene', 'Bus-Router', '75293676', '8959103000323099692', '2', 'Tiene', 'Funciona', '53', '163259879', 'Tiene', '', '2017-09-22 10:27:00'),
(44, 60, 2, 19, 'No funciona', 'Tiene', 'Z3K6R14327000420', '866053010304568', 'Funciona', 'Detras del Conductor', 'Tiene', 'No Tiene', 'Simon', '75294336', '8959103000-323094438', '2', 'No tiene', 'No funciona', '', '', 'No tiene', 'BUS PARADO POR MANTENIMIENTO', '2017-09-22 10:55:00'),
(45, 68, 5, 1, 'Funciona', 'Tiene', 'Z3K6R14327000369', '866053010304055', 'Funciona', 'Detras del Conductor', 'Tiene', 'Tiene', 'Bus-Router', '75294681', '8959103000-323094511', '2', 'Tiene', 'Funciona', '105', '163258763', 'Tiene', 'cloud  no corresponde a bus', '2017-09-22 11:02:00'),
(46, 14, 5, 1, 'Funciona', 'Tiene', 'Z3K6R14327000064', '866053010306050', 'Funciona', 'Detras del Conductor', 'Tiene', 'Tiene', 'Bus-Router', '75290877', '8959103000-323099304', '2', 'Tiene', 'Funciona', '14', '163259909', 'Tiene', 'Serie cloud borrosa', '2017-09-22 11:16:00'),
(47, 127, 3, 4, 'Funciona', 'Tiene', 'Z3K6R14327000415', '866053010304519', 'Funciona', 'Baulera', 'Tiene', 'Tiene', 'Bus-Router', '75298413', '8959103000-323090105', '2', 'Tiene', 'Funciona', '', '', 'Tiene', '', '2017-09-22 11:31:00'),
(48, 38, 2, 19, 'Funciona', 'Tiene', 'Z3K6R14327000239', '866053010307801', 'Funciona', 'Detras del Conductor', 'Tiene', 'No Tiene', 'Extraviado', '75292636', '8959103000-323099514', '1', 'Tiene', 'Funciona', '38', '163259863', 'Tiene', 'BUS PARADO POR MANTENIMIENTO EN PATIO', '2017-09-22 11:44:00'),
(49, 108, 3, 18, 'Funciona', 'Tiene', 'Z3K6R14327000164', '866053010307058', 'Funciona', 'Baulera', 'Tiene', 'Tiene', 'Bus-Router', '75297487', '8959103000-323094917', '2', 'Tiene', 'Funciona', '', '', 'Tiene', '', '2017-09-22 12:03:00'),
(50, 135, 5, 14, 'Funciona', 'Tiene', 'Z3K6R14327000227', '866053010307686', 'Funciona', 'Baulera', 'Tiene', 'Tiene', 'Bus-Router', '75298847', '8959103000-323090188', '2', 'Tiene', 'Funciona', '135', '163259947', 'Tiene', '', '2017-09-22 12:06:00'),
(51, 23, 2, 20, 'No funciona', 'No tiene', '', '', 'No funciona', 'Detras del Conductor', 'No Tiene', 'No Tiene', 'N/A (no aplica)', '', '', 'No tiene', 'No tiene', 'No funciona', '', '', 'No tiene', 'BUS PARADO POR MANTENIMIENTO EN PATIO', '2017-09-22 12:19:00'),
(52, 125, 3, 4, 'Funciona', 'Tiene', 'Z3K6R14327000081', '866053010306225', 'Funciona', 'Baulera', 'Tiene', 'Tiene', 'Bus-Router', '75298408', '8959103000-323090089', '2', 'Tiene', 'Funciona', '125', '163259937', 'Tiene', '', '2017-09-22 12:26:00'),
(53, 84, 3, 4, 'Funciona', 'Tiene', 'Z3K6R14327000323', '866053010303594', 'Funciona', 'Baulera', 'Tiene', 'Tiene', 'Bus-Router', '75295641', '8959103000-323094677', '1', 'Tiene', 'Funciona', '84', '163259770', 'Tiene', '', '2017-09-22 12:53:00'),
(54, 129, 3, 18, 'Funciona', 'Tiene', 'Z3K6R14327000118', '866053010306597', 'Funciona', 'Baulera', 'Tiene', 'Tiene', 'Bus-Router', '75298447', '8959103000-323090121', '2', 'Tiene', 'Funciona', '129', '163258757', 'Tiene', '', '2017-09-22 13:17:00'),
(55, 102, 3, 18, 'Funciona', 'Tiene', 'Z3K6R14327000132', '866053010306738', 'Funciona', 'Detras del Conductor', 'Tiene', 'Tiene', 'Bus-Router', '75297143', '8959103000-323094859', 'No tiene', 'Tiene', 'Funciona', '102', '163258777', 'Tiene', '', '2017-09-22 13:30:00'),
(56, 50, 8, 11, 'No funciona', 'Tiene', 'Z3K6R14327000266', '866053010303024', 'Funciona', 'Detras del Conductor', 'Tiene', 'No Tiene', 'Bus-Router', '75293531', '8959103000-323099668', '2', 'Tiene', 'Funciona', '50', '163259875', 'Tiene', '', '2017-09-22 14:05:00'),
(57, 114, 3, 16, 'Funciona', 'Tiene', 'Z3K6R14327000353', '866053010303891', 'Funciona', 'Baulera', 'Tiene', 'Tiene', 'Bus-Router', '75297721', '8959103000-323034319', '2', 'Tiene', 'Funciona', '', '163259925', 'Tiene', 'no tiene numero de cloud ', '2017-09-22 14:56:00'),
(58, 47, 8, 11, 'No funciona', 'No tiene', '', '', 'No funciona', 'Detras del Conductor', 'No Tiene', 'No Tiene', 'N/A (no aplica)', '', '', '1', 'No tiene', 'No funciona', '', '', 'No tiene', 'BUS NO TIENE ROUTER, CLOUD.', '2017-09-22 15:15:00'),
(59, 3, 8, 11, 'No funciona', 'Tiene', 'Z3K6R14327000056', '866053010305979', 'Funciona', 'Detras del Conductor', 'Tiene', 'No Tiene', 'N/A (no aplica)', '', '', 'No tiene', 'Tiene', 'Funciona', '3', '', 'No tiene', 'Router Cloud en poder de Patio Inkallojeta', '2017-09-22 15:18:00'),
(60, 10, 3, 16, 'Funciona', 'No tiene', '', '', 'No funciona', 'Baulera', 'No Tiene', 'No Tiene', 'Bus-Router', '', '', 'No tiene', 'No tiene', 'No funciona', '', '', 'No tiene', 'ROUTE , SIM Y CLOUD PRESTADOS AL BA-027', '2017-09-22 15:19:00'),
(61, 4, 8, 11, 'Funciona', 'Tiene', 'Z3K6R14327000001', '866053010305425', 'Funciona', 'Detras del Conductor', 'Tiene', 'Tiene', 'Bus-Router', '75290556', '8959103000323099205', '2', 'Tiene', 'Funciona', '4', '163259889', 'Tiene', '', '2017-09-22 15:27:00'),
(62, 16, 8, 11, 'Funciona', 'Tiene', 'Z3K6R14327000354', '866053010303909', 'Funciona', 'Detras del Conductor', 'Tiene', 'Tiene', 'Bus-Router', '75290896', '8959103000323099320', '1', 'Tiene', 'Funciona', '16', '163259902', 'Tiene', '', '2017-09-22 15:36:00'),
(63, 30, 2, 6, 'Funciona', 'Tiene', 'Z3K6R14327000471', '866053010305078', 'Funciona', 'Detras del Conductor', 'Tiene', 'Tiene', 'Bus-Router', '75290615', '8959103000-323099296', '2', 'Tiene', 'Funciona', '30', '163259853', 'Tiene', 'BUS PARADO EN PATIO POR MT, OPERANDO CON SIM DE ROTER DE BUS BA-006', '2017-09-22 15:44:00'),
(64, 15, 8, 11, 'Funciona', 'Tiene', 'Z3K6R14327000142', '866053010306837', 'Funciona', 'Detras del Conductor', 'Tiene', 'Tiene', 'Bus-Router', '75290882', '8959103000323032370', '1', 'Tiene', 'Funciona', '15', '163259901', 'Tiene', '', '2017-09-22 15:51:00'),
(65, 128, 3, 16, 'Funciona', 'Tiene', 'Z3K6R14327000291', '866053010303271', 'Funciona', 'Baulera', 'Tiene', 'Tiene', 'Bus-Router', '75298420', '8959103000-3213090113', '2', 'Tiene', 'Funciona', '128', '163259940', 'Tiene', '', '2017-09-22 15:55:00'),
(66, 40, 8, 11, 'Funciona', 'Tiene', 'Z3K6R14327000422', '866053010304584', 'Funciona', 'Detras del Conductor', 'Tiene', 'Tiene', 'Bus-Router', '75292800', '8959103000-323099551', '2', 'Tiene', 'Funciona', '40', '163259865', 'Tiene', '', '2017-09-22 16:08:00'),
(67, 2, 2, 6, 'No funciona', 'No tiene', '', '', 'No funciona', 'Detras del Conductor', 'No Tiene', 'No Tiene', 'N/A (no aplica)', '', '', 'No tiene', 'No tiene', 'No funciona', '', '', 'No tiene', 'BUS NO TIENE ROUTER NI CLOUD AL MOMENTO DE RELEVAMIENTO.', '2017-09-22 16:28:00'),
(68, 28, 2, 6, 'Funciona', 'Tiene', 'Z3K6R14327000406', '866053010304428', 'Funciona', 'Detras del Conductor', 'Tiene', 'Tiene', 'Bus-Router', '', '8959103000-323099445', '2', 'Tiene', 'Funciona', '28', '163259915', 'Tiene', '', '2017-09-23 07:57:00'),
(69, 6, 2, 20, 'No funciona', 'No tiene', '', '', 'No funciona', 'Detras del Conductor', 'No Tiene', 'No Tiene', 'N/A (no aplica)', '', '', 'No tiene', 'No tiene', 'No funciona', '', '', 'No tiene', 'Bus no tiene rooter ni cloud ni sus respectivos cargadores.', '2017-09-23 08:28:00'),
(70, 5, 2, 20, 'No funciona', 'No tiene', '', '', 'No funciona', 'Detras del Conductor', 'No Tiene', 'No Tiene', 'N/A (no aplica)', '', '', 'No tiene', 'No tiene', 'No funciona', '', '', 'No tiene', 'Bus no tiene rooter operativo, ni cloud ni sus cargadores.', '2017-09-23 08:39:00'),
(71, 33, 2, 19, 'Funciona', 'Tiene', 'Z3K6R14327000487', '866053010305235', 'Funciona', 'Detras del Conductor', 'Tiene', 'Tiene', 'Bus-Router', '75292568', '8959103000-323099494', '2', 'Tiene', 'Funciona', '33', '163259856', 'Tiene', '', '2017-09-23 09:05:00'),
(72, 79, 3, 16, 'Funciona', 'Tiene', 'Z3K6R14327000263', '866053010302992', 'Funciona', 'Baulera', 'Tiene', 'Tiene', 'Bus-Router', '75295286', '8959103000-323094628', '2', 'Tiene', 'Funciona', '79', '163259765', 'Tiene', '', '2017-09-23 09:12:00'),
(73, 32, 2, 6, 'Funciona', 'Tiene', 'Z3K6R14327000007', '866053010305482', 'Funciona', 'Detras del Conductor', 'Tiene', 'Tiene', 'Bus-Router', '75292481', '8959103000-323099486', '2', 'Tiene', 'Funciona', '32', '163259855', 'Tiene', '', '2017-09-23 10:07:00'),
(74, 51, 2, 6, 'Funciona', 'Tiene', 'Z3K6R14327000003', '866053010305441', 'Funciona', 'Detras del Conductor', 'Tiene', 'Tiene', 'Bus-Router', '75293537', '8959103000-323099676', '2', 'Tiene', 'Funciona', '51', '163259877', 'Tiene', '', '2017-09-23 11:06:00'),
(75, 70, 6, 9, 'Funciona', 'Tiene', 'Z3K6R14327000143', '866053010306845', 'Funciona', 'Baulera', 'Tiene', 'Tiene', 'Bus-Router', '75296476', '323034327', '2', 'Tiene', 'Funciona', '60', '163259790', 'Tiene', 'saldo 459,55', '2017-09-23 11:33:00'),
(76, 90, 2, 19, 'Funciona', 'Tiene', 'Z3K6R14327000235', '866053010307769', 'Funciona', 'Baulera', 'Tiene', 'Tiene', 'Bus-Router', '75296292', '8959103000-323094735', '2', 'Tiene', 'Funciona', '90', '163259779', 'Tiene', '', '2017-09-23 11:49:00'),
(77, 44, 2, 19, 'Funciona', 'Tiene', 'Z3K6R14327000437', '866053010304733', 'Funciona', 'Detras del Conductor', 'Tiene', 'Tiene', 'Bus-Router', '75293122', '8959103000-323099601', '2', 'Tiene', 'Funciona', '44', '163259869', 'Tiene', '', '2017-09-23 12:36:00'),
(78, 13, 2, 20, 'Funciona', 'Tiene', 'Z3K6R14327000018', '866053010305599', 'Funciona', 'Detras del Conductor', 'Tiene', 'Tiene', 'Bus-Router', '75290793', '8959103000-323099288', '2', 'Tiene', 'Funciona', '13', '163259899', 'Tiene', '', '2017-09-23 13:46:00'),
(79, 106, 6, 9, 'Funciona', 'Tiene', 'Z3K6R14327000275', '866053010303115', 'Funciona', 'Baulera', 'Tiene', 'Tiene', 'Bus-Router', '75297283', '323094891', '2', 'Tiene', 'Funciona', '106', '163259917', 'Tiene', '', '2017-09-23 14:42:00'),
(81, 112, 6, 9, 'Funciona', 'Tiene', '163259923', '866053010303396', 'Funciona', 'Baulera', 'Tiene', 'Tiene', 'Bus-Router', '75297686', '323094958', '2', 'Tiene', 'Funciona', '112', '163259923', 'Tiene', '1169,5 Bs', '2017-09-23 15:15:00'),
(82, 100, 6, 9, 'Funciona', 'Tiene', 'Z3K6R14327000165', '866053010307066', 'Funciona', 'Baulera', 'Tiene', 'Tiene', 'Bus-Router', '75296976', '323094834', '2', 'Tiene', 'Funciona', '100', '163259756', 'Tiene', 'saldo 865,33bs', '2017-09-23 15:27:00'),
(83, 21, 6, 9, 'Funciona', 'Tiene', 'Z3K6R14327000207', '866053010307488', 'Funciona', 'Detras del Conductor', 'Tiene', 'Tiene', 'Bus-Router', '75291318', '323099379', '2', 'Tiene', 'Funciona', '21', '163259907', 'Tiene', 'saldo 615,3', '2017-09-23 15:38:00'),
(84, 120, 3, 16, 'Funciona', 'Tiene', 'Z3K6R14327000426', '866053010304626', 'Funciona', 'Baulera', 'Tiene', 'Tiene', 'Bus-Router', '75297242', '8959103000-323094883', '2', 'Tiene', 'Funciona', '120', '163259931', 'Tiene', 'SIM Y ROUTER PRESTADOS PRESTADOS DEL   BA-105  / ', '2017-09-23 15:42:00'),
(85, 101, 3, 16, 'Funciona', 'Tiene', 'Z3K6R14327000209', '866053010307504', 'Funciona', 'Baulera', 'Tiene', 'Tiene', 'Bus-Router', '75297139', '8959103000-323094842', '2', 'Tiene', 'Funciona', '101', '163258766', 'Tiene', '', '2017-09-23 15:47:00'),
(86, 104, 6, 9, 'Funciona', 'Tiene', 'Z3K6R14327000138', '866053010306795', 'Funciona', 'Baulera', 'Tiene', 'Tiene', 'Bus-Router', '75297232', '323094875', '2', 'Tiene', 'Funciona', '104', '163258756', 'Tiene', 'saldo 1083,09Bs', '2017-09-23 15:50:00'),
(87, 69, 6, 9, 'Funciona', 'Tiene', 'Z3K6R14327000313', '866053010303495', 'Funciona', 'Baulera', 'Tiene', 'Tiene', 'Bus-Router', '75294761', '323094529', '2', 'Tiene', 'Funciona', '69', '163259801', 'Tiene', 'saldo 1373,94Bs', '2017-09-23 16:02:00'),
(88, 87, 3, 16, 'Funciona', 'Tiene', 'Z3K6R14327000302', '866053010303388', 'Funciona', 'Baulera', 'Tiene', 'Tiene', 'Bus-Router', '75295824', '8959103000-323094701', '2', 'Tiene', 'Funciona', '87', '163259773', 'Tiene', '', '2017-09-23 16:36:00'),
(89, 22, 3, 16, 'Funciona', 'Tiene', 'Z3K6R14327000424', '866053010304600', 'Funciona', 'Detras del Conductor', 'Tiene', 'Tiene', 'Bus-Router', '75291338', '8959103000-323099387', '2', 'Tiene', 'Funciona', '22', '163259908', 'Tiene', '', '2017-09-23 17:21:00'),
(90, 62, 3, 4, 'Funciona', 'Tiene', '75297143', '866053010306142', 'Funciona', 'Detras del Conductor', 'Tiene', 'Tiene', 'Simon', '75294398', '8959103000-323094453', '2', 'Tiene', 'Funciona', '62', '163259793', 'Tiene', 'sim prestado a simon ', '2017-09-24 07:53:00'),
(91, 66, 3, 4, 'Funciona', 'Tiene', '8959103000-323094453', '866053010302786', 'Funciona', 'Baulera', 'Tiene', 'Tiene', 'Bus-Router', '75294557', '8959103000-323094495', '2', 'Tiene', 'Funciona', '66', '173209212', 'Tiene', '', '2017-09-24 08:23:00'),
(92, 35, 5, 1, 'Funciona', 'Tiene', 'Z3K6R14327000196', '866053010307371', 'Funciona', 'Detras del Conductor', 'Tiene', 'Tiene', 'Bus-Router', '75292606', '8959103000-323099510', '1', 'Tiene', 'Funciona', '35', '', 'Tiene', 'No tiene serie de Cloud ', '2017-09-24 10:08:00'),
(93, 54, 5, 1, 'Funciona', 'Tiene', 'Z3K6R14327000355', '866053010303917', 'Funciona', 'Detras del Conductor', 'Tiene', 'Tiene', 'Bus-Router', '75293704', '8959103000-323099726', '2', 'Tiene', 'Funciona', '54', '', 'Tiene', 'Cloud sin el estiquer de serie.', '2017-09-24 10:57:00'),
(94, 9, 2, 20, 'No funciona', 'No tiene', '', '', 'No funciona', 'Detras del Conductor', 'No Tiene', 'No Tiene', 'N/A (no aplica)', '', '', 'No tiene', 'No tiene', 'No funciona', '', '', 'No tiene', 'BUS PARADO EN PATIO POR MANTENIMIENTO', '2017-09-24 11:46:00'),
(95, 45, 4, 5, 'Funciona', 'Tiene', 'Z3K6R14327000495', '866053010305318', 'Funciona', 'Detras del Conductor', 'Tiene', 'Tiene', 'Bus-Router', '75293143', '8959103000-323099619', '2', 'Tiene', 'Funciona', '45', '163259870', 'Tiene', '', '2017-09-24 11:46:00'),
(96, 48, 2, 19, 'Funciona', 'Tiene', 'Z3K6R14327000074', '866053010306159', 'Funciona', 'Detras del Conductor', 'Tiene', 'Tiene', 'Bus-Router', '74293483', '8959103000-323099643', '2', 'Tiene', 'Funciona', '48', '163259873', 'Tiene', '', '2017-09-24 13:41:00'),
(97, 105, 3, 4, 'No funciona', 'No tiene', '', '', 'No funciona', 'Baulera', 'Tiene', 'No Tiene', 'Bus-Router', '', '', '2', 'No tiene', 'No funciona', '', '', 'Tiene', 'IRPAVI - se retiro router Z3K6R14327000426   y SIM para el BA 120', '2017-09-24 16:11:00'),
(99, 95, 6, 11, 'Funciona', 'Tiene', 'Z3K6R14327000284', '866053010303206', 'Funciona', 'Baulera', 'Tiene', 'Tiene', 'Bus-Router', '75296402', '8959103000-323094784', '2', 'Tiene', 'Funciona', '95', 'OM5PAC60901478', 'Tiene', '', '2017-09-24 17:14:00'),
(100, 116, 6, 11, 'Funciona', 'Tiene', 'Z3K6R14327000458', '866053010304949', 'Funciona', 'Baulera', 'Tiene', 'Tiene', 'Bus-Router', '75297768', '8959103000-323094990', '2', 'Tiene', 'Funciona', '116', '163259927', 'Tiene', '', '2017-09-24 17:17:00'),
(101, 80, 3, 4, 'Funciona', 'Tiene', 'Z3K6R14327000135', '866053010306761', 'Funciona', 'Baulera', 'Tiene', 'Tiene', 'Bus-Router', '75295416', '8959103000-323094636', '1', 'Tiene', 'Funciona', '80', '163259766', 'Tiene', '', '2017-09-24 17:30:00'),
(102, 103, 6, 11, 'Funciona', 'Tiene', 'Z3K6R14327000247', '866053010302836', 'Funciona', 'Baulera', 'Tiene', 'Tiene', 'Bus-Router', '75297209', '8959103000-323094867', '2', 'Tiene', 'Funciona', '103', '163258752', 'Tiene', '', '2017-09-24 17:31:00'),
(103, 42, 1, 6, 'No funciona', 'No tiene', '', '', 'No funciona', 'Detras del Conductor', 'No Tiene', 'No Tiene', 'N/A (no aplica)', '', '', 'No tiene', 'No tiene', 'No funciona', '', '', 'No tiene', 'BUS EN PATIO INKALLOJETA SIN ROOTER NI CLOUD NI LOS CORRESPONDIENTES CARGADORES\r\n', '2017-09-24 17:46:00'),
(104, 8, 4, 5, 'Funciona', 'Tiene', 'Z3K6R14327000429', '866053010304659', 'Funciona', 'Detras del Conductor', 'Tiene', 'Tiene', 'Bus-Router', '75290655', '8959103000-323099262', '2', 'Tiene', 'Funciona', '8', '163259893', 'Tiene', '', '2017-09-25 06:41:00'),
(105, 78, 5, 14, 'Funciona', 'Tiene', 'Z3K6R14327000498', '866053010305342', 'Funciona', 'Baulera', 'Tiene', 'Tiene', 'Bus-Router', '', '8959103000-323094610', '2', 'Tiene', 'Funciona', '78', '163259764', 'Tiene', 'no se pudo sacar numero   de SIM ya que no tiene bateria el bus ', '2017-09-25 10:07:00'),
(106, 1, 1, 8, 'No funciona', 'No tiene', '', '', 'Funciona', 'Detras del Conductor', 'No Tiene', 'No Tiene', 'Bus-Router', '', '', 'No tiene', 'No tiene', 'No funciona', '', '', 'No tiene', 'SE PRESTÓ TODOS LOS DISPOSITIVOS ROUTER, CLOULD, CARGADORES Y SIM AL BA-057', '2017-09-25 10:19:00'),
(107, 96, 1, 8, 'Intermitente', 'Tiene', 'Z3K6R14327000395', '866053010304311', 'Funciona', 'Baulera', 'Tiene', 'Tiene', 'Bus-Router', '75291601', '8959103000-323099411', '2', 'Tiene', 'Funciona', '96', '163259785', 'Tiene', '', '2017-09-25 10:36:00'),
(108, 75, 1, 8, 'Funciona', 'Tiene', 'Z3K6R14327000297', '866053010303339', 'Funciona', 'Baulera', 'Tiene', 'Tiene', 'Bus-Router', '75294951', '8959103000323094586', '2', 'Tiene', 'Funciona', '75', '163259760', 'Tiene', '', '2017-09-25 10:44:00'),
(109, 71, 7, 6, 'Funciona', 'Tiene', 'Z3K6R14327000171', '866053010307124', 'Funciona', 'Baulera', 'Tiene', 'Tiene', 'Bus-Router', '75294809', '8959103000-323094545', '2', 'Tiene', 'Funciona', '71', '163259803', 'Tiene', '', '2017-09-25 10:47:00'),
(110, 25, 1, 8, 'No funciona', 'Tiene', 'Z3K6R14327000169', '866053010307108', 'Funciona', 'Detras del Conductor', 'Tiene', 'No Tiene', 'Simon', '', '', '2', 'Tiene', 'Funciona', '25', '163259911', 'Tiene', 'EL SIMCARD FUE PRESTADO A LA TABLETA DE TIPO MISTER TAB PARA PRUEBAS DE SIMON', '2017-09-25 10:50:00'),
(111, 43, 1, 8, 'No funciona', 'Tiene', 'Z3K6R14327000461', '866053010304972', 'Funciona', 'Detras del Conductor', 'No Tiene', 'No Tiene', 'Extraviado', '', '', '2', 'Tiene', 'Funciona', '43', '163259868', 'No tiene', 'SE DESCONOCE EL PARADERO DE LA SIMCARD', '2017-09-25 10:56:00'),
(112, 39, 1, 8, 'No funciona', 'Tiene', 'Z3K6R14327000223', '866053010307645', 'Funciona', 'Detras del Conductor', 'Tiene', 'Tiene', 'Bus-Router', '75291271', '8959103000-323099361', '2', 'Tiene', 'Funciona', '39', '163259864', 'Tiene', 'BUS PARADO POR MANTENIMIETNO', '2017-09-25 11:03:00'),
(113, 64, 1, 8, 'Funciona', 'Tiene', 'Z3K6R14327000337', '866053010303735', 'Funciona', 'Baulera', 'Tiene', 'Tiene', 'Bus-Router', '75294452', '8959103000323094479', '2', 'Tiene', 'Funciona', '64', '163259795', 'Tiene', '', '2017-09-25 11:07:00'),
(114, 113, 1, 8, 'Funciona', 'Tiene', 'Z3K6R14327000366', '866053010304022', 'Funciona', 'Baulera', 'Tiene', 'Tiene', 'Bus-Router', '75297703', '8959103000-323094966', '2', 'Tiene', 'Funciona', '113', '163259924', 'Tiene', '', '2017-09-25 11:10:00'),
(115, 92, 1, 8, 'Funciona', 'Tiene', 'Z3K6R14327000339', '866053010303750', 'Funciona', 'Baulera', 'Tiene', 'Tiene', 'Bus-Router', '75296367', '8959103000323094750', '2', 'Tiene', 'Funciona', '92', '163259781', 'Tiene', '', '2017-09-25 11:19:00'),
(116, 141, 1, 8, 'Funciona', 'Tiene', 'Z3K6R14327000348', '866053010303842', 'Funciona', 'Baulera', 'Tiene', 'Tiene', 'Bus-Router', '75299231', '8959103000323090246', '2', 'Tiene', 'Funciona', '141', '163259953', 'Tiene', '', '2017-09-25 11:25:00'),
(117, 12, 1, 8, 'Funciona', 'Tiene', 'Z3K6R14327000504', '866053010305409', 'Funciona', 'Detras del Conductor', 'Tiene', 'Tiene', 'Bus-Router', '75290747', '8959103000323099221', '2', 'Tiene', 'Funciona', '12', '163259898', 'Tiene', '', '2017-09-25 11:29:00'),
(118, 76, 1, 8, 'Funciona', 'Tiene', 'Z3K6R14327000094', '866053010306357', 'Funciona', 'Baulera', 'Tiene', 'Tiene', 'Bus-Router', '75295005', '8959103000-323094594', '2', 'Tiene', 'Funciona', '76', '163259762', 'Tiene', '', '2017-09-25 11:32:00'),
(119, 27, 1, 8, 'Funciona', 'Tiene', 'Z3K6R14327000320', '866053010307611', 'Funciona', 'Detras del Conductor', 'Tiene', 'Tiene', 'Bus-Router', '75290703', '8959103000-323099247', '2', 'Tiene', 'Funciona', '29', '163259916', 'Tiene', '', '2017-09-25 11:35:00'),
(120, 11, 1, 8, 'Funciona', 'Tiene', 'Z3K6R14327000020', '866053010305615', 'Funciona', 'Detras del Conductor', 'Tiene', 'Tiene', 'Bus-Router', '75290710', '8959103000323099239', '2', 'Tiene', 'Funciona', '11', '163259897', 'Tiene', 'BUS PARADO POR MANTENIMIENTO', '2017-09-25 11:46:00'),
(121, 57, 1, 8, 'Funciona', 'Tiene', 'Z3K6R14327000401', '866053010304378', 'Funciona', 'Detras del Conductor', 'Tiene', 'Tiene', 'Bus-Router', '75290042', '8959103000323099171', '2', 'Tiene', 'Funciona', '1', '163259885', 'Tiene', 'DISPOSITIVOS PERTENECIENTES AL BA-001', '2017-09-25 11:54:00'),
(122, 134, 3, 19, 'Funciona', 'Tiene', 'Z3K6R14327000341', '866053010303776', 'Funciona', 'Detras del Conductor', 'Tiene', 'Tiene', 'Bus-Router', '69724375', '8959103000323090170', '2', 'Tiene', 'Funciona', '134', '163259946', 'Tiene', '', '2017-09-25 11:54:00'),
(123, 49, 1, 8, 'No funciona', 'Tiene', 'Z3K6R14327000505', '866053010305417', 'Funciona', 'Detras del Conductor', 'Tiene', 'Tiene', 'Bus-Router', '', '8959103000-323034355', '2', 'Tiene', 'Funciona', '49', '163259874', 'No tiene', 'LA TARJETA DE SIMCARD ESTA DEFECTUOSA YA QUE NO SE CONECTA A LA RED DE TIGO', '2017-09-25 12:05:00'),
(124, 122, 5, 14, 'Funciona', 'Tiene', 'Z3K6R114327000127', '866053010306688', 'Funciona', 'Baulera', 'Tiene', 'Tiene', 'Bus-Router', '75298216', '8959103000-323090055', '2', 'Tiene', 'Funciona', '122', '163259933', 'Tiene', '', '2017-09-25 12:50:00'),
(131, 20, 1, 8, 'Funciona', 'Tiene', 'Z3K6R14327000154', '866053010306951', 'Funciona', 'Detras del Conductor', 'Tiene', 'Tiene', 'Bus-Router', '75292696', '8959103000323099569', '2', 'Tiene', 'Funciona', '131', '163259943', 'No tiene', 'SE PRESTÓ EL CLOUD AL BA-131 PARA VERIFICACIÓN DE FUNCIONAMIENTO, CUANDO SE INTENTO REPONER  EL BUS TUBO UN INCIDENTE', '2017-09-25 13:52:00'),
(132, 18, 1, 8, 'No funciona', 'No tiene', '', '', 'No funciona', 'Detras del Conductor', 'No Tiene', 'No Tiene', 'Bus-Router', '', '', 'No tiene', 'No tiene', 'No funciona', '', '', 'No tiene', 'TODOS LOS DISPOSITIVOS FUERON RE INSTALADOS EN EL BA-007', '2017-09-25 13:55:00'),
(133, 133, 2, 20, 'Funciona', 'Tiene', 'Z3K6R14327000385', '866053010304212', 'Funciona', 'Baulera', 'Tiene', 'Tiene', 'Bus-Router', '75298697', '8959103000-323090162', '2', 'Tiene', 'Funciona', '133', '163259945', 'Tiene', '', '2017-09-25 14:01:00'),
(134, 36, 8, 15, 'Funciona', 'Tiene', 'Z3K6R14327000455', '866053010304915', 'Funciona', 'Detras del Conductor', 'Tiene', 'Tiene', 'Bus-Router', '75292623', '8959103000-323099528', '2', 'Tiene', 'Funciona', '36', '163259860', 'Tiene', 'El bus no tiene energia', '2017-09-25 14:51:00'),
(135, 97, 4, 10, 'No funciona', 'Tiene', 'Z3K6R14327000474', '866053010305102', 'Funciona', 'Baulera', 'Tiene', 'Tiene', 'Bus-Router', '75296551', '8959103000-323094800', '2', 'Tiene', 'Funciona', '97', '163259787', 'Tiene', '', '2017-09-25 15:09:00'),
(136, 17, 1, 8, 'No funciona', 'No tiene', '', '', 'No funciona', 'Detras del Conductor', 'No Tiene', 'No Tiene', 'Bus-Router', '', '', 'No tiene', 'No tiene', 'No funciona', '', '', 'No tiene', 'TODOS LOS DISPOSITIVOS DE INTERNET FUERON REINSTALADOS EN EL BA-026', '2017-09-25 15:32:00'),
(137, 34, 4, 10, 'Funciona', 'Tiene', 'Z3K6R14327000404', '866053010304402', 'Funciona', 'Detras del Conductor', 'Tiene', 'Tiene', 'Bus-Router', '75292573', '8959103000-323099504', '2', 'Tiene', 'Funciona', '34', '163259857', 'Tiene', '', '2017-09-25 15:50:00'),
(138, 130, 3, 16, 'Funciona', 'Tiene', 'Z3K6R14327000261', '866053010302976', 'Funciona', 'Baulera', 'Tiene', 'Tiene', 'Bus-Router', '75298459', '8959103000-323090139', '2', 'Tiene', 'Funciona', '130', '163259942', 'Tiene', '', '2017-09-25 16:46:00'),
(139, 26, 4, 7, 'Funciona', 'Tiene', 'Z3K6R14327000213', '866053010307546', 'Funciona', 'Detras del Conductor', 'Tiene', 'Tiene', 'Bus-Router', '75290954', '8959103000-323099338', '2', 'Tiene', 'Funciona', '17', '163259903', 'Tiene', '', '2017-09-25 18:31:00'),
(140, 121, 4, 10, 'Funciona', 'Tiene', 'Z3K6R14327000170', '866053010307116', 'Funciona', 'Baulera', 'Tiene', 'Tiene', 'Bus-Router', '75298022', '8959103000-323090048', '2', 'Tiene', 'Funciona', '121', '163259932', 'Tiene', '', '2017-09-25 18:42:00'),
(141, 86, 4, 7, 'Funciona', 'Tiene', 'Z3K6R14327000391', '866053010304279', 'Funciona', 'Baulera', 'Tiene', 'Tiene', 'Bus-Router', '75295773', '8959103000-323094693', '2', 'Tiene', 'Funciona', '86', '163259772', 'Tiene', '', '2017-09-25 18:57:00'),
(142, 7, 4, 10, 'Funciona', 'Tiene', 'Z3K6R14327000399', '866053010304352', 'Funciona', 'Detras del Conductor', 'Tiene', 'Tiene', 'Bus-Router', '75291045', '8959103000-323099346', '2', 'Tiene', 'Funciona', '18', '163259904', 'Tiene', '', '2017-09-25 19:05:00'),
(143, 118, 7, 6, 'Funciona', 'Tiene', 'Z3K6R14327000148', '866053010306894', 'Funciona', 'Baulera', 'Tiene', 'Tiene', 'Bus-Router', '75297929', '8959103000-323090014', '2', 'Tiene', 'Funciona', '118', '163259929', 'Tiene', '', '2017-09-25 19:22:00'),
(144, 107, 7, 20, 'Funciona', 'Tiene', 'ZK6R14327000451', '866053010304873', 'Funciona', 'Baulera', 'Tiene', 'Tiene', 'Bus-Router', '75297379', '8959103000-323094909', '2', 'Tiene', 'Funciona', '107', '163259918', 'Tiene', '', '2017-09-25 19:59:00'),
(145, 74, 7, 20, 'Funciona', 'Tiene', 'Z3K6R14327000400', '866053010304360', 'Funciona', 'Baulera', 'Tiene', 'Tiene', 'Bus-Router', '75294936', '8959103000-323094578', '2', 'Tiene', 'Funciona', '74', '163259759', 'Tiene', '', '2017-09-25 20:33:00'),
(146, 77, 2, 6, 'Funciona', 'Tiene', 'Z3K6R14327000352', '866053010303883', 'Funciona', 'Baulera', 'Tiene', 'Tiene', 'Bus-Router', '75295121', '8959103000-323094602', '2', 'Tiene', 'Funciona', '77', '', 'Tiene', 'COVIMOTORS PARADO ALLI POR ARREGLO DE CAJA ZF, SERIE DE CLOUD ILEGIBLE SOLO CUENTA CON NUMERO DE ASIGNACION DE BUS 77', '2017-09-25 20:59:00'),
(147, 37, 4, 7, 'Funciona', 'Tiene', 'Z3K6R14327000029', '866053010305706', 'Funciona', 'Detras del Conductor', 'Tiene', 'Tiene', 'Bus-Router', '75292632', '8959103000-323099536', '2', 'Tiene', 'Funciona', '37', '163259862', 'Tiene', '', '2017-09-25 21:15:00'),
(148, 126, 2, 6, 'Funciona', 'Tiene', 'Z3K6R14327000241', '866053010307827', 'Funciona', 'Baulera', 'Tiene', 'Tiene', 'Bus-Router', '75298409', '8959103000-323090097', '2', 'Tiene', 'Funciona', '126', '163259938', 'Tiene', 'COVIMOTORS PARADO ALLI POR ARREGLO DE CAJA ZF', '2017-09-25 21:28:00'),
(149, 52, 4, 7, 'Funciona', 'Tiene', 'Z3K6R14327000085', '866053010306266', 'Funciona', 'Detras del Conductor', 'Tiene', 'Tiene', 'Bus-Router', '75293628', '8959103000-323099684', '2', 'Tiene', 'Funciona', '52', '163259878', 'Tiene', '', '2017-09-25 21:41:00'),
(150, 31, 5, 2, 'No funciona', 'Tiene', '', '', 'No funciona', 'Detras del Conductor', 'Tiene', 'No Tiene', 'Simon', '75292451', '8959103000-323099478', '2', 'Tiene', 'No funciona', '31', '', 'Tiene', 'no se pudo observar el sistema por falta de batería y se encuentra en mantenimiento', '2017-09-25 22:24:00'),
(151, 73, 5, 2, 'Funciona', 'Tiene', '', '', 'Funciona', 'Baulera', 'Tiene', 'Tiene', 'Bus-Router', '75294929', '8959103000323094560', '2', 'Tiene', 'Funciona', '73', '', 'Tiene', '', '2017-09-25 23:13:00'),
(152, 136, 5, 2, 'Funciona', 'Tiene', '', '', 'Funciona', 'Baulera', 'Tiene', 'Tiene', 'Bus-Router', '75298854', '8959103000323090196', '2', 'Tiene', 'Funciona', '136', '', 'Tiene', '', '2017-09-25 23:23:00'),
(153, 24, 4, 5, 'No funciona', 'Tiene', 'Z3K6R14327000140', '866053010307314', 'Funciona', 'Detras del Conductor', 'Tiene', 'No Tiene', 'Simon', '75291532', '8959103000-323099403', '2', 'Tiene', 'Funciona', '24', '163259910', 'Tiene', '', '2017-09-26 09:43:00'),
(154, 89, 2, 6, 'Funciona', 'Tiene', 'Z3K6R14327000272', '866053010303081', 'Funciona', 'Baulera', 'Tiene', 'Tiene', 'Bus-Router', '75296249', '8959103000-323094727', '2', 'Tiene', 'Funciona', '89', '163259775', 'Tiene', 'COVIMOTORS BUS PARADO POR REPARACION DE CAJA ZF', '2017-09-26 09:46:00');

-- --------------------------------------------------------

--
-- Estructura de tabla para la tabla `roles`
--

CREATE TABLE `roles` (
  `idroles` int(11) NOT NULL,
  `nombre` varchar(45) NOT NULL
) ENGINE=InnoDB DEFAULT CHARSET=utf8;

--
-- Volcado de datos para la tabla `roles`
--

INSERT INTO `roles` (`idroles`, `nombre`) VALUES
(1, 'administrador'),
(2, 'superusurio'),
(3, 'usuario');

-- --------------------------------------------------------

--
-- Estructura de tabla para la tabla `seguridad`
--

CREATE TABLE `seguridad` (
  `idseguridad` int(11) NOT NULL,
  `bus_idbus` int(11) NOT NULL,
  `instalacion_idinstalacion` int(11) NOT NULL,
  `usuario_idusuario` int(11) NOT NULL,
  `dvr_gabinete` varchar(45) NOT NULL,
  `dvr` varchar(45) NOT NULL,
  `dvr_existencia` varchar(45) NOT NULL,
  `funcion_grabacion` varchar(45) NOT NULL,
  `Almacenamiento` varchar(45) NOT NULL,
  `Capacidad` varchar(45) NOT NULL,
  `num_serie_hdd` varchar(45) NOT NULL,
  `tornillos_rac_hdd` varchar(45) NOT NULL,
  `adaptador_rca` varchar(45) NOT NULL,
  `lambda1` varchar(45) NOT NULL,
  `lambda2` varchar(45) NOT NULL,
  `lambda3` varchar(45) NOT NULL,
  `lambda4` varchar(45) NOT NULL,
  `out1` varchar(45) NOT NULL,
  `out2` varchar(45) NOT NULL,
  `out3` varchar(45) NOT NULL,
  `out4` varchar(45) NOT NULL,
  `kl_mesclaor_video` varchar(45) NOT NULL,
  `kl_out1` varchar(45) NOT NULL,
  `kl_out2` varchar(45) NOT NULL,
  `kl_out3` varchar(45) NOT NULL,
  `kl_out4` varchar(45) NOT NULL,
  `cam_com_front` varchar(45) NOT NULL,
  `cam_com_cond` varchar(45) NOT NULL,
  `cam_val` varchar(45) NOT NULL,
  `cam_puerta_sal` varchar(45) NOT NULL,
  `cam_retro` varchar(45) NOT NULL,
  `obs` varchar(800) NOT NULL,
  `fecha` datetime NOT NULL
) ENGINE=InnoDB DEFAULT CHARSET=utf8;

--
-- Volcado de datos para la tabla `seguridad`
--

INSERT INTO `seguridad` (`idseguridad`, `bus_idbus`, `instalacion_idinstalacion`, `usuario_idusuario`, `dvr_gabinete`, `dvr`, `dvr_existencia`, `funcion_grabacion`, `Almacenamiento`, `Capacidad`, `num_serie_hdd`, `tornillos_rac_hdd`, `adaptador_rca`, `lambda1`, `lambda2`, `lambda3`, `lambda4`, `out1`, `out2`, `out3`, `out4`, `kl_mesclaor_video`, `kl_out1`, `kl_out2`, `kl_out3`, `kl_out4`, `cam_com_front`, `cam_com_cond`, `cam_val`, `cam_puerta_sal`, `cam_retro`, `obs`, `fecha`) VALUES
(1, 127, 3, 4, 'Buen Estado', 'Tiene', 'Ambos moulos', 'Graba', 'HDD', '1 Tb', 'WX61A44A7196', '2', 'Funciona', 'Funciona', 'Funciona', 'Funciona', 'Funciona', 'Funciona', 'Funciona', 'Funciona', 'Funciona', 'Funciona', 'Funciona', 'Funciona', 'Funciona', 'Funciona', 'Sana', 'Sana', 'Sana', 'Sana', 'Sana', '', '2017-09-19 14:18:00'),
(2, 79, 3, 4, 'Buen Estado', 'Tiene', 'Ambos moulos', 'Graba', 'HDD', '1 Tb', 'WX41A84F1JVY', '2', 'Funciona', 'Funciona', 'Funciona', 'Funciona', 'Funciona', 'Funciona', 'Funciona', 'Funciona', 'Funciona', 'Funciona', 'Funciona', 'Funciona', 'Funciona', 'Funciona', 'Sana', 'Sana', 'Sana', 'Sana', 'Sana', '', '2017-09-19 14:30:00'),
(3, 120, 3, 4, 'Buen Estado', 'Tiene', 'Ambos moulos', 'Graba', 'HDD', '1 Tb', 'WXK1E64FU4U9', 'Completo', 'Funciona', 'Funciona', 'Funciona', 'Funciona', 'Funciona', 'Funciona', 'Funciona', 'Funciona', 'Funciona', 'Funciona', 'Funciona', 'Funciona', 'Funciona', 'Funciona', 'Sana', 'Sana', 'Sana', 'Sana', 'Sana', '', '2017-09-19 14:43:00'),
(4, 114, 3, 4, 'Buen Estado', 'Tiene', 'Ambos moulos', 'Graba', 'HDD', '1 Tb', 'WXW1E64SZ6NX', 'Completo', 'Funciona', 'Funciona', 'Funciona', 'Funciona', 'Funciona', 'Funciona', 'Funciona', 'Funciona', 'Funciona', 'Funciona', 'Funciona', 'Funciona', 'Funciona', 'Funciona', 'Sana', 'Sana', 'Sana', 'Sana', 'Sana', '', '2017-09-19 14:58:00'),
(8, 125, 3, 4, 'Buen Estado', 'Tiene', 'Moulo de Grabacion', 'Graba', 'HDD', '1 Tb', 'WXW1E64JN0ZA', 'Completo', 'Funciona', 'Funciona', 'Funciona', 'Funciona', 'Funciona', 'Funciona', 'Funciona', 'Funciona', 'Funciona', 'Funciona', 'Funciona', 'Funciona', 'Funciona', 'Funciona', 'Sana', 'Sana', 'Sana', 'Sana', 'Sana', '', '2017-09-19 15:26:00'),
(9, 130, 3, 4, 'Buen Estado', 'Tiene', 'Ambos moulos', 'Graba', 'HDD', '1 Tb', 'WXW1E64HE7K4', 'Completo', 'Funciona', 'Funciona', 'Funciona', 'Funciona', 'Funciona', 'Funciona', 'Funciona', 'Funciona', 'Funciona', 'Funciona', 'Funciona', 'Funciona', 'Funciona', 'Funciona', 'Sana', 'Sana', 'Sana', 'Sana', 'Sana', 'OTRO MODELO DE DVR FUNCION DE GRABACION INTER', '2017-09-19 15:45:00'),
(10, 84, 3, 4, 'Buen Estado', 'Tiene', 'Moulo de Grabacion', 'Graba', 'HDD', '1 Tb', 'WXM1E14FXDW5', '1', 'Funciona', 'Funciona', 'Funciona', 'Funciona', 'Funciona', 'Funciona', 'Funciona', 'Funciona', 'Funciona', 'Funciona', 'Funciona', 'Funciona', 'Funciona', 'Funciona', 'Sana', 'Sana', 'Sana', 'Sana', 'Sana', 'TORNILLO SUJETADOR DE DVR CON GABINETE NO TIE', '2017-09-19 16:02:00'),
(14, 123, 1, 17, 'Buen Estado', 'Tiene', 'Moulo de Grabacion', 'Graba', 'HDD', '1 Tb', 'WX91E74T7D6N', '3', 'Funciona', 'Funciona', 'Funciona', 'Funciona', 'Funciona', 'Funciona', 'Funciona', 'Funciona', 'Funciona', 'Funciona', 'Funciona', 'Funciona', 'Funciona', 'Funciona', 'Sana', 'Sana', 'Sana', 'Sana', 'Sana', 'Las cámaras están a cegadas con aislante', '2017-09-20 14:44:00'),
(15, 96, 1, 17, 'Buen Estado', 'Tiene', 'Moulo de Grabacion', 'Graba', 'HDD', '1 Tb', 'WXE1A259SKC3', 'Completo', 'Funciona', 'Funciona', 'Funciona', 'Funciona', 'Funciona', 'Funciona', 'Funciona', 'Funciona', 'Funciona', 'Funciona', 'Funciona', 'Funciona', 'Funciona', 'Funciona', 'Sana', 'Sana', 'Sana', 'Sana', 'Sana', 'Las cámaras se encuentras con restos de precinto antiguo ', '2017-09-20 15:00:00'),
(16, 115, 1, 17, 'Buen Estado', 'Tiene', 'Moulo de Grabacion', 'Graba', 'HDD', '1 Tb', 'WXW1E64T52U4', '2', 'Funciona', 'Funciona', 'Funciona', 'Funciona', 'Funciona', 'Funciona', 'Funciona', 'Funciona', 'Funciona', 'Funciona', 'Funciona', 'Funciona', 'Funciona', 'Funciona', 'Sana', 'Sana', 'Sana', 'Sana', 'Sana', 'Las cámaras tienen residuos de precintos antiguos', '2017-09-20 15:08:00'),
(17, 124, 1, 17, 'Buen Estado', 'Tiene', 'Moulo de Grabacion', 'Graba', 'HDD', '1 Tb', 'WXK1E649MCRZ', 'Completo', 'Funciona', 'Funciona', 'Funciona', 'Funciona', 'Funciona', 'Funciona', 'Funciona', 'Funciona', 'Funciona', 'Funciona', 'Funciona', 'Funciona', 'Funciona', 'Funciona', 'Sana', 'Sana', 'Sana', 'Sana', 'Sana', 'Cámaras aseguradas con aislante', '2017-09-20 15:25:00'),
(18, 140, 1, 17, 'Buen Estado', 'Tiene', 'Ambos moulos', 'Graba', 'HDD', '1 Tb', 'WXK1E64A6KMM', 'Completo', 'Funciona', 'Funciona', 'Funciona', 'Funciona', 'Funciona', 'Funciona', 'Funciona', 'Funciona', 'Funciona', 'Funciona', 'Funciona', 'Funciona', 'Funciona', 'Funciona', 'Sana', 'Sana', 'Sana', 'Sana', 'Sana', 'Las cámaras están aseguradas con aislante', '2017-09-20 15:58:00'),
(19, 94, 3, 16, 'Buen Estado', 'Tiene', 'Moulo de Grabacion', 'Graba', 'HDD', '1 Tb', '  WX41A74FZ2TU', 'Completo', 'Funciona', 'Funciona', 'Funciona', 'Funciona', 'Funciona', 'Funciona', 'Funciona', 'Funciona', 'Funciona', 'Funciona', 'Funciona', 'Funciona', 'Funciona', 'Funciona', 'Sana', 'Sana', 'Sana', 'Sana', 'Sana', 'SOPORTE DE CAMARA FRONTAL ROTO / BUS PARADO POR MT POR CONSUMO DE ACEITE DE MOTOR / NO TIENE BATERIAS EL BUS SIN ENERGIA ', '2017-09-20 15:59:00'),
(20, 59, 1, 17, 'Buen Estado', 'Tiene', 'Ambos moulos', 'Graba', 'SD', '64 Gb', '', 'No Tiene', 'No tiene', 'Funciona', 'Funciona', 'Funciona', 'Funciona', 'Funciona', 'Funciona', 'Funciona', 'Funciona', 'No tiene', 'Funciona', 'Funciona', 'Funciona', 'Funciona', 'Sana', 'No tiene', 'No tiene', 'Sana', 'Sana', 'Lamda 2 está en kl out1', '2017-09-20 16:25:00'),
(21, 111, 2, 6, 'Buen Estado', 'Tiene', 'Ambos moulos', 'Graba', 'HDD', '1 Tb', 'WX91E7437LF0', 'Completo', 'Funciona', 'Funciona', 'Funciona', 'Funciona', 'Funciona', 'Funciona', 'Funciona', 'Funciona', 'Funciona', 'Funciona', 'Funciona', 'Funciona', 'Funciona', 'Funciona', 'Sana', 'Sana', 'Sana', 'Sana', 'Sana', '', '2017-09-20 16:27:00'),
(22, 137, 1, 17, 'Buen Estado', 'Tiene', 'Ambos moulos', 'Graba', 'HDD', '1 Tb', 'WXW1E64XUWU1', '3', 'Funciona', 'Funciona', 'Funciona', 'Funciona', 'Funciona', 'Funciona', 'Funciona', 'Funciona', 'Funciona', 'Funciona', 'Funciona', 'Funciona', 'Funciona', 'Funciona', 'Sana', 'Sana', 'Sana', 'Sana', 'Sana', 'Las cámaras están aseguradas con cinta aislante', '2017-09-20 17:01:00'),
(23, 92, 1, 17, 'Buen Estado', 'Tiene', 'Ambos moulos', 'Graba', 'HDD', '1 Tb', 'WX71A3461569', 'Completo', 'Funciona', 'Funciona', 'Funciona', 'Funciona', 'Funciona', 'Funciona', 'Funciona', 'Funciona', 'Funciona', 'Funciona', 'Funciona', 'Funciona', 'Funciona', 'Funciona', 'Sana', 'Sana', 'Sana', 'Sana', 'Sana', 'Las cámaras estan aseguradas con silicona', '2017-09-20 18:37:00'),
(24, 28, 2, 6, 'Buen Estado', 'Tiene', 'Ambos moulos', 'Graba', 'SD', '64 Gb', '', 'No Tiene', 'Funciona', 'Funciona', 'Funciona', 'Funciona', 'Funciona', 'Funciona', 'Funciona', 'Funciona', 'Funciona', 'No tiene', 'Funciona', 'Funciona', 'Funciona', 'Funciona', 'No tiene', 'No tiene', 'Sana', 'Sana', 'Sana', '', '2017-09-20 19:48:00'),
(25, 6, 2, 20, 'Buen Estado', 'Tiene', 'Ambos moulos', 'Graba', 'SD', '64 Gb', '', 'No Tiene', 'Funciona', 'Funciona', 'Funciona', 'Funciona', 'Funciona', 'Funciona', 'Funciona', 'Funciona', 'Funciona', 'No tiene', 'Funciona', 'Funciona', 'Funciona', 'Funciona', 'No tiene', 'No tiene', 'Sana', 'Sana', 'Sana', '', '2017-09-20 20:35:00'),
(26, 5, 2, 20, 'Buen Estado', 'Tiene', 'Ambos moulos', 'Graba', 'SD', '32 Gb', '', 'No Tiene', 'Funciona', 'Funciona', 'Funciona', 'Funciona', 'Funciona', 'Funciona', 'Funciona', 'Funciona', 'Funciona', 'No tiene', 'Funciona', 'Funciona', 'Funciona', 'Funciona', 'No tiene', 'No tiene', 'Sana', 'Sana', 'Sana', '', '2017-09-20 21:09:00'),
(27, 33, 2, 19, 'Buen Estado', 'Tiene', 'Ambos moulos', 'Graba', 'SD', '64 Gb', '', 'No Tiene', 'Funciona', 'Reparado', 'Funciona', 'Reparado', 'Funciona', 'Funciona', 'Reparado', 'Funciona', 'Funciona', 'No tiene', 'Funciona', 'Funciona', 'Funciona', 'Funciona', 'No tiene', 'No tiene', 'Sana', 'Sana', 'Sana', '', '2017-09-20 21:47:00'),
(28, 82, 3, 16, 'Buen Estado', 'Tiene', 'Moulo de Grabacion', 'Graba', 'HDD', '1 Tb', 'WX21A84NJOHT', 'Completo', 'Funciona', 'Funciona', 'Funciona', 'Funciona', 'Funciona', 'Funciona', 'Funciona', 'Funciona', 'Funciona', 'Funciona', 'Funciona', 'Funciona', 'Funciona', 'Funciona', 'Sana', 'Sana', 'Sana', 'Sana', 'Sana', 'PARADO POR MT / SOPORTE DE CAMARA FRONTAL ROTO / CANDADO DE CAJA NEGRA NO CIERRA BIEN ', '2017-09-20 21:55:00'),
(29, 69, 6, 9, 'Buen Estado', 'Tiene', 'Ambos moulos', 'Graba', 'HDD', '1 Tb', 'WX91E74T9RRR', 'Completo', 'Funciona', 'Funciona', 'Funciona', 'Funciona', 'Funciona', 'Funciona', 'Funciona', 'Funciona', 'Funciona', 'Funciona', 'Funciona', 'Funciona', 'Funciona', 'Funciona', 'Sana', 'Sana', 'Sana', 'Sana', 'Sana', 'Cableducto no sujeta bien la tapa', '2017-09-21 06:53:00'),
(30, 100, 6, 9, 'Buen Estado', 'Tiene', 'Modulo de alimentacion', 'Graba', 'HDD', '1 Tb', 'WXT1E64MYNNW', 'Completo', 'Funciona', 'Reparado', 'Funciona', 'Funciona', 'Funciona', 'Funciona', 'Funciona', 'Funciona', 'Funciona', 'Intermitente', 'Funciona', 'Funciona', 'Funciona', 'Funciona', 'Sana', 'Sana', 'Sana', 'Sana', 'Sana', 'Camara delantera intermitente, conector de camara en mal estado', '2017-09-21 07:01:00'),
(31, 21, 6, 9, 'Buen Estado', 'Tiene', 'Ambos moulos', 'Graba', 'SD', '64 Gb', '', 'No Tiene', 'Funciona', 'Funciona', 'Funciona', 'Funciona', 'No funciona', 'Funciona', 'Funciona', 'Funciona', 'No funciona', 'No tiene', 'Funciona', 'Funciona', 'Funciona', 'No funciona', 'No tiene', 'No tiene', 'Sana', 'Sana', 'Sana', 'Tiene conexion de rsa a kl donde se visualiza grabacion ', '2017-09-21 07:13:00'),
(32, 95, 6, 9, 'Buen Estado', 'Tiene', 'Ambos moulos', 'Graba', 'HDD', '1 Tb', 'WXW1E64NESH6', 'Completo', 'Funciona', 'Funciona', 'Funciona', 'Funciona', 'Funciona', 'No funciona', 'Funciona', 'Funciona', 'Funciona', 'Funciona', 'Funciona', 'Funciona', 'Funciona', 'Funciona', 'Sana', 'Sana', 'Sana', 'Sana', 'Sana', 'Se tiene conector mal a la altura de dvr anteriormente de retro pero se lo cambio para uso en KL', '2017-09-21 07:45:00'),
(33, 119, 2, 6, 'Buen Estado', 'Tiene', 'Ambos moulos', 'Graba', 'HDD', '1 Tb', 'WX71A44W7678', 'Completo', 'Funciona', 'Funciona', 'Funciona', 'Funciona', 'Funciona', 'Funciona', 'Funciona', 'Funciona', 'Funciona', 'Funciona', 'Funciona', 'Funciona', 'Funciona', 'Funciona', 'Sana', 'Sana', 'Sana', 'Sana', 'Sana', '', '2017-09-21 10:06:00'),
(34, 112, 6, 9, 'Buen Estado', 'Tiene', 'Ambos moulos', 'Graba', 'HDD', '1 Tb', 'WXW1E64XAH01', 'Completo', 'Funciona', 'Funciona', 'Funciona', 'Funciona', 'Funciona', 'Funciona', 'Funciona', 'Funciona', 'Funciona', 'Intermitente', 'Funciona', 'Funciona', 'Funciona', 'Funciona', 'Sana', 'Sana', 'Sana', 'Sana', 'Sana', 'El candado de acceso al dvr es dificil de abrir, se sugiere cambiar', '2017-09-21 11:09:00'),
(35, 138, 3, 4, 'Buen Estado', 'Tiene', 'Ambos moulos', 'Graba', 'HDD', '1 Tb', 'WXM1E746EY3E', 'Completo', 'Funciona', 'Funciona', 'Funciona', 'Funciona', 'Funciona', 'Funciona', 'Funciona', 'Funciona', 'Funciona', 'Funciona', 'Funciona', 'Funciona', 'Funciona', 'Funciona', 'Sana', 'Sana', 'Sana', 'Sana', 'Sana', 'BUS PARADO EN PATIO POR MANTENIMIENTO', '2017-09-21 11:12:00'),
(36, 116, 6, 9, 'Buen Estado', 'Tiene', 'Ambos moulos', 'Graba', 'HDD', '1 Tb', 'WXL1E64AM5JH', 'Completo', 'Funciona', 'Funciona', 'Funciona', 'Funciona', 'Funciona', 'Funciona', 'Funciona', 'Funciona', 'Funciona', 'Funciona', 'Funciona', 'Funciona', 'Funciona', 'Funciona', 'Sana', 'Sana', 'Sana', 'Sana', 'Sana', '', '2017-09-21 11:29:00'),
(37, 104, 6, 9, 'Buen Estado', 'Tiene', 'Ambos moulos', 'Graba', 'HDD', '1 Tb', 'WXW1E64PZACW', 'Completo', 'Funciona', 'Funciona', 'Funciona', 'Funciona', 'Funciona', 'Funciona', 'Funciona', 'Funciona', 'Funciona', 'Funciona', 'Funciona', 'Funciona', 'Funciona', 'Funciona', 'Sana', 'Sana', 'Sana', 'Sana', 'Sana', 'El rac negro esta no sujetado y el disco pertenecia al BA-102', '2017-09-21 11:38:00'),
(38, 29, 2, 20, 'Buen Estado', 'No tiene', 'Ambos moulos', 'No graba', 'No tiene', 'Otro', '', 'No Tiene', 'Funciona', 'Funciona', 'Funciona', 'Funciona', 'Funciona', 'Funciona', 'Funciona', 'Funciona', 'Funciona', 'No tiene', 'Funciona', 'Funciona', 'Funciona', 'Funciona', 'No tiene', 'No tiene', 'Sana', 'Sana', 'Sana', '', '2017-09-21 11:39:00'),
(39, 9, 2, 20, 'Buen Estado', 'Tiene', 'Ambos moulos', 'Graba', 'No tiene', 'Otro', '', 'No Tiene', 'Funciona', 'Funciona', 'Funciona', 'Funciona', 'Funciona', 'Funciona', 'Funciona', 'Funciona', 'Funciona', 'No tiene', 'Funciona', 'Funciona', 'Funciona', 'Funciona', 'No tiene', 'No tiene', 'Sana', 'Sana', 'Sana', 'PROBLEMA CON CAPACITORES,.', '2017-09-21 11:45:00'),
(40, 106, 6, 9, 'Buen Estado', 'Tiene', 'Ambos moulos', 'Graba', 'HDD', '1 Tb', 'WX41A74FZ522', 'Completo', 'Funciona', 'Funciona', 'Funciona', 'Funciona', 'Funciona', 'Funciona', 'Funciona', 'Funciona', 'Funciona', 'Funciona', 'Funciona', 'Funciona', 'Funciona', 'Funciona', 'Sana', 'Sana', 'Sana', 'Sana', 'Sana', 'Disco duro del BA103 ', '2017-09-21 11:54:00'),
(41, 98, 3, 18, 'Buen Estado', 'Tiene', 'Ambos moulos', 'Graba', 'HDD', '1 Tb', 'WXW1E64Z1EP7', '3', 'Funciona', 'Funciona', 'Funciona', 'Funciona', 'Funciona', 'Funciona', 'Funciona', 'Funciona', 'Funciona', 'Funciona', 'Funciona', 'Funciona', 'Funciona', 'Funciona', 'Sana', 'Sana', 'Sana', 'Sana', 'Sana', 'BUS PARADO EN PATIO POR MANTENIMIENTO', '2017-09-21 12:54:00'),
(42, 81, 3, 4, 'Buen Estado', 'Tiene', 'Ambos moulos', 'Graba', 'HDD', '1 Tb', 'WX41A74FZL65', 'Completo', 'Funciona', 'Funciona', 'Funciona', 'Funciona', 'Funciona', 'Funciona', 'Funciona', 'Funciona', 'Funciona', 'Funciona', 'Funciona', 'Funciona', 'Funciona', 'Funciona', 'Sana', 'Sana', 'Sana', 'Sana', 'Sana', 'LA VISUALIZACIÓN EN LAMBDA 1 ES INTERMITENTE', '2017-09-21 14:02:00'),
(43, 139, 3, 4, 'Buen Estado', 'Tiene', 'Ambos moulos', 'Graba', 'HDD', '1 Tb', 'WXE1A259SPFT', 'Completo', 'Funciona', 'Funciona', 'Funciona', 'Funciona', 'Funciona', 'Funciona', 'Funciona', 'Funciona', 'Funciona', 'Funciona', 'Funciona', 'Funciona', 'Funciona', 'Funciona', 'Sana', 'Sana', 'Sana', 'Sana', 'Sana', '', '2017-09-21 16:06:00'),
(44, 85, 3, 4, 'Buen Estado', 'Tiene', 'Ambos moulos', 'Graba', 'HDD', '1 Tb', 'WX21A44E0538', '3', 'Funciona', 'Funciona', 'Funciona', 'Funciona', 'Funciona', 'Funciona', 'Funciona', 'Funciona', 'Funciona', 'Funciona', 'Funciona', 'Funciona', 'Funciona', 'Funciona', 'Sana', 'Sana', 'Sana', 'Sana', 'Sana', 'BUS PARADO EN PATIO POR MANTENIMIENTO ', '2017-09-21 16:53:00'),
(45, 131, 3, 16, 'Buen Estado', 'Tiene', 'Ambos moulos', 'Graba', 'HDD', '1 Tb', 'WXK1E648V481', 'Completo', 'Funciona', 'Funciona', 'Funciona', 'Funciona', 'Funciona', 'Funciona', 'Funciona', 'Funciona', 'Funciona', 'Funciona', 'Funciona', 'Funciona', 'Funciona', 'Funciona', 'Sana', 'Sana', 'Sana', 'Sana', 'Sana', 'PARADO POR INCIDENTE (BUS APEDRIADO)', '2017-09-21 17:41:00'),
(46, 10, 3, 16, 'Buen Estado', 'Tiene', 'Moulo de Grabacion', 'Bus sin energia', 'SD', '64 Gb', 'B53367-8841', 'Completo', 'Funciona', 'Funciona', 'Funciona', 'Funciona', 'No funciona', 'Funciona', 'Funciona', 'Funciona', 'No funciona', 'No tiene', 'Funciona', 'Funciona', 'Funciona', 'No funciona', 'No tiene', 'No tiene', 'Sana', 'Sana', 'Sana', 'BUS PARADO POR INCIDENTE (APEDRIADO) NO TINENE BATERIAS EL BUS ', '2017-09-21 19:30:00'),
(47, 117, 5, 14, 'Buen Estado', 'Tiene', 'Ambos moulos', 'Graba', 'HDD', '1 Tb', 'WXW1E64NDEND', 'Completo', 'Funciona', 'Funciona', 'Funciona', 'Funciona', 'Funciona', 'Funciona', 'Funciona', 'Funciona', 'Funciona', 'Funciona', 'Funciona', 'Funciona', 'Funciona', 'Funciona', 'Sana', 'Sana', 'Sana', 'Sana', 'Sana', '', '2017-09-22 03:22:00'),
(48, 65, 5, 14, 'Buen Estado', 'Tiene', 'Ambos moulos', 'Graba', 'HDD', '1 Tb', 'WXW1E6405R19', '3', 'Funciona', 'Funciona', 'Funciona', 'Funciona', 'Funciona', 'Funciona', 'Funciona', 'Funciona', 'Funciona', 'Funciona', 'Funciona', 'Funciona', 'Funciona', 'Funciona', 'Sana', 'Sana', 'Sana', 'Sana', 'Sana', '', '2017-09-22 03:53:00'),
(49, 72, 5, 14, 'Buen Estado', 'Tiene', 'Ambos moulos', 'Graba', 'HDD', '1 Tb', 'WX31AC49502E', 'Completo', 'Funciona', 'Funciona', 'Funciona', 'Funciona', 'Funciona', 'Funciona', 'Funciona', 'Funciona', 'Funciona', 'Funciona', 'Funciona', 'Funciona', 'Funciona', 'Funciona', 'Sana', 'Sana', 'Sana', 'Sana', 'Sana', '', '2017-09-22 03:56:00'),
(50, 109, 5, 14, 'Buen Estado', 'Tiene', 'Ambos moulos', 'Graba', 'HDD', '1 Tb', 'WX61A44J0229', 'Completo', 'Funciona', 'Funciona', 'Funciona', 'Funciona', 'Funciona', 'Funciona', 'Funciona', 'Funciona', 'Funciona', 'Funciona', 'Funciona', 'Funciona', 'Funciona', 'Funciona', 'Sana', 'Sana', 'Sana', 'Sana', 'Sana', '', '2017-09-22 03:57:00'),
(51, 46, 5, 14, 'Buen Estado', 'Tiene', 'Ambos moulos', 'Graba', 'HDD', '64 Gb', '', 'No Tiene', 'Funciona', 'Funciona', 'Funciona', 'Funciona', 'Funciona', 'Funciona', 'Funciona', 'Funciona', 'Funciona', 'no tiene ', 'Funciona', 'Funciona', 'Funciona', 'Funciona', 'No tiene', 'Sana', 'Sana', 'Sana', 'Sana', '', '2017-09-22 04:00:00'),
(52, 19, 5, 14, 'Buen Estado', 'Tiene', 'Ambos moulos', 'Graba', 'SD', '32 Gb', '', 'No Tiene', 'Funciona', 'Funciona', 'Funciona', 'Funciona', 'Funciona', 'Funciona', 'Funciona', 'Funciona', 'Funciona', 'No tiene', 'Funciona', 'Funciona', 'Funciona', 'Funciona', 'No tiene', 'Sana', 'Sana', 'Sana', 'Sana', '', '2017-09-22 04:01:00'),
(53, 88, 5, 14, 'Buen Estado', 'Tiene', 'Ambos moulos', 'Graba', 'HDD', '1 Tb', 'WXK1E6482SEM', '2', 'Funciona', 'Funciona', 'Funciona', 'Funciona', 'Funciona', 'Funciona', 'Funciona', 'Funciona', 'Funciona', 'Funciona', 'Funciona', 'Funciona', 'Funciona', 'Funciona', 'Sana', 'Sana', 'Sana', 'Sana', 'Sana', '', '2017-09-22 05:03:00'),
(54, 68, 5, 14, 'Buen Estado', 'Tiene', 'Ambos moulos', 'Graba', 'HDD', '1 Tb', 'WX91E746UDEA', 'Completo', 'Funciona', 'Funciona', 'Funciona', 'Funciona', 'Funciona', 'Funciona', 'Funciona', 'Funciona', 'Funciona', 'Funciona', 'Funciona', 'Funciona', 'Funciona', 'Funciona', 'Sana', 'Sana', 'Sana', 'Sana', 'Sana', '', '2017-09-22 10:35:00'),
(55, 60, 2, 19, 'No tiene', 'Tiene', 'Ambos moulos', 'No graba', 'SD', 'Otro', '', 'No Tiene', 'Funciona', 'Funciona', 'Funciona', 'Funciona', 'Funciona', 'Funciona', 'Funciona', 'Funciona', 'Funciona', 'No tiene', 'Funciona', 'Funciona', 'Funciona', 'Funciona', 'No tiene', 'No tiene', 'Sana', 'Sana', 'Sana', 'NO CUENTA CON GABINETE DE DVR. NO TIENEN MEMORIA SD, BUS PARADO EN PATIO POR MANTENIMIENTO, PLACA QUEMADA SOLO PARA REPUESTO EN LA PARTE DEL MODULO SUPERIOR', '2017-09-22 10:45:00'),
(56, 38, 2, 19, 'Buen Estado', 'Tiene', 'Ambos moulos', 'Bus sin energia', 'No tiene', 'Otro', '', 'No Tiene', 'Funciona', 'Funciona', 'Funciona', 'Funciona', 'Funciona', 'Funciona', 'Funciona', 'Funciona', 'Funciona', 'No tiene', 'Funciona', 'Funciona', 'Funciona', 'Funciona', 'No tiene', 'No tiene', 'Sana', 'Sana', 'Sana', 'BUS PARADO POR MANTENIMIENTO EN PATIO', '2017-09-22 11:28:00'),
(57, 108, 3, 18, 'Buen Estado', 'Tiene', 'Moulo de Grabacion', 'Graba', 'HDD', '1 Tb', 'WXW1E64PYMN2', 'Completo', 'Funciona', 'Funciona', 'Funciona', 'Funciona', 'Funciona', 'Funciona', 'Funciona', 'Funciona', 'Funciona', 'Funciona', 'Funciona', 'Funciona', 'Funciona', 'Funciona', 'Sana', 'Sana', 'Sana', 'Sana', 'Sana', '', '2017-09-22 11:48:00'),
(58, 23, 2, 20, 'Buen Estado', 'Tiene', 'Ambos moulos', 'Graba', 'No tiene', 'Otro', '', 'No Tiene', 'Funciona', 'Funciona', 'Funciona', 'Funciona', 'Funciona', 'Funciona', 'Funciona', 'Funciona', 'Funciona', 'No tiene', 'Funciona', 'Funciona', 'Funciona', 'Funciona', 'No tiene', 'No tiene', 'Sana', 'Sana', 'Sana', 'BUS PARADO EN PATIO POR MANTENIMIENTO', '2017-09-22 12:09:00'),
(59, 50, 8, 11, 'Buen Estado', 'Tiene', 'Ambos moulos', 'Bus sin energia', 'SD', '64 Gb', '', 'No Tiene', 'Funciona', 'Funciona', 'Funciona', 'Funciona', 'Funciona', 'Funciona', 'Funciona', 'Funciona', 'Funciona', 'Funciona', 'Funciona', 'Funciona', 'Funciona', 'Funciona', 'No tiene', 'No tiene', 'Sana', 'Sana', 'Sana', 'NO SE COMPROBO FUNCIONALIDAD POR FALTA DE ENERGIA.', '2017-09-22 13:29:00'),
(60, 47, 8, 11, 'Buen Estado', 'Tiene', 'Ambos moulos', 'Bus sin energia', 'SD', '32 Gb', '', 'No Tiene', 'Funciona', 'Funciona', 'Funciona', 'Funciona', 'Funciona', 'Funciona', 'Funciona', 'Funciona', 'Funciona', 'Funciona', 'Funciona', 'Funciona', 'Funciona', 'Funciona', 'No tiene', 'No tiene', 'Sana', 'Sana', 'Sana', 'NO SE COMPROBO FUNCIONALIDAD POR FALTA DE ENERGIA.', '2017-09-22 13:36:00'),
(61, 3, 8, 11, 'Buen Estado', 'Tiene', 'Ambos moulos', 'Bus sin energia', 'SD', '64 Gb', '', 'No Tiene', 'Funciona', 'Funciona', 'Funciona', 'Funciona', 'Funciona', 'Funciona', 'Funciona', 'Funciona', 'Funciona', 'Funciona', 'Funciona', 'Funciona', 'Funciona', 'Funciona', 'No tiene', 'No tiene', 'Sana', 'Sana', 'Sana', 'NO SE COMPROBO FUNCIONALIDAD POR FALTA DE ENERGIA.', '2017-09-22 13:39:00'),
(62, 4, 8, 11, 'Buen Estado', 'Tiene', 'Ambos moulos', 'Bus sin energia', 'No tiene', 'Otro', '', 'No Tiene', 'Funciona', 'Funciona', 'Funciona', 'Funciona', 'Funciona', 'Funciona', 'Funciona', 'Funciona', 'Funciona', 'Funciona', 'Funciona', 'Funciona', 'Funciona', 'Funciona', 'No tiene', 'No tiene', 'Sana', 'Sana', 'Sana', 'NO SE COMPROBO FUNCIONALIDAD POR FALTA DE ENERGIA.', '2017-09-22 13:42:00'),
(63, 16, 8, 11, 'Buen Estado', 'Tiene', 'Ambos moulos', 'Bus sin energia', 'No tiene', 'Otro', '', 'No Tiene', 'Funciona', 'Funciona', 'Funciona', 'Funciona', 'Funciona', 'Funciona', 'Funciona', 'Funciona', 'Funciona', 'Funciona', 'Funciona', 'Funciona', 'Funciona', 'Funciona', 'No tiene', 'No tiene', 'Sana', 'Sana', 'Sana', 'NO SE COMPROBO FUNCIONALIDAD POR FALTA DE ENERGIA.', '2017-09-22 13:44:00'),
(64, 15, 8, 11, 'Buen Estado', 'Tiene', 'Ambos moulos', 'Bus sin energia', 'SD', '64 Gb', '', 'No Tiene', 'Funciona', 'Funciona', 'Funciona', 'Funciona', 'Funciona', 'Funciona', 'Funciona', 'Funciona', 'Funciona', 'Funciona', 'Funciona', 'Funciona', 'Funciona', 'Funciona', 'No tiene', 'No tiene', 'Sana', 'Sana', 'Sana', 'NO SE COMPROBO FUNCIONALIDAD POR FALTA DE ENERGIA.', '2017-09-22 13:45:00'),
(65, 40, 8, 11, 'Buen Estado', 'Tiene', 'Ambos moulos', 'Bus sin energia', 'SD', '64 Gb', '', 'No Tiene', 'Funciona', 'Funciona', 'Funciona', 'Funciona', 'Funciona', 'Funciona', 'Funciona', 'Funciona', 'Funciona', 'No tiene', 'Funciona', 'Funciona', 'Funciona', 'Funciona', 'No tiene', 'No tiene', 'Sana', 'Sana', 'Sana', 'NO SE COMPROBO FUNCIONALIDAD POR FALTA DE ENERGIA.', '2017-09-22 13:50:00'),
(66, 30, 2, 6, 'Buen Estado', 'Tiene', 'Ambos moulos', 'Graba', 'SD', '64 Gb', '', 'No Tiene', 'Funciona', 'Funciona', 'Funciona', 'Funciona', 'Funciona', 'Funciona', 'Funciona', 'Funciona', 'Funciona', 'No tiene', 'Funciona', 'Funciona', 'Funciona', 'Funciona', 'No tiene', 'No tiene', 'Sana', 'Sana', 'Sana', 'BUS PARADO EN PATIO POR MT', '2017-09-22 14:59:00'),
(67, 63, 1, 17, 'Buen Estado', 'Tiene', 'Ambos moulos', 'Graba', 'HDD', '1 Tb', 'WXC1EC427UL0', 'Completo', 'Funciona', 'Funciona', 'Funciona', 'Funciona', 'Funciona', 'Funciona', 'Funciona', 'Funciona', 'Funciona', 'Funciona', 'Funciona', 'Funciona', 'Funciona', 'Funciona', 'Sana', 'Sana', 'Sana', 'Sana', 'Sana', '', '2017-09-22 15:17:00'),
(68, 67, 1, 17, 'Buen Estado', 'Tiene', 'Moulo de Grabacion', 'Graba', 'HDD', '1 Tb', 'WX61A44F2597', '2', 'Funciona', 'Funciona', 'Funciona', 'Funciona', 'Funciona', 'Funciona', 'Funciona', 'Funciona', 'Funciona', 'Funciona', 'Funciona', 'Funciona', 'Funciona', 'Funciona', 'Sana', 'Sana', 'Sana', 'Sana', 'Sana', 'Las cámaras se encuentran precintadas con cinta aislante', '2017-09-22 15:26:00'),
(69, 110, 1, 17, 'Buen Estado', 'Tiene', 'Ambos moulos', 'Graba', 'HDD', '1 Tb', 'WX61EC3DTCH8', 'Completo', 'Funciona', 'Funciona', 'Funciona', 'Funciona', 'Funciona', 'Funciona', 'Funciona', 'Funciona', 'Funciona', 'Funciona', 'Funciona', 'Funciona', 'Funciona', 'Funciona', 'Sana', 'Sana', 'Sana', 'Sana', 'Sana', 'Las cámaras se encuentras precintadas con cinta aislante ', '2017-09-22 15:43:00'),
(70, 128, 3, 16, 'Buen Estado', 'Tiene', 'Ambos moulos', 'Graba', 'HDD', '1 Tb', 'WXK1E645FLD5', 'Completo', 'Funciona', 'Funciona', 'Funciona', 'Funciona', 'Funciona', 'Funciona', 'Funciona', 'Funciona', 'Funciona', 'Funciona', 'Funciona', 'Funciona', 'Funciona', 'Funciona', 'Sana', 'Sana', 'Sana', 'Sana', 'Sana', '', '2017-09-22 15:46:00'),
(71, 102, 3, 16, 'Buen Estado', 'Tiene', 'Ambos moulos', 'Graba', 'HDD', '1 Tb', 'WXW1E64YXHWD', '3', 'Funciona', 'Funciona', 'Funciona', 'Funciona', 'Funciona', 'Funciona', 'Funciona', 'Funciona', 'Funciona', 'Funciona', 'Funciona', 'Funciona', 'Funciona', 'Funciona', 'Sana', 'Sana', 'Sana', 'Sana', 'Sana', '', '2017-09-22 16:08:00'),
(72, 2, 2, 6, 'Buen Estado', 'Tiene', 'Ambos moulos', 'Graba', 'SD', '64 Gb', '', 'No Tiene', 'Funciona', 'Funciona', 'Funciona', 'Funciona', 'Funciona', 'Funciona', 'Funciona', 'Funciona', 'Funciona', 'No tiene', 'Funciona', 'Funciona', 'Funciona', 'Funciona', 'No tiene', 'No tiene', 'Sana', 'Sana', 'Sana', 'BUS PARADO ESTA EN PATIO POR MT', '2017-09-22 16:16:00'),
(74, 93, 1, 17, 'Buen Estado', 'Tiene', 'Ambos moulos', 'Graba', 'HDD', '1 Tb', 'WXW1E64VD9MM', 'Completo', 'Funciona', 'Funciona', 'Funciona', 'Funciona', 'Funciona', 'Funciona', 'Funciona', 'Funciona', 'Funciona', 'Funciona', 'Funciona', 'Funciona', 'Funciona', 'Funciona', 'Sana', 'Sana', 'Sana', 'Sana', 'Sana', '', '2017-09-22 16:32:00'),
(75, 25, 1, 17, 'Buen Estado', 'Tiene', 'Ambos moulos', 'Bus sin energia', 'No tiene', 'Otro', '', 'Completo', 'No tiene', 'Funciona', 'Funciona', 'Funciona', 'Funciona', 'Funciona', 'Funciona', 'Funciona', 'Funciona', 'No tiene', 'Funciona', 'Funciona', 'Funciona', 'Funciona', 'No tiene', 'No tiene', 'Sin Vidrio', 'Sana', 'Sana', 'El bus está parado por MT, no cuenta con energia ', '2017-09-22 17:34:00'),
(77, 76, 1, 17, 'Buen Estado', 'Tiene', 'Ambos moulos', 'Graba', 'HDD', '1 Tb', 'WX61EC3DUXM1', 'Completo', 'Funciona', 'Funciona', 'Funciona', 'Funciona', 'Funciona', 'Funciona', 'Funciona', 'Funciona', 'Funciona', 'Funciona', 'Funciona', 'No funciona', 'No funciona', 'Funciona', 'Sana', 'Sana', 'Sana', 'Sana', 'Sana', 'Cámaras con restos de precintos. Las mismas están eseguradas con islante', '2017-09-22 18:03:00'),
(78, 61, 1, 17, 'Buen Estado', 'Tiene', 'Ambos moulos', 'No graba', 'No tiene', 'Otro', '', 'Completo', 'No tiene', 'Funciona', 'Funciona', 'Funciona', 'Funciona', 'Funciona', 'Funciona', 'Funciona', 'Funciona', 'Funciona', 'Funciona', 'No funciona', 'Funciona', 'No funciona', 'No tiene', 'No tiene', 'Sana', 'Sana', 'Sana', '', '2017-09-22 18:28:00'),
(79, 43, 1, 17, 'No tiene', 'No tiene', 'No tiene', 'Bus sin energia', 'No tiene', 'Otro', '', 'Completo', 'Funciona', 'No funciona', 'No funciona', 'No funciona', 'No funciona', 'No funciona', 'No funciona', 'No funciona', 'No funciona', 'No tiene', 'No funciona', 'No funciona', 'No funciona', 'No funciona', 'No tiene', 'No tiene', 'Sana', 'Sana', 'Sana', 'Bis parado por MT, no cuenta con el modulo DVR', '2017-09-22 18:47:00'),
(80, 39, 1, 17, 'Buen Estado', 'Tiene', 'Ambos moulos', 'Bus sin energia', 'SD', '64 Gb', '', 'Completo', 'Funciona', 'Funciona', 'Funciona', 'Funciona', 'No funciona', 'Funciona', 'Funciona', 'Funciona', 'Funciona', 'No tiene', 'Funciona', 'Funciona', 'Funciona', 'Funciona', 'No tiene', 'No tiene', 'Sana', 'Sana', 'Sana', 'Bus parado por MT, el mismo no tiene bateria y no se puede probar su DVR', '2017-09-22 19:05:00'),
(81, 75, 1, 17, 'Buen Estado', 'Tiene', 'Ambos moulos', 'Graba', 'HDD', '1 Tb', 'WXJ1E644JZZ0', 'Completo', 'Funciona', 'Funciona', 'Funciona', 'Funciona', 'Funciona', 'Funciona', 'Funciona', 'Funciona', 'Funciona', 'Funciona', 'Funciona', 'Funciona', 'Funciona', 'Funciona', 'Sana', 'Sana', 'Sana', 'Sana', 'Sana', 'Falta un tornillo en el protector de el cableado del DVR', '2017-09-22 19:28:00'),
(82, 83, 1, 17, 'Buen Estado', 'Tiene', 'Ambos moulos', 'Graba', 'HDD', '1 Tb', 'WXM1E74KCUUU', '3', 'Funciona', 'Funciona', 'Funciona', 'Funciona', 'Funciona', 'Funciona', 'Funciona', 'Funciona', 'Funciona', 'Funciona', 'No funciona', 'Funciona', 'Funciona', 'Funciona', 'Sana', 'Sana', 'Sana', 'Sana', 'Sana', 'Las camaras están aseguradas con aislante y silicona ', '2017-09-23 01:15:00'),
(83, 41, 1, 17, 'Buen Estado', 'Tiene', 'Moulo de Grabacion', 'Graba', 'SD', '64 Gb', '', 'No Tiene', 'No tiene', 'Funciona', 'No funciona', 'Funciona', 'Funciona', 'Funciona', 'No funciona', 'Funciona', 'Funciona', 'Funciona', 'Funciona', 'Funciona', 'Funciona', 'Funciona', 'No tiene', 'No tiene', 'Sana', 'Sana', 'Sana', 'Se cambio el canal de retro al canal camar 4 en la entrada de la kl', '2017-09-23 01:52:00'),
(84, 18, 1, 17, 'Buen Estado', 'Tiene', 'Ambos moulos', 'Graba', 'SD', '64 Gb', '', 'No Tiene', 'Funciona', 'Funciona', 'Funciona', 'Funciona', 'Funciona', 'Funciona', 'Funciona', 'Funciona', 'Funciona', 'Funciona', 'Funciona', 'Funciona', 'Funciona', 'Funciona', 'No tiene', 'No tiene', 'Sana', 'Sana', 'Sana', 'El cerrojo del gabinete del DVR fue remplazado por un perno', '2017-09-23 02:12:00'),
(85, 1, 1, 17, 'Buen Estado', 'Tiene', 'Moulo de Grabacion', 'Graba', 'HDD', '1 Tb', '', 'Completo', 'Funciona', 'Funciona', 'Funciona', 'Funciona', 'Funciona', 'Funciona', 'Funciona', 'Funciona', 'Funciona', 'No tiene', 'Funciona', 'Funciona', 'Funciona', 'Funciona', 'No tiene', 'No tiene', 'Sana', 'Sana', 'Sana', 'Cámaras de mejor calidad que el resto de la flota', '2017-09-23 02:25:00'),
(86, 53, 1, 17, 'Buen Estado', 'Tiene', 'Ambos moulos', 'Graba', 'SD', '64 Gb', '', 'No Tiene', 'No tiene', 'Funciona', 'Funciona', 'Funciona', 'Funciona', 'Funciona', 'Funciona', 'Funciona', 'Funciona', 'Funciona', 'Funciona', 'Funciona', 'Funciona', 'Funciona', 'No tiene', 'No tiene', 'Sana', 'Sana', 'Sana', 'El seguro del gabinete de DVR es in tornillo', '2017-09-23 03:07:00'),
(87, 56, 1, 17, 'Buen Estado', 'Tiene', 'Ambos moulos', 'Graba', 'SD', '64 Gb', '', 'No Tiene', 'No tiene', 'Funciona', 'Funciona', 'Funciona', 'Funciona', 'Funciona', 'Funciona', 'Funciona', 'Funciona', 'No tiene', 'Funciona', 'Funciona', 'Funciona', 'Funciona', 'No tiene', 'No tiene', 'Sana', 'Sana', 'Sana', 'Las cámaras tienen restos de precintos antiguos ', '2017-09-23 03:35:00'),
(88, 55, 1, 17, 'Buen Estado', 'Tiene', 'Ambos moulos', 'Graba', 'SD', '64 Gb', '', 'No Tiene', 'Funciona', 'Funciona', 'Funciona', 'Funciona', 'Funciona', 'Funciona', 'Funciona', 'Funciona', 'Funciona', 'No tiene', 'Funciona', 'Funciona', 'Funciona', 'Funciona', 'No tiene', 'No tiene', 'Sana', 'Sana', 'Sana', 'Se le adaptó cable rca de DVR a salida de KL', '2017-09-23 03:48:00'),
(89, 42, 1, 17, 'Buen Estado', 'Tiene', 'Ambos moulos', 'Graba', 'SD', '64 Gb', '', 'No Tiene', 'Funciona', 'Funciona', 'Funciona', 'Funciona', 'Funciona', 'Funciona', 'Funciona', 'Funciona', 'Funciona', 'No tiene', 'Funciona', 'Funciona', 'Funciona', 'Funciona', 'No tiene', 'No tiene', 'Sana', 'Sana', 'Sana', 'Al parecer la SD del sistema DVR se encuentra dañada por lo que se la remplazo y actualmente se le está dando seguimiento.\r\nEl cierre del gabinete fue remplazado por un tornillo', '2017-09-23 06:25:00'),
(90, 58, 1, 17, 'Buen Estado', 'Tiene', 'Ambos moulos', 'Graba', 'SD', '64 Gb', '', 'No Tiene', 'Funciona', 'Funciona', 'Funciona', 'Funciona', 'Funciona', 'Funciona', 'Funciona', 'No funciona', 'Funciona', 'No tiene', 'Funciona', 'Funciona', 'Funciona', 'Funciona', 'No tiene', 'No tiene', 'Sana', 'Sana', 'Sana', '', '2017-09-23 06:55:00'),
(91, 113, 1, 17, 'Buen Estado', 'Tiene', 'Ambos moulos', 'Graba', 'HDD', '1 Tb', 'WXK1E649HXC3', 'Completo', 'Funciona', 'Funciona', 'Funciona', 'Funciona', 'Funciona', 'Funciona', 'Funciona', 'Funciona', 'Funciona', 'Funciona', 'Funciona', 'Funciona', 'Funciona', 'Funciona', 'Sana', 'Sana', 'Sana', 'Sana', 'Sana', 'El bus se encuentra parado por MT, pero se pudo comprobar el funcionamiento de  DVR con autorización de MT.', '2017-09-23 09:15:00'),
(92, 91, 2, 19, 'Buen Estado', 'Tiene', 'Ambos moulos', 'Graba', 'HDD', '1 Tb', 'WXK1E64A4UNM', 'Completo', 'Funciona', 'Funciona', 'Funciona', 'Funciona', 'Funciona', 'Funciona', 'Funciona', 'Funciona', 'Funciona', 'Funciona', 'Funciona', 'Funciona', 'Funciona', 'Funciona', 'Sana', 'Sana', 'Sana', 'Sana', 'Sana', '', '2017-09-23 09:25:00'),
(93, 101, 3, 16, 'Buen Estado', 'Tiene', 'Ambos moulos', 'Graba', 'HDD', '1 Tb', 'WXM1E14HCFY5', '2', 'Funciona', 'Funciona', 'Funciona', 'Funciona', 'Funciona', 'Funciona', 'Funciona', 'Funciona', 'Funciona', 'Funciona', 'Funciona', 'Funciona', 'Funciona', 'Funciona', 'Sana', 'Sana', 'Sana', 'Sana', 'Sana', '', '2017-09-23 09:43:00'),
(94, 32, 2, 6, 'Buen Estado', 'Tiene', 'Ambos moulos', 'Graba', 'SD', '64 Gb', '', 'No Tiene', 'Funciona', 'Funciona', 'Funciona', 'Funciona', 'Funciona', 'Funciona', 'Funciona', 'Funciona', 'Funciona', 'No tiene', 'Funciona', 'Funciona', 'Funciona', 'Funciona', 'No tiene', 'No tiene', 'Sana', 'Sana', 'Sana', '', '2017-09-23 09:56:00'),
(95, 51, 2, 6, 'Buen Estado', 'Tiene', 'Ambos moulos', 'Graba', 'SD', '64 Gb', '', 'No Tiene', 'Funciona', 'Funciona', 'Funciona', 'Funciona', 'Funciona', 'Funciona', 'Funciona', 'Funciona', 'Funciona', 'No tiene', 'Funciona', 'Funciona', 'Funciona', 'Funciona', 'No tiene', 'No tiene', 'Sana', 'Sana', 'Sana', '', '2017-09-23 10:56:00'),
(96, 13, 2, 20, 'Buen Estado', 'Tiene', 'Ambos moulos', 'Graba', 'SD', '64 Gb', '', 'No Tiene', 'Funciona', 'Funciona', 'Funciona', 'Funciona', 'Funciona', 'Funciona', 'Funciona', 'Funciona', 'Funciona', 'No funciona', 'Funciona', 'Funciona', 'Funciona', 'Funciona', 'No tiene', 'No tiene', 'Rajado', 'Sana', 'Sana', '', '2017-09-23 11:03:00'),
(97, 90, 2, 19, 'Buen Estado', 'Tiene', 'Ambos moulos', 'Graba', 'HDD', '1 Tb', 'WXK1E6459XPM', 'Completo', 'Funciona', 'Funciona', 'Funciona', 'Funciona', 'Funciona', 'Funciona', 'Funciona', 'Funciona', 'Funciona', 'Funciona', 'Funciona', 'Funciona', 'Funciona', 'Funciona', 'Sana', 'Sana', 'Sana', 'Sana', 'Sana', '', '2017-09-23 11:37:00'),
(98, 141, 1, 17, 'Buen Estado', 'Tiene', 'Ambos moulos', 'Graba', 'HDD', '1 Tb', 'WXM1E74V1165', 'Completo', 'Funciona', 'Funciona', 'Funciona', 'Funciona', 'Funciona', 'Funciona', 'Funciona', 'Funciona', 'Funciona', 'Funciona', 'Funciona', 'Funciona', 'Funciona', 'Funciona', 'Sana', 'Sana', 'Sana', 'Sana', 'Sana', '', '2017-09-23 11:40:00'),
(99, 12, 1, 17, 'Buen Estado', 'Tiene', 'Ambos moulos', 'Bus sin energia', 'SD', '64 Gb', '', 'No Tiene', 'No tiene', 'Funciona', 'Funciona', 'Funciona', 'Funciona', 'Funciona', 'Funciona', 'Funciona', 'Funciona', 'Funciona', 'Funciona', 'Funciona', 'Funciona', 'Funciona', 'No tiene', 'No tiene', 'Sana', 'Sana', 'Sana', 'El bus se encuentra parado por MT. El mismo esta sin baterías, lo que impide probar a fondo el sistema de segurisa. ...', '2017-09-23 11:49:00'),
(100, 27, 1, 17, 'Buen Estado', 'Tiene', 'Ambos moulos', 'Bus sin energia', 'SD', '64 Gb', '', 'No Tiene', 'Funciona', 'Funciona', 'Funciona', 'Funciona', 'Funciona', 'Funciona', 'Funciona', 'Funciona', 'Funciona', 'No tiene', 'Funciona', 'Funciona', 'Funciona', 'Funciona', 'No tiene', 'No tiene', 'Sin Vidrio', 'Sana', 'Sana', 'El slot de la SD card está suelto, por tal razón la SD no puede ser retenida en el DVR', '2017-09-23 11:57:00'),
(101, 11, 1, 17, 'Buen Estado', 'Tiene', 'Ambos moulos', 'Bus sin energia', 'SD', '64 Gb', '', 'No Tiene', 'No tiene', 'Funciona', 'Funciona', 'No funciona', 'Funciona', 'Funciona', 'Funciona', 'No funciona', 'Funciona', 'No tiene', 'Funciona', 'Funciona', 'Funciona', 'Funciona', 'No tiene', 'No tiene', 'Sana', 'Sana', 'Sana', 'El bus está parado por el área de MT. Lo que implica no podre probar el modulo DVR.\r\nLa chapa del gabinete de DVR no está. ', '2017-09-23 12:20:00'),
(102, 44, 2, 19, 'Buen Estado', 'Tiene', 'Ambos moulos', 'Graba', 'SD', '64 Gb', '', 'No Tiene', 'Funciona', 'Funciona', 'Funciona', 'Funciona', 'Funciona', 'Funciona', 'Funciona', 'Funciona', 'Funciona', 'No tiene', 'Funciona', 'Funciona', 'Funciona', 'Funciona', 'No tiene', 'No tiene', 'Sana', 'Sana', 'Sana', '', '2017-09-23 12:22:00'),
(103, 64, 1, 17, 'Buen Estado', 'Tiene', 'Ambos moulos', 'Bus sin energia', 'HDD', '1 Tb', 'WXL1E64DCFR1', 'Completo', 'Funciona', 'Funciona', 'Funciona', 'Funciona', 'Funciona', 'Funciona', 'Funciona', 'Funciona', 'Funciona', 'Funciona', 'Funciona', 'Funciona', 'Funciona', 'Funciona', 'Sana', 'Sana', 'Sana', 'Sana', 'Sana', 'El bus esta parado por el área de MT. Razón por la cual no se pudo probar el modulo DVR', '2017-09-23 12:30:00'),
(104, 20, 1, 17, 'Buen Estado', 'Tiene', 'Modulo de alimentacion', 'No graba', 'No tiene', 'Otro', '', 'No Tiene', 'No tiene', 'No funciona', 'No funciona', 'No funciona', 'No funciona', 'No funciona', 'No funciona', 'No funciona', 'No funciona', 'No tiene', 'Funciona', 'Funciona', 'Funciona', 'Funciona', 'No tiene', 'No tiene', 'Sana', 'Sana', 'Sana', 'Falta la placa del modulo de grabacion. El bus se encuentra parado por MT por lo que no es posible alguna prueba que requiera consumo de energía. .', '2017-09-23 12:39:00'),
(105, 17, 1, 17, 'Buen Estado', 'Tiene', 'Ambos moulos', 'Graba', 'SD', '64 Gb', '', 'No Tiene', 'Funciona', 'Funciona', 'Funciona', 'Funciona', 'Funciona', 'Funciona', 'Funciona', 'Funciona', 'Funciona', 'No tiene', 'Funciona', 'Funciona', 'Funciona', 'Funciona', 'No tiene', 'No tiene', 'Sana', 'Sana', 'Sana', 'El bus se encuentra parado por el área de MT. El mismo no cuenta con energia eléctrica para probar el modulo DVR ', '2017-09-23 12:45:00'),
(106, 57, 1, 17, 'Buen Estado', 'Tiene', 'Moulo de Grabacion', 'Bus sin energia', 'No tiene', 'Otro', '', 'No Tiene', 'Funciona', 'Funciona', 'Funciona', 'Funciona', 'Funciona', 'Funciona', 'Funciona', 'Funciona', 'Funciona', 'No tiene', 'Funciona', 'Funciona', 'Funciona', 'Funciona', 'No tiene', 'No tiene', 'Sana', 'Sana', 'Sana', 'El bus se encuentrasi n energía  parado por MT. Razón por la cual no se pueden realizar pruebas de funcionamiento en el DVR', '2017-09-23 12:51:00'),
(107, 49, 1, 17, 'Buen Estado', 'Tiene', 'Ambos moulos', 'Graba', 'SD', '64 Gb', '', 'No Tiene', 'No tiene', 'Funciona', 'Funciona', 'Funciona', 'Funciona', 'Funciona', 'Funciona', 'Funciona', 'Funciona', 'No tiene', 'Funciona', 'Funciona', 'Funciona', 'Funciona', 'No tiene', 'No tiene', 'Sana', 'Sana', 'Sana', 'El bus se encuentra sin energia  parado por MT. Razón por la cual no se pueden realizar pruebas de funcionamiento en el bus..', '2017-09-23 12:58:00'),
(108, 66, 3, 16, 'Buen Estado', 'Tiene', 'Ambos moulos', 'Graba', 'HDD', '1 Tb', 'wx61a44r5963', 'Completo', 'Funciona', 'Funciona', 'Funciona', 'Funciona', 'Funciona', 'Funciona', 'Funciona', 'Funciona', 'Funciona', 'Funciona', 'Funciona', 'Funciona', 'Funciona', 'Funciona', 'Sana', 'Sana', 'Sana', 'Sana', 'Sana', '', '2017-09-23 15:08:00'),
(109, 87, 1, 16, 'Buen Estado', 'Tiene', 'Moulo de Grabacion', 'Graba', 'HDD', 'Otro', 'WX51AC48F9SE', '3', 'Funciona', 'Funciona', 'Funciona', 'Funciona', 'Funciona', 'Funciona', 'Funciona', 'Funciona', 'Funciona', 'Funciona', 'Funciona', 'Funciona', 'Funciona', 'Funciona', 'Sana', 'Sana', 'Sana', 'Sana', 'Sana', 'DISCO DURO TIENE 320 GB DE MEMORIA ', '2017-09-23 16:21:00'),
(110, 22, 3, 16, 'Buen Estado', 'Tiene', 'Moulo de Grabacion', 'Graba', 'SD', '64 Gb', 'B53367-8867', 'No Tiene', 'No tiene', 'Funciona', 'Funciona', 'Funciona', 'No funciona', 'Funciona', 'Funciona', 'Funciona', 'No funciona', 'Funciona', 'Funciona', 'Funciona', 'Funciona', 'No funciona', 'No tiene', 'No tiene', 'Sana', 'Sana', 'Sana', '', '2017-09-23 17:11:00'),
(111, 129, 1, 16, 'Buen Estado', 'Tiene', 'Ambos moulos', 'Graba', 'HDD', '1 Tb', 'WX41A74FZ6TA', 'Completo', 'Funciona', 'Funciona', 'Funciona', 'Funciona', 'Funciona', 'Funciona', 'Funciona', 'Funciona', 'Funciona', 'Funciona', 'Funciona', 'Funciona', 'Funciona', 'Funciona', 'Sana', 'Sana', 'Sana', 'Sana', 'Sana', '', '2017-09-23 18:12:00'),
(112, 62, 3, 4, 'Buen Estado', 'Tiene', 'Ambos moulos', 'Graba', 'HDD', '1 Tb', 'wx61a44r9477', '3', 'No funciona', 'Funciona', 'Funciona', 'Funciona', 'Funciona', 'Funciona', 'Funciona', 'Funciona', 'Funciona', 'Funciona', 'Funciona', 'Funciona', 'Funciona', 'Funciona', 'Sana', 'Sana', 'Sana', 'Sana', 'Sana', 'DVR SE ENCUENTRA UBICADO EN LA BAULERA DEL INVERSOR, LED POWER DE DVR QUEMADO ', '2017-09-24 08:06:00'),
(113, 35, 5, 1, 'Buen Estado', 'Tiene', 'Modulo de alimentacion', 'No graba', 'No tiene', 'Otro', '', 'No Tiene', 'No tiene', 'No funciona', 'No funciona', 'No funciona', 'No funciona', 'No funciona', 'No funciona', 'No funciona', 'No funciona', 'No tiene', 'Funciona', 'Funciona', 'Funciona', 'Funciona', 'No tiene', 'No tiene', 'Sana', 'Sana', 'Sana', 'El DVR no tiene el modulo de grabación.', '2017-09-24 09:53:00'),
(114, 54, 5, 1, 'Buen Estado', 'Tiene', 'Ambos moulos', 'Graba', 'SD', '64 Gb', '', 'No Tiene', 'No tiene', 'Funciona', 'Funciona', 'Funciona', 'Funciona', 'Funciona', 'Funciona', 'Funciona', 'Funciona', 'Funciona', 'Funciona', 'Funciona', 'Funciona', 'Funciona', 'Sana', 'Sana', 'Sana', 'Sana', 'Sana', '', '2017-09-24 10:47:00'),
(115, 7, 2, 20, 'Buen Estado', 'Tiene', 'Ambos moulos', 'Bus sin energia', 'No tiene', 'Otro', '', 'No Tiene', 'Funciona', 'No funciona', 'No funciona', 'No funciona', 'No funciona', 'No funciona', 'No funciona', 'No funciona', 'No funciona', 'No tiene', 'No funciona', 'No funciona', 'No funciona', 'No funciona', 'No tiene', 'No tiene', 'Sana', 'Sana', 'Sana', '', '2017-09-24 11:14:00'),
(116, 45, 4, 5, 'Buen Estado', 'Tiene', 'Ambos moulos', 'Graba', 'SD', '64 Gb', '', 'Completo', 'No tiene', 'Funciona', 'Funciona', 'Funciona', 'Funciona', 'Funciona', 'Funciona', 'Funciona', 'Funciona', 'No tiene', 'Funciona', 'Funciona', 'Funciona', 'Funciona', 'No tiene', 'No tiene', 'Sana', 'Sana', 'Sana', 'alargador para la salida de vídeo de visaulizacion de grabación en KL con el conector RCA dañado', '2017-09-24 11:23:00'),
(117, 48, 2, 19, 'Buen Estado', 'Tiene', 'Ambos moulos', 'Graba', 'SD', '64 Gb', '', 'No Tiene', 'Funciona', 'Funciona', 'Funciona', 'Funciona', 'Funciona', 'Funciona', 'Funciona', 'Funciona', 'Funciona', 'No funciona', 'Funciona', 'Funciona', 'Funciona', 'Funciona', 'No tiene', 'No tiene', 'Sana', 'Sana', 'Sana', '', '2017-09-24 12:31:00'),
(118, 8, 4, 5, 'Buen Estado', 'Tiene', 'Ambos moulos', 'Graba', 'SD', '64 Gb', '', 'No Tiene', 'Funciona', 'Funciona', 'Funciona', 'Funciona', 'Funciona', 'Funciona', 'Funciona', 'Funciona', 'Funciona', 'No tiene', 'Funciona', 'Funciona', 'Funciona', 'Funciona', 'No tiene', 'No tiene', 'Sana', 'Sana', 'Sana', '', '2017-09-24 13:30:00'),
(119, 122, 5, 1, 'Buen Estado', 'Tiene', 'Moulo de Grabacion', 'Graba', 'HDD', '1 Tb', 'WX91E744JAY5', '3', 'Funciona', 'Funciona', 'Funciona', 'Funciona', 'Funciona', 'Funciona', 'Funciona', 'Funciona', 'Funciona', 'Funciona', 'Funciona', 'Funciona', 'Funciona', 'Funciona', 'Sana', 'Sana', 'Sana', 'Sana', 'Sana', '', '2017-09-24 13:45:00'),
(120, 80, 3, 4, 'Buen Estado', 'Tiene', 'Ambos moulos', 'Graba', 'HDD', '1 Tb', 'WXM1E74VTWZS', 'No Tiene', 'Funciona', 'Funciona', 'Funciona', 'Funciona', 'Funciona', 'Funciona', 'Funciona', 'Funciona', 'Funciona', 'Funciona', 'Funciona', 'Funciona', 'Funciona', 'Funciona', 'Sana', 'Sana', 'Sana', 'Sana', 'Sana', '', '2017-09-24 17:11:00'),
(121, 24, 4, 10, 'Mal Estao', 'Tiene', 'Ambos moulos', 'Bus sin energia', 'SD', '64 Gb', '', 'No Tiene', 'Funciona', 'Funciona', 'Funciona', 'Funciona', 'Funciona', 'Funciona', 'Funciona', 'Funciona', 'Funciona', 'No tiene', 'Funciona', 'Funciona', 'Funciona', 'Funciona', 'No tiene', 'No tiene', 'Sana', 'Sana', 'Sana', 'BUS PARADO POR MT', '2017-09-24 17:41:00'),
(122, 103, 6, 11, 'Buen Estado', 'Tiene', 'Ambos moulos', 'Graba', 'HDD', '1 Tb', 'WX61A44A5082', '3', 'Funciona', 'Funciona', 'Funciona', 'Funciona', 'Funciona', 'Funciona', 'Funciona', 'Funciona', 'Funciona', 'Funciona', 'Funciona', 'Funciona', 'Funciona', 'Funciona', 'Sana', 'Sana', 'Sana', 'Sana', 'Sana', '', '2017-09-24 18:17:00'),
(123, 34, 4, 5, 'Buen Estado', 'Tiene', 'Ambos moulos', 'Graba', 'SD', '64 Gb', '', 'No Tiene', 'Funciona', 'Funciona', 'Reparado', 'Funciona', 'Funciona', 'Funciona', 'Funciona', 'Funciona', 'Funciona', 'No tiene', 'Funciona', 'Funciona', 'Funciona', 'Funciona', 'No tiene', 'No tiene', 'Sana', 'Sana', 'Sana', '', '2017-09-25 07:29:00'),
(124, 78, 5, 14, 'Buen Estado', 'Tiene', 'Ambos moulos', 'Graba', 'HDD', '1 Tb', 'WXK1E645WCDK', '3', 'Funciona', 'Funciona', 'Funciona', 'Funciona', 'Funciona', 'Funciona', 'Funciona', 'Funciona', 'Funciona', 'Funciona', 'Funciona', 'Funciona', 'Funciona', 'Funciona', 'Sana', 'Sana', 'Sana', 'Sana', 'Sana', '', '2017-09-25 09:38:00'),
(125, 71, 7, 6, 'Buen Estado', 'Tiene', 'Ambos moulos', 'Graba', 'HDD', '1 Tb', 'WXX1E64EESYRZ', '2', 'Funciona', 'Funciona', 'Funciona', 'Funciona', 'Funciona', 'Funciona', 'Funciona', 'Funciona', 'Funciona', 'Funciona', 'Funciona', 'Funciona', 'Funciona', 'Funciona', 'Sana', 'Sana', 'Sana', 'Sana', 'Sana', 'BUS CON DISCO DURO EN MAL ESTADO DE BUS BA 115, DISCO DURO NO FUNCIONA', '2017-09-25 11:05:00'),
(126, 70, 6, 11, 'Buen Estado', 'Tiene', 'Ambos moulos', 'Graba', 'HDD', '1 Tb', 'WX21A84NJLZ3', '3', 'Funciona', 'Funciona', 'Funciona', 'Funciona', 'Funciona', 'Funciona', 'Funciona', 'Funciona', 'Funciona', 'Intermitente', 'Funciona', 'Funciona', 'Funciona', 'Funciona', 'Sana', 'Sana', 'Sana', 'Sana', 'Sana', 'DIVISOR DE IMAGEN INTERMITENTE GRABA MAL.', '2017-09-25 11:13:00'),
(127, 97, 4, 10, 'Buen Estado', 'Tiene', 'Ambos moulos', 'Graba', 'HDD', '1 Tb', 'WX91E74XHZML', 'Completo', 'No tiene', 'Funciona', 'Funciona', 'Funciona', 'Funciona', 'Funciona', 'Funciona', 'Funciona', 'Funciona', 'Funciona', 'Funciona', 'Funciona', 'Funciona', 'Funciona', 'Sana', 'Sana', 'Sana', 'Sana', 'Sana', '', '2017-09-25 11:38:00'),
(128, 73, 5, 14, 'Buen Estado', 'Tiene', 'Ambos moulos', 'Graba', 'HDD', '1 Tb', 'WXK1E64A2FWM', 'Completo', 'Funciona', 'Funciona', 'Funciona', 'Funciona', 'Funciona', 'Funciona', 'Funciona', 'Funciona', 'Funciona', 'Funciona', 'Funciona', 'Funciona', 'Funciona', 'Funciona', 'Sana', 'Sana', 'Sana', 'Sana', 'Sana', '', '2017-09-25 11:38:00'),
(129, 135, 5, 14, 'Buen Estado', 'Tiene', 'Moulo de Grabacion', 'Graba', 'HDD', '1 Tb', 'WX91E74CCPLK', 'Completo', 'Funciona', 'Funciona', 'Funciona', 'Funciona', 'Funciona', 'Funciona', 'Funciona', 'Funciona', 'Funciona', 'Funciona', 'Funciona', 'Funciona', 'Funciona', 'Funciona', 'Sana', 'Sana', 'Sana', 'Sana', 'Sana', '', '2017-09-25 13:20:00'),
(130, 14, 5, 14, 'Buen Estado', 'Tiene', 'Ambos moulos', 'Graba', 'SD', '32 Gb', '', 'No Tiene', 'Funciona', 'Funciona', 'Funciona', 'Funciona', 'Funciona', 'Funciona', 'Funciona', 'Funciona', 'Funciona', 'Funciona', 'Funciona', 'Funciona', 'Funciona', 'Funciona', 'No tiene', 'Sana', 'Sana', 'Sana', 'Sana', '', '2017-09-25 13:27:00'),
(131, 36, 8, 15, 'Mal Estao', 'Tiene', 'Ambos moulos', 'Graba', 'SD', '64 Gb', '', 'No Tiene', 'No tiene', 'Funciona', 'Funciona', 'Funciona', 'Funciona', 'Funciona', 'Funciona', 'Funciona', 'Funciona', 'No tiene', 'Funciona', 'Funciona', 'Funciona', 'Funciona', 'No tiene', 'No tiene', 'Sana', 'Sana', 'Sana', '1-DVR caja(gabinete) tornillo de seguridad en mal estadoc\r\n2-Serie SD =  B519911458', '2017-09-25 13:56:00'),
(132, 133, 2, 20, 'Buen Estado', 'Tiene', 'Ambos moulos', 'Graba', 'HDD', '1 Tb', 'WXM1E74YK3TY', 'Completo', 'Funciona', 'Funciona', 'Funciona', 'Funciona', 'Funciona', 'Funciona', 'Funciona', 'Funciona', 'Funciona', 'Funciona', 'Funciona', 'Funciona', 'Funciona', 'Funciona', 'Sana', 'Sana', 'Sana', 'Sana', 'Sana', '', '2017-09-25 14:14:00'),
(133, 26, 4, 7, 'Buen Estado', 'Tiene', 'Ambos moulos', 'Graba', 'SD', '64 Gb', '', 'Completo', 'Funciona', 'Funciona', 'Funciona', 'Funciona', 'Funciona', 'Funciona', 'Funciona', 'Funciona', 'Funciona', 'Funciona', 'Funciona', 'Funciona', 'Funciona', 'Funciona', 'No tiene', 'No tiene', 'Sana', 'Sana', 'Sana', '', '2017-09-25 14:25:00'),
(134, 52, 4, 10, 'Buen Estado', 'Tiene', 'Ambos moulos', 'Graba', 'SD', '64 Gb', '', 'No Tiene', 'Funciona', 'Funciona', 'Funciona', 'Funciona', 'Funciona', 'Funciona', 'Funciona', 'Funciona', 'Funciona', 'No tiene', 'Funciona', 'Funciona', 'Funciona', 'Funciona', 'No tiene', 'No tiene', 'Sana', 'Sana', 'Sana', '', '2017-09-25 15:30:00'),
(135, 37, 4, 7, 'Buen Estado', 'Tiene', 'Ambos moulos', 'Graba', 'SD', '64 Gb', '', 'Completo', 'Funciona', 'Funciona', 'Funciona', 'Funciona', 'Funciona', 'Funciona', 'Funciona', 'Funciona', 'Funciona', 'No tiene', 'Funciona', 'Funciona', 'Funciona', 'Funciona', 'No tiene', 'No tiene', 'Sana', 'Sana', 'Sana', '', '2017-09-25 15:40:00'),
(136, 121, 4, 10, 'Buen Estado', 'Tiene', 'Ambos moulos', 'Graba', 'HDD', '1 Tb', 'WXK1E64F9LMR', '3', 'No tiene', 'Funciona', 'Funciona', 'Funciona', 'Funciona', 'Funciona', 'Funciona', 'Funciona', 'Funciona', 'Funciona', 'Funciona', 'Funciona', 'Funciona', 'Funciona', 'Sana', 'Sana', 'Sana', 'Sana', 'Sana', '', '2017-09-25 18:15:00'),
(137, 86, 4, 7, 'Buen Estado', 'Tiene', 'Ambos moulos', 'Graba', 'HDD', '1 Tb', 'WXM1E14JUPN4', 'Completo', 'Funciona', 'Funciona', 'Funciona', 'Funciona', 'Funciona', 'Funciona', 'Funciona', 'Funciona', 'Funciona', 'Funciona', 'Funciona', 'Funciona', 'Funciona', 'Funciona', 'Sana', 'Sana', 'Sana', 'Sana', 'Sana', '', '2017-09-25 18:16:00'),
(138, 99, 4, 10, 'Buen Estado', 'Tiene', 'Ambos moulos', 'Graba', 'HDD', '1 Tb', 'WX61A44J2788', '2', 'No tiene', 'Funciona', 'Funciona', 'Funciona', 'Funciona', 'Funciona', 'Funciona', 'Funciona', 'Funciona', 'Funciona', 'Funciona', 'Funciona', 'Funciona', 'Funciona', 'Sana', 'Sana', 'Sana', 'Sana', 'Sana', '', '2017-09-25 18:27:00');
INSERT INTO `seguridad` (`idseguridad`, `bus_idbus`, `instalacion_idinstalacion`, `usuario_idusuario`, `dvr_gabinete`, `dvr`, `dvr_existencia`, `funcion_grabacion`, `Almacenamiento`, `Capacidad`, `num_serie_hdd`, `tornillos_rac_hdd`, `adaptador_rca`, `lambda1`, `lambda2`, `lambda3`, `lambda4`, `out1`, `out2`, `out3`, `out4`, `kl_mesclaor_video`, `kl_out1`, `kl_out2`, `kl_out3`, `kl_out4`, `cam_com_front`, `cam_com_cond`, `cam_val`, `cam_puerta_sal`, `cam_retro`, `obs`, `fecha`) VALUES
(139, 134, 3, 16, 'Buen Estado', 'Tiene', 'Moulo de Grabacion', 'Graba', 'HDD', '1 Tb', 'WX62A44A9308', 'Completo', 'Funciona', 'Funciona', 'Funciona', 'Funciona', 'Funciona', 'Funciona', 'Funciona', 'Funciona', 'Funciona', 'Funciona', 'Funciona', 'Funciona', 'Funciona', 'Funciona', 'Sana', 'Sana', 'Sana', 'Sana', 'Sana', 'CAJA NEGRA ESTA EN LA BAULERA EXTERNA DEL BUS ALADO DEL INVERSOR  / BUS PARADO POR MANTENIMIENTO', '2017-09-25 18:53:00'),
(140, 118, 7, 6, 'Buen Estado', 'Tiene', 'Ambos moulos', 'Bus sin energia', 'HDD', '1 Tb', 'WXW1E64RY6A2', 'Completo', 'Funciona', 'Funciona', 'Funciona', 'Funciona', 'Funciona', 'Funciona', 'Funciona', 'Funciona', 'Funciona', 'Funciona', 'Funciona', 'Funciona', 'Funciona', 'Funciona', 'Sana', 'Sana', 'Sana', 'Sana', 'Sana', '', '2017-09-25 19:12:00'),
(147, 107, 7, 20, 'Buen Estado', 'Tiene', 'Ambos moulos', 'Graba', 'HDD', '1 Tb', 'WXW1E64YE3ZU', '2', 'Funciona', 'Funciona', 'Funciona', 'Funciona', 'Funciona', 'Funciona', 'Funciona', 'Funciona', 'Funciona', 'Funciona', 'Funciona', 'Funciona', 'Funciona', 'Funciona', 'Sana', 'Sana', 'Sana', 'Sana', 'Sana', '', '2017-09-25 19:47:00'),
(148, 74, 7, 20, 'Buen Estado', 'Tiene', 'Ambos moulos', 'Bus sin energia', 'HDD', '1 Tb', 'WX71A44A3535', '3', 'Funciona', 'Funciona', 'Funciona', 'Funciona', 'Funciona', 'Funciona', 'Funciona', 'Funciona', 'Funciona', 'Funciona', 'Funciona', 'Funciona', 'Funciona', 'Funciona', 'Sana', 'Sana', 'Sana', 'Sana', 'Sana', '', '2017-09-25 20:23:00'),
(149, 77, 2, 6, 'Buen Estado', 'Tiene', 'Ambos moulos', 'Graba', 'HDD', '1 Tb', 'WXW1E64Z54F6', '1', 'Funciona', 'Funciona', 'Funciona', 'Funciona', 'Funciona', 'Funciona', 'Funciona', 'Funciona', 'Funciona', 'Funciona', 'Funciona', 'Funciona', 'Funciona', 'Funciona', 'Sana', 'Sana', 'Sana', 'Sana', 'Sana', 'COVIMOTORS PARADO POR ARREGLO DE CAJA ZF', '2017-09-25 20:51:00'),
(150, 126, 2, 6, 'Buen Estado', 'Tiene', 'Ambos moulos', 'Graba', 'HDD', '1 Tb', 'WXD1E6457MXT', 'Completo', 'Funciona', 'Funciona', 'Funciona', 'Funciona', 'Funciona', 'Funciona', 'Funciona', 'Funciona', 'Funciona', 'Funciona', 'Funciona', 'Funciona', 'Funciona', 'Funciona', 'Sana', 'Sana', 'Sana', 'Sana', 'Sana', 'COVIMOTORS BUS PARADO POR ARREGLO DE CAJA ZF', '2017-09-25 21:18:00'),
(155, 31, 5, 2, 'No tiene', 'No tiene', 'No tiene', 'Bus sin energia', 'No tiene', 'Otro', '', 'Completo', 'No tiene', 'No funciona', 'No funciona', 'No funciona', 'No funciona', 'No funciona', 'No funciona', 'No funciona', 'No funciona', 'No funciona', 'No funciona', 'No funciona', 'No funciona', 'No funciona', 'No tiene', 'No tiene', 'Sana', 'Sana', 'Sana', 'no se verifico el sistema por falta de batería y  por mantenimiento', '2017-09-25 22:19:00'),
(156, 136, 5, 2, 'Buen Estado', 'Tiene', 'Moulo de Grabacion', 'Graba', 'HDD', '32 Gb', '', 'Completo', 'Funciona', 'Funciona', 'Funciona', 'Funciona', 'Funciona', 'Funciona', 'Funciona', 'Funciona', 'Funciona', 'Funciona', 'Funciona', 'Funciona', 'Funciona', 'Funciona', 'Sana', 'Sana', 'Sana', 'Sana', 'Sana', '', '2017-09-25 23:54:00'),
(157, 89, 2, 6, 'Buen Estado', 'Tiene', 'Ambos moulos', 'Graba', 'HDD', '1 Tb', 'WXW1E64MN9UR', 'Completo', 'Funciona', 'Funciona', 'Funciona', 'Funciona', 'Funciona', 'Funciona', 'Funciona', 'Funciona', 'Funciona', 'Funciona', 'Funciona', 'Funciona', 'Funciona', 'Funciona', 'Sana', 'Sana', 'Sana', 'Sana', 'Sana', 'COVIMOTORS BUS PARADO POR MANTENIMIENTO DE CAJA ZF', '2017-09-26 09:37:00'),
(158, 105, 3, 18, 'Buen Estado', 'Tiene', 'Moulo de Grabacion', 'Graba', 'HDD', '1 Tb', 'WXK1E64FEJ85', '2', 'Funciona', 'Funciona', 'Funciona', 'Funciona', 'Funciona', 'Funciona', 'Funciona', 'Funciona', 'Funciona', 'Funciona', 'Funciona', 'Funciona', 'Funciona', 'Funciona', 'Sana', 'Sana', 'Sana', 'Sana', 'Sana', '', '2017-09-26 12:30:00'),
(159, 132, 1, 3, 'Buen Estado', 'Tiene', 'Moulo de Grabacion', 'Graba', 'HDD', '1 Tb', 'WXW1E64SCMTD', 'Completo', 'No funciona', 'Funciona', 'Funciona', 'Funciona', 'Funciona', 'Funciona', 'Funciona', 'Funciona', 'Funciona', 'Funciona', 'Funciona', 'Funciona', 'Funciona', 'Funciona', 'Sana', 'Sana', 'Sana', 'Sana', 'Sana', '', '2017-09-26 14:11:00');

-- --------------------------------------------------------

--
-- Estructura de tabla para la tabla `usuario`
--

CREATE TABLE `usuario` (
  `idusuario` int(11) NOT NULL,
  `cod_user` varchar(45) DEFAULT NULL,
  `roles_idroles` int(11) NOT NULL,
  `nombre` varchar(45) NOT NULL,
  `paterno` varchar(45) DEFAULT NULL,
  `materno` varchar(45) DEFAULT NULL,
  `ci` varchar(45) NOT NULL,
  `pass` varchar(70) DEFAULT NULL
) ENGINE=InnoDB DEFAULT CHARSET=utf8;

--
-- Volcado de datos para la tabla `usuario`
--

INSERT INTO `usuario` (`idusuario`, `cod_user`, `roles_idroles`, `nombre`, `paterno`, `materno`, `ci`, `pass`) VALUES
(1, 'sjm-ticp', 3, 'Santos', 'Jahuira', 'Mendoza', '6179677', '123'),
(2, 'maot-ticp', 3, 'Marcela Adriana', 'Ontiveros', 'Teran', '6062128', '1234'),
(3, 'VHRM-TICP', 3, 'Victor Hugo', 'Romero', 'Morante', '4759420', '4759420'),
(4, 'ECRS-TICP', 3, 'Edgar Christian', 'Ramallo', 'Sosa', '5954445', '5954445'),
(5, 'RCMM-TICP', 3, 'Roberto Carlos', 'Mamani', 'Mamani', '6156563', '6156563'),
(6, 'GJLA-TICP', 3, 'Gonzalo Javier', 'Laura', 'Aliaga', '6851756', '6851756'),
(7, 'HRDS-TICP', 3, 'Harol Rodrigo', 'de la Quintana', 'Salas', '3357260', '3357260'),
(8, 'DEQA-TICP', 3, 'David Edwin', 'Quispe', 'Ayala', '4376273', '4376273'),
(9, 'RYT-TICP', 3, 'Romer', 'Yujra', 'Tucupa', '8327954', '8327954'),
(10, 'IBF-TICP', 3, 'Israel', 'Burgoa', 'Foronda', '7051068', '7051068'),
(11, 'JEAT-TICP', 3, 'Jorge Efrain', 'Aguilar', 'Ticona', '6137907', '6137907'),
(14, 'EMR-TICP', 3, 'Ever', 'Mamani', 'Ramos', '6950177', '6950177'),
(15, 'DCM-TICP', 3, 'David', 'Condori', 'Mamani', '7061438', '7061438'),
(16, 'ESTG-TICP', 3, 'Ewin Santos', 'Tinta', 'Gomez', '6752755', '6752755'),
(17, 'EACQ-TICP', 3, 'Edwin Alex', 'Calle', 'Quispe', '8323522', '8323522'),
(18, 'RRP-TICP', 3, 'Rogelio', 'Rodriguez', 'Porto', '4763706', '4763706'),
(19, 'IHRM-TICP', 3, 'Ivan Hugo', 'Rodriguez', ' Mamani', '4749985', '4749985'),
(20, 'JDLY-TICP', 3, 'Josue David', 'Loza', 'Yujra', '6729649', '6729649');

--
-- Índices para tablas volcadas
--

--
-- Indices de la tabla `acceso`
--
ALTER TABLE `acceso`
  ADD PRIMARY KEY (`idacceso`),
  ADD KEY `fk_acceso_bus1_idx` (`bus_idbus`),
  ADD KEY `fk_acceso_instalacion1_idx` (`instalacion_idinstalacion`),
  ADD KEY `fk_acceso_usuario1_idx` (`usuario_idusuario`);

--
-- Indices de la tabla `audiovisual`
--
ALTER TABLE `audiovisual`
  ADD PRIMARY KEY (`idaudiovisual`),
  ADD KEY `fk_audiovisual_bus1_idx` (`bus_idbus`),
  ADD KEY `fk_audiovisual_instalacion1_idx` (`instalacion_idinstalacion`),
  ADD KEY `fk_audiovisual_usuario1_idx` (`usuario_idusuario`);

--
-- Indices de la tabla `bus`
--
ALTER TABLE `bus`
  ADD PRIMARY KEY (`idbus`);

--
-- Indices de la tabla `cobro`
--
ALTER TABLE `cobro`
  ADD PRIMARY KEY (`idcobro`),
  ADD KEY `fk_cobro_bus1_idx` (`bus_idbus`),
  ADD KEY `fk_cobro_instalacion1_idx` (`instalacion_idinstalacion`),
  ADD KEY `fk_cobro_usuario1_idx` (`usuario_idusuario`);

--
-- Indices de la tabla `electrico`
--
ALTER TABLE `electrico`
  ADD PRIMARY KEY (`idelectrico`),
  ADD KEY `fk_electrico_bus1_idx` (`bus_idbus`),
  ADD KEY `fk_electrico_instalacion1_idx` (`instalacion_idinstalacion`),
  ADD KEY `fk_electrico_usuario1_idx` (`usuario_idusuario`);

--
-- Indices de la tabla `geolocalizacion`
--
ALTER TABLE `geolocalizacion`
  ADD PRIMARY KEY (`idgeolocalizacion`),
  ADD KEY `fk_geolocalizacion_bus1_idx` (`bus_idbus`),
  ADD KEY `fk_geolocalizacion_instalacion1_idx` (`instalacion_idinstalacion`),
  ADD KEY `fk_geolocalizacion_usuario1_idx` (`usuario_idusuario`);

--
-- Indices de la tabla `instalacion`
--
ALTER TABLE `instalacion`
  ADD PRIMARY KEY (`idinstalacion`);

--
-- Indices de la tabla `internet`
--
ALTER TABLE `internet`
  ADD PRIMARY KEY (`idInternet`),
  ADD KEY `fk_Internet_usuario1_idx` (`usuario_idusuario`),
  ADD KEY `fk_Internet_instalacion1_idx` (`instalacion_idinstalacion`),
  ADD KEY `fk_Internet_bus1_idx` (`bus_idbus`);

--
-- Indices de la tabla `roles`
--
ALTER TABLE `roles`
  ADD PRIMARY KEY (`idroles`);

--
-- Indices de la tabla `seguridad`
--
ALTER TABLE `seguridad`
  ADD PRIMARY KEY (`idseguridad`),
  ADD KEY `fk_seguridad_usuario1_idx` (`usuario_idusuario`),
  ADD KEY `fk_seguridad_bus1_idx` (`bus_idbus`),
  ADD KEY `fk_seguridad_instalacion1_idx` (`instalacion_idinstalacion`);

--
-- Indices de la tabla `usuario`
--
ALTER TABLE `usuario`
  ADD PRIMARY KEY (`idusuario`),
  ADD KEY `fk_usuario_roles_idx` (`roles_idroles`);

--
-- AUTO_INCREMENT de las tablas volcadas
--

--
-- AUTO_INCREMENT de la tabla `acceso`
--
ALTER TABLE `acceso`
  MODIFY `idacceso` int(11) NOT NULL AUTO_INCREMENT, AUTO_INCREMENT=176;
--
-- AUTO_INCREMENT de la tabla `audiovisual`
--
ALTER TABLE `audiovisual`
  MODIFY `idaudiovisual` int(11) NOT NULL AUTO_INCREMENT, AUTO_INCREMENT=156;
--
-- AUTO_INCREMENT de la tabla `bus`
--
ALTER TABLE `bus`
  MODIFY `idbus` int(11) NOT NULL AUTO_INCREMENT, AUTO_INCREMENT=142;
--
-- AUTO_INCREMENT de la tabla `cobro`
--
ALTER TABLE `cobro`
  MODIFY `idcobro` int(11) NOT NULL AUTO_INCREMENT, AUTO_INCREMENT=157;
--
-- AUTO_INCREMENT de la tabla `electrico`
--
ALTER TABLE `electrico`
  MODIFY `idelectrico` int(11) NOT NULL AUTO_INCREMENT, AUTO_INCREMENT=152;
--
-- AUTO_INCREMENT de la tabla `geolocalizacion`
--
ALTER TABLE `geolocalizacion`
  MODIFY `idgeolocalizacion` int(11) NOT NULL AUTO_INCREMENT, AUTO_INCREMENT=158;
--
-- AUTO_INCREMENT de la tabla `instalacion`
--
ALTER TABLE `instalacion`
  MODIFY `idinstalacion` int(11) NOT NULL AUTO_INCREMENT, AUTO_INCREMENT=9;
--
-- AUTO_INCREMENT de la tabla `internet`
--
ALTER TABLE `internet`
  MODIFY `idInternet` int(11) NOT NULL AUTO_INCREMENT, AUTO_INCREMENT=155;
--
-- AUTO_INCREMENT de la tabla `roles`
--
ALTER TABLE `roles`
  MODIFY `idroles` int(11) NOT NULL AUTO_INCREMENT, AUTO_INCREMENT=4;
--
-- AUTO_INCREMENT de la tabla `seguridad`
--
ALTER TABLE `seguridad`
  MODIFY `idseguridad` int(11) NOT NULL AUTO_INCREMENT, AUTO_INCREMENT=160;
--
-- AUTO_INCREMENT de la tabla `usuario`
--
ALTER TABLE `usuario`
  MODIFY `idusuario` int(11) NOT NULL AUTO_INCREMENT, AUTO_INCREMENT=21;
--
-- Restricciones para tablas volcadas
--

--
-- Filtros para la tabla `acceso`
--
ALTER TABLE `acceso`
  ADD CONSTRAINT `fk_acceso_bus1` FOREIGN KEY (`bus_idbus`) REFERENCES `bus` (`idbus`) ON DELETE NO ACTION ON UPDATE NO ACTION,
  ADD CONSTRAINT `fk_acceso_instalacion1` FOREIGN KEY (`instalacion_idinstalacion`) REFERENCES `instalacion` (`idinstalacion`) ON DELETE NO ACTION ON UPDATE NO ACTION,
  ADD CONSTRAINT `fk_acceso_usuario1` FOREIGN KEY (`usuario_idusuario`) REFERENCES `usuario` (`idusuario`) ON DELETE NO ACTION ON UPDATE NO ACTION;

--
-- Filtros para la tabla `audiovisual`
--
ALTER TABLE `audiovisual`
  ADD CONSTRAINT `fk_audiovisual_bus1` FOREIGN KEY (`bus_idbus`) REFERENCES `bus` (`idbus`) ON DELETE NO ACTION ON UPDATE NO ACTION,
  ADD CONSTRAINT `fk_audiovisual_instalacion1` FOREIGN KEY (`instalacion_idinstalacion`) REFERENCES `instalacion` (`idinstalacion`) ON DELETE NO ACTION ON UPDATE NO ACTION,
  ADD CONSTRAINT `fk_audiovisual_usuario1` FOREIGN KEY (`usuario_idusuario`) REFERENCES `usuario` (`idusuario`) ON DELETE NO ACTION ON UPDATE NO ACTION;

--
-- Filtros para la tabla `cobro`
--
ALTER TABLE `cobro`
  ADD CONSTRAINT `fk_cobro_bus1` FOREIGN KEY (`bus_idbus`) REFERENCES `bus` (`idbus`) ON DELETE NO ACTION ON UPDATE NO ACTION,
  ADD CONSTRAINT `fk_cobro_instalacion1` FOREIGN KEY (`instalacion_idinstalacion`) REFERENCES `instalacion` (`idinstalacion`) ON DELETE NO ACTION ON UPDATE NO ACTION,
  ADD CONSTRAINT `fk_cobro_usuario1` FOREIGN KEY (`usuario_idusuario`) REFERENCES `usuario` (`idusuario`) ON DELETE NO ACTION ON UPDATE NO ACTION;

--
-- Filtros para la tabla `electrico`
--
ALTER TABLE `electrico`
  ADD CONSTRAINT `fk_electrico_bus1` FOREIGN KEY (`bus_idbus`) REFERENCES `bus` (`idbus`) ON DELETE NO ACTION ON UPDATE NO ACTION,
  ADD CONSTRAINT `fk_electrico_instalacion1` FOREIGN KEY (`instalacion_idinstalacion`) REFERENCES `instalacion` (`idinstalacion`) ON DELETE NO ACTION ON UPDATE NO ACTION,
  ADD CONSTRAINT `fk_electrico_usuario1` FOREIGN KEY (`usuario_idusuario`) REFERENCES `usuario` (`idusuario`) ON DELETE NO ACTION ON UPDATE NO ACTION;

--
-- Filtros para la tabla `geolocalizacion`
--
ALTER TABLE `geolocalizacion`
  ADD CONSTRAINT `fk_geolocalizacion_bus1` FOREIGN KEY (`bus_idbus`) REFERENCES `bus` (`idbus`) ON DELETE NO ACTION ON UPDATE NO ACTION,
  ADD CONSTRAINT `fk_geolocalizacion_instalacion1` FOREIGN KEY (`instalacion_idinstalacion`) REFERENCES `instalacion` (`idinstalacion`) ON DELETE NO ACTION ON UPDATE NO ACTION,
  ADD CONSTRAINT `fk_geolocalizacion_usuario1` FOREIGN KEY (`usuario_idusuario`) REFERENCES `usuario` (`idusuario`) ON DELETE NO ACTION ON UPDATE NO ACTION;

--
-- Filtros para la tabla `internet`
--
ALTER TABLE `internet`
  ADD CONSTRAINT `fk_Internet_bus1` FOREIGN KEY (`bus_idbus`) REFERENCES `bus` (`idbus`) ON DELETE NO ACTION ON UPDATE NO ACTION,
  ADD CONSTRAINT `fk_Internet_instalacion1` FOREIGN KEY (`instalacion_idinstalacion`) REFERENCES `instalacion` (`idinstalacion`) ON DELETE NO ACTION ON UPDATE NO ACTION,
  ADD CONSTRAINT `fk_Internet_usuario1` FOREIGN KEY (`usuario_idusuario`) REFERENCES `usuario` (`idusuario`) ON DELETE NO ACTION ON UPDATE NO ACTION;

--
-- Filtros para la tabla `seguridad`
--
ALTER TABLE `seguridad`
  ADD CONSTRAINT `fk_seguridad_bus1` FOREIGN KEY (`bus_idbus`) REFERENCES `bus` (`idbus`) ON DELETE NO ACTION ON UPDATE NO ACTION,
  ADD CONSTRAINT `fk_seguridad_instalacion1` FOREIGN KEY (`instalacion_idinstalacion`) REFERENCES `instalacion` (`idinstalacion`) ON DELETE NO ACTION ON UPDATE NO ACTION,
  ADD CONSTRAINT `fk_seguridad_usuario1` FOREIGN KEY (`usuario_idusuario`) REFERENCES `usuario` (`idusuario`) ON DELETE NO ACTION ON UPDATE NO ACTION;

--
-- Filtros para la tabla `usuario`
--
ALTER TABLE `usuario`
  ADD CONSTRAINT `fk_usuario_roles` FOREIGN KEY (`roles_idroles`) REFERENCES `roles` (`idroles`) ON DELETE NO ACTION ON UPDATE NO ACTION;

/*!40101 SET CHARACTER_SET_CLIENT=@OLD_CHARACTER_SET_CLIENT */;
/*!40101 SET CHARACTER_SET_RESULTS=@OLD_CHARACTER_SET_RESULTS */;
/*!40101 SET COLLATION_CONNECTION=@OLD_COLLATION_CONNECTION */;
